0.016962,0.13051,0.084569,0.017058,0.11383,0.073841,0.017042,0.098691,0.072899,0.017056,0.089621,0.056799,0.016708,0.078027,0.047233,0.01667,0.066163,0.037744,0.016886,0.053662,0.033048,0.017053,0.045092,0.022745,0.017056,0.037326,0.019683,0.01706,0.02914,0.018022
0.017046,0.13085,0.084425,0.017143,0.11414,0.073703,0.017127,0.099025,0.072795,0.017141,0.089867,0.056683,0.016792,0.078227,0.047128,0.016753,0.066319,0.037652,0.01697,0.053805,0.032976,0.017138,0.045179,0.022681,0.017141,0.037403,0.019629,0.017145,0.029217,0.017983
0.017131,0.13118,0.084281,0.017228,0.11445,0.073564,0.017212,0.099357,0.072691,0.017227,0.090112,0.056565,0.016876,0.078426,0.047022,0.016837,0.066473,0.03756,0.017055,0.053947,0.032903,0.017223,0.045266,0.022616,0.017226,0.03748,0.019576,0.017231,0.029294,0.017944
0.017217,0.13151,0.084135,0.017314,0.11476,0.073425,0.017298,0.099689,0.072585,0.017313,0.090357,0.056447,0.01696,0.078624,0.046916,0.016921,0.066626,0.037467,0.01714,0.054088,0.03283,0.017309,0.045352,0.022551,0.017312,0.037557,0.019522,0.017317,0.02937,0.017905
0.017303,0.13184,0.08399,0.017401,0.11506,0.073284,0.017385,0.10002,0.072478,0.017399,0.0906,0.056327,0.017045,0.078821,0.046809,0.017006,0.066779,0.037374,0.017226,0.054229,0.032757,0.017395,0.045438,0.022486,0.017398,0.037633,0.019469,0.017403,0.029446,0.017865
0.017389,0.13217,0.083843,0.017488,0.11537,0.073143,0.017471,0.10035,0.072369,0.017486,0.090842,0.056208,0.01713,0.079017,0.046702,0.017091,0.06693,0.03728,0.017312,0.054369,0.032683,0.017482,0.045524,0.02242,0.017485,0.037709,0.019415,0.01749,0.029522,0.017826
0.017476,0.1325,0.083696,0.017575,0.11567,0.073,0.017558,0.10068,0.072259,0.017573,0.091083,0.056087,0.017216,0.079212,0.046595,0.017177,0.067081,0.037187,0.017399,0.054508,0.032609,0.017569,0.045608,0.022355,0.017572,0.037785,0.019361,0.017577,0.029598,0.017786
0.017563,0.13282,0.083548,0.017662,0.11598,0.072857,0.017646,0.101,0.072148,0.017661,0.091323,0.055965,0.017302,0.079406,0.046486,0.017263,0.067231,0.037093,0.017485,0.054647,0.032534,0.017657,0.045692,0.022289,0.01766,0.03786,0.019307,0.017665,0.029673,0.017746
0.017651,0.13315,0.083399,0.017751,0.11628,0.072713,0.017734,0.10133,0.072036,0.017749,0.091561,0.055843,0.017388,0.079599,0.046378,0.017349,0.067381,0.036998,0.017573,0.054785,0.032459,0.017745,0.045776,0.022224,0.017748,0.037934,0.019252,0.017753,0.029747,0.017706
0.017739,0.13347,0.08325,0.017839,0.11658,0.072568,0.017823,0.10166,0.071922,0.017838,0.091799,0.055721,0.017475,0.079792,0.046268,0.017436,0.067529,0.036904,0.017661,0.054922,0.032383,0.017834,0.045859,0.022158,0.017837,0.038008,0.019198,0.017841,0.029821,0.017665
0.017828,0.13379,0.0831,0.017928,0.11688,0.072423,0.017911,0.10198,0.071808,0.017926,0.092035,0.055597,0.017563,0.079983,0.046159,0.017523,0.067677,0.036809,0.017749,0.055059,0.032307,0.017923,0.045942,0.022092,0.017926,0.038082,0.019144,0.01793,0.029895,0.017625
0.017917,0.13411,0.082949,0.018018,0.11717,0.072277,0.018001,0.1023,0.071692,0.018016,0.092271,0.055473,0.017651,0.080173,0.046048,0.017611,0.067824,0.036713,0.017837,0.055195,0.032231,0.018012,0.046024,0.022027,0.018015,0.038155,0.019089,0.01802,0.029969,0.017584
0.018006,0.13443,0.082798,0.018107,0.11747,0.072129,0.018091,0.10262,0.071574,0.018106,0.092505,0.055348,0.017739,0.080362,0.045938,0.017699,0.06797,0.036618,0.017927,0.05533,0.032154,0.018102,0.046106,0.021961,0.018105,0.038228,0.019035,0.01811,0.030042,0.017543
0.018096,0.13475,0.082647,0.018198,0.11776,0.071982,0.018181,0.10294,0.071456,0.018196,0.092738,0.055223,0.017828,0.08055,0.045827,0.017787,0.068115,0.036522,0.018016,0.055465,0.032077,0.018192,0.046187,0.021895,0.018195,0.0383,0.01898,0.0182,0.030115,0.017502
0.018186,0.13506,0.082495,0.018289,0.11805,0.071833,0.018272,0.10326,0.071336,0.018287,0.09297,0.055097,0.017917,0.080737,0.045715,0.017877,0.068259,0.036426,0.018106,0.055598,0.032,0.018283,0.046267,0.021829,0.018286,0.038372,0.018925,0.018291,0.030187,0.01746
0.018277,0.13537,0.082342,0.01838,0.11835,0.071684,0.018363,0.10358,0.071216,0.018378,0.0932,0.05497,0.018007,0.080923,0.045603,0.017966,0.068402,0.036329,0.018197,0.055732,0.031922,0.018374,0.046347,0.021763,0.018377,0.038443,0.01887,0.018382,0.030259,0.017419
0.018368,0.13569,0.082189,0.018471,0.11864,0.071534,0.018454,0.1039,0.071094,0.01847,0.09343,0.054843,0.018097,0.081108,0.045491,0.018056,0.068545,0.036233,0.018287,0.055864,0.031844,0.018466,0.046427,0.021696,0.018469,0.038514,0.018815,0.018474,0.030331,0.017377
0.01846,0.136,0.082035,0.018564,0.11892,0.071383,0.018546,0.10421,0.070971,0.018562,0.093658,0.054715,0.018187,0.081292,0.045378,0.018146,0.068687,0.036136,0.018379,0.055996,0.031766,0.018558,0.046506,0.02163,0.018561,0.038584,0.01876,0.018566,0.030402,0.017335
0.018552,0.13631,0.081881,0.018656,0.11921,0.071232,0.018639,0.10453,0.070847,0.018655,0.093886,0.054586,0.018278,0.081476,0.045265,0.018237,0.068828,0.036039,0.018471,0.056127,0.031687,0.018651,0.046584,0.021564,0.018654,0.038654,0.018705,0.018659,0.030473,0.017293
0.018645,0.13661,0.081726,0.018749,0.1195,0.07108,0.018732,0.10484,0.070721,0.018748,0.094112,0.054457,0.01837,0.081658,0.045151,0.018328,0.068968,0.035941,0.018563,0.056257,0.031608,0.018744,0.046662,0.021498,0.018747,0.038724,0.01865,0.018752,0.030544,0.01725
0.018738,0.13692,0.081571,0.018843,0.11978,0.070927,0.018825,0.10515,0.070595,0.018841,0.094337,0.054327,0.018462,0.081839,0.045037,0.01842,0.069107,0.035844,0.018656,0.056387,0.031529,0.018837,0.04674,0.021431,0.01884,0.038793,0.018594,0.018845,0.030614,0.017208
0.018832,0.13722,0.081415,0.018937,0.12006,0.070774,0.018919,0.10546,0.070468,0.018935,0.09456,0.054197,0.018554,0.082019,0.044923,0.018512,0.069246,0.035746,0.018749,0.056516,0.031449,0.018931,0.046817,0.021365,0.018934,0.038862,0.018539,0.018939,0.030684,0.017165
0.018926,0.13752,0.081259,0.019031,0.12034,0.07062,0.019014,0.10577,0.070339,0.01903,0.094783,0.054066,0.018647,0.082198,0.044808,0.018605,0.069383,0.035648,0.018843,0.056645,0.031369,0.019026,0.046893,0.021298,0.019029,0.03893,0.018484,0.019034,0.030753,0.017123
0.01902,0.13782,0.081103,0.019126,0.12062,0.070466,0.019109,0.10608,0.070209,0.019125,0.095004,0.053935,0.01874,0.082376,0.044693,0.018698,0.06952,0.03555,0.018937,0.056772,0.031289,0.01912,0.046969,0.021232,0.019124,0.038998,0.018428,0.019129,0.030822,0.01708
0.019115,0.13812,0.080946,0.019222,0.1209,0.070311,0.019204,0.10639,0.070079,0.01922,0.095225,0.053803,0.018834,0.082553,0.044577,0.018792,0.069656,0.035451,0.019031,0.056899,0.031209,0.019216,0.047044,0.021165,0.019219,0.039065,0.018373,0.019224,0.030891,0.017037
0.01921,0.13842,0.080789,0.019317,0.12118,0.070155,0.0193,0.10669,0.069947,0.019316,0.095444,0.053671,0.018928,0.082729,0.044462,0.018886,0.069791,0.035353,0.019126,0.057025,0.031128,0.019312,0.047119,0.021099,0.019315,0.039132,0.018317,0.01932,0.030959,0.016993
0.019306,0.13872,0.080631,0.019414,0.12145,0.069999,0.019396,0.10699,0.069815,0.019412,0.095662,0.053538,0.019023,0.082904,0.044346,0.01898,0.069926,0.035254,0.019222,0.057151,0.031047,0.019408,0.047194,0.021032,0.019411,0.039199,0.018261,0.019416,0.031027,0.01695
0.019403,0.13901,0.080473,0.019511,0.12173,0.069842,0.019493,0.1073,0.069681,0.019509,0.095878,0.053404,0.019118,0.083078,0.044229,0.019075,0.070059,0.035155,0.019318,0.057276,0.030966,0.019505,0.047267,0.020966,0.019508,0.039265,0.018206,0.019513,0.031095,0.016907
0.0195,0.1393,0.080315,0.019608,0.122,0.069685,0.01959,0.1076,0.069546,0.019606,0.096094,0.053271,0.019213,0.083251,0.044112,0.019171,0.070192,0.035056,0.019414,0.0574,0.030884,0.019602,0.047341,0.020899,0.019606,0.03933,0.01815,0.019611,0.031162,0.016863
0.019597,0.13959,0.080157,0.019706,0.12227,0.069527,0.019688,0.1079,0.069411,0.019704,0.096308,0.053136,0.01931,0.083423,0.043995,0.019266,0.070324,0.034956,0.019511,0.057523,0.030802,0.0197,0.047414,0.020832,0.019703,0.039396,0.018094,0.019708,0.031229,0.016819
0.019695,0.13988,0.079998,0.019804,0.12254,0.069369,0.019786,0.1082,0.069274,0.019802,0.096521,0.053001,0.019406,0.083594,0.043878,0.019363,0.070455,0.034857,0.019609,0.057646,0.03072,0.019798,0.047486,0.020766,0.019802,0.03946,0.018039,0.019807,0.031295,0.016775
0.019793,0.14017,0.079839,0.019903,0.12281,0.06921,0.019885,0.1085,0.069137,0.019901,0.096733,0.052866,0.019503,0.083765,0.043761,0.01946,0.070585,0.034757,0.019707,0.057768,0.030638,0.019897,0.047558,0.020699,0.0199,0.039525,0.017983,0.019905,0.031361,0.016731
0.019892,0.14046,0.079679,0.020002,0.12307,0.069051,0.019984,0.10879,0.068998,0.02,0.096944,0.052731,0.019601,0.083934,0.043643,0.019557,0.070715,0.034658,0.019805,0.057889,0.030556,0.019996,0.047629,0.020633,0.02,0.039589,0.017927,0.020005,0.031427,0.016687
0.019991,0.14074,0.07952,0.020102,0.12334,0.068891,0.020084,0.10909,0.068859,0.0201,0.097154,0.052595,0.019699,0.084102,0.043525,0.019655,0.070843,0.034558,0.019904,0.05801,0.030473,0.020096,0.0477,0.020566,0.020099,0.039652,0.017871,0.020105,0.031492,0.016643
0.020091,0.14103,0.07936,0.020202,0.1236,0.068731,0.020184,0.10938,0.068719,0.020201,0.097362,0.052458,0.019797,0.084269,0.043406,0.019753,0.070971,0.034458,0.020004,0.05813,0.03039,0.020196,0.047771,0.020499,0.0202,0.039715,0.017815,0.020205,0.031557,0.016599
0.020191,0.14131,0.0792,0.020303,0.12386,0.068571,0.020285,0.10967,0.068578,0.020301,0.09757,0.052321,0.019897,0.084435,0.043288,0.019852,0.071098,0.034358,0.020104,0.058249,0.030307,0.020297,0.04784,0.020433,0.0203,0.039778,0.017759,0.020306,0.031621,0.016554
0.020292,0.14159,0.07904,0.020404,0.12412,0.06841,0.020386,0.10996,0.068436,0.020403,0.097776,0.052184,0.019996,0.0846,0.043169,0.019952,0.071224,0.034258,0.020204,0.058368,0.030223,0.020398,0.04791,0.020366,0.020402,0.03984,0.017703,0.020407,0.031685,0.01651
0.020393,0.14187,0.078879,0.020506,0.12438,0.068249,0.020487,0.11025,0.068293,0.020504,0.097981,0.052046,0.020096,0.084764,0.04305,0.020051,0.07135,0.034157,0.020305,0.058486,0.03014,0.0205,0.047979,0.0203,0.020504,0.039902,0.017648,0.020509,0.031749,0.016465
0.020495,0.14214,0.078719,0.020608,0.12464,0.068087,0.02059,0.11054,0.06815,0.020607,0.098184,0.051908,0.020197,0.084927,0.04293,0.020152,0.071474,0.034057,0.020406,0.058603,0.030056,0.020602,0.048047,0.020233,0.020606,0.039963,0.017592,0.020611,0.031812,0.01642
0.020598,0.14242,0.078558,0.020711,0.1249,0.067925,0.020692,0.11083,0.068005,0.020709,0.098387,0.05177,0.020298,0.085089,0.042811,0.020253,0.071598,0.033956,0.020508,0.058719,0.029972,0.020705,0.048115,0.020167,0.020709,0.040024,0.017536,0.020714,0.031875,0.016375
0.0207,0.14269,0.078397,0.020815,0.12515,0.067763,0.020796,0.11111,0.06786,0.020813,0.098588,0.051631,0.020399,0.08525,0.042691,0.020354,0.071721,0.033856,0.020611,0.058835,0.029888,0.020808,0.048183,0.0201,0.020812,0.040085,0.01748,0.020817,0.031938,0.01633
0.020804,0.14296,0.078236,0.020918,0.1254,0.0676,0.020899,0.1114,0.067714,0.020917,0.098789,0.051492,0.020501,0.08541,0.042571,0.020456,0.071843,0.033755,0.020714,0.05895,0.029804,0.020912,0.04825,0.020034,0.020916,0.040145,0.017424,0.020921,0.032,0.016285
0.020908,0.14323,0.078075,0.021023,0.12566,0.067437,0.021004,0.11168,0.067567,0.021021,0.098988,0.051353,0.020604,0.085569,0.042451,0.020558,0.071964,0.033654,0.020817,0.059064,0.029719,0.021017,0.048316,0.019967,0.02102,0.040204,0.017368,0.021025,0.032062,0.01624
0.021012,0.1435,0.077914,0.021128,0.12591,0.067273,0.021108,0.11196,0.067419,0.021126,0.099186,0.051213,0.020707,0.085727,0.042331,0.020661,0.072085,0.033553,0.020921,0.059178,0.029635,0.021121,0.048382,0.019901,0.021125,0.040264,0.017312,0.02113,0.032124,0.016195
0.021117,0.14377,0.077753,0.021233,0.12615,0.06711,0.021214,0.11224,0.067271,0.021231,0.099382,0.051073,0.02081,0.085884,0.042211,0.020764,0.072205,0.033453,0.021026,0.059291,0.02955,0.021227,0.048448,0.019835,0.02123,0.040323,0.017256,0.021236,0.032185,0.01615
0.021222,0.14404,0.077592,0.021339,0.1264,0.066946,0.02132,0.11252,0.067122,0.021337,0.099578,0.050933,0.020915,0.08604,0.04209,0.020868,0.072323,0.033352,0.021131,0.059403,0.029465,0.021333,0.048513,0.019768,0.021336,0.040381,0.0172,0.021342,0.032245,0.016104
0.021328,0.1443,0.07743,0.021445,0.12665,0.066782,0.021426,0.1128,0.066972,0.021444,0.099772,0.050793,0.021019,0.086195,0.041969,0.020973,0.072442,0.033251,0.021236,0.059515,0.02938,0.021439,0.048577,0.019702,0.021443,0.040439,0.017144,0.021448,0.032306,0.016059
0.021435,0.14456,0.077269,0.021552,0.12689,0.066617,0.021533,0.11307,0.066822,0.02155,0.099965,0.050652,0.021124,0.086349,0.041848,0.021078,0.072559,0.03315,0.021342,0.059626,0.029295,0.021546,0.048641,0.019636,0.02155,0.040497,0.017089,0.021555,0.032366,0.016013
0.021542,0.14482,0.077107,0.02166,0.12713,0.066452,0.02164,0.11335,0.06667,0.021658,0.10016,0.050511,0.02123,0.086502,0.041727,0.021183,0.072676,0.033049,0.021449,0.059736,0.02921,0.021654,0.048705,0.01957,0.021657,0.040554,0.017033,0.021663,0.032425,0.015968
0.021649,0.14508,0.076946,0.021768,0.12738,0.066288,0.021748,0.11362,0.066518,0.021766,0.10035,0.050369,0.021336,0.086654,0.041606,0.021289,0.072791,0.032948,0.021556,0.059845,0.029124,0.021762,0.048768,0.019504,0.021765,0.040611,0.016977,0.021771,0.032485,0.015922
0.021757,0.14534,0.076785,0.021877,0.12762,0.066122,0.021857,0.11389,0.066366,0.021875,0.10054,0.050228,0.021443,0.086805,0.041485,0.021396,0.072906,0.032847,0.021664,0.059954,0.029039,0.02187,0.048831,0.019438,0.021874,0.040667,0.016921,0.021879,0.032543,0.015876
0.021866,0.1456,0.076623,0.021986,0.12785,0.065957,0.021966,0.11416,0.066213,0.021984,0.10073,0.050086,0.02155,0.086955,0.041364,0.021503,0.07302,0.032745,0.021772,0.060062,0.028953,0.021979,0.048893,0.019372,0.021983,0.040723,0.016866,0.021988,0.032602,0.015831
0.021975,0.14586,0.076462,0.022095,0.12809,0.065792,0.022075,0.11443,0.066059,0.022093,0.10091,0.049944,0.021658,0.087105,0.041242,0.02161,0.073134,0.032644,0.021881,0.06017,0.028867,0.022089,0.048955,0.019306,0.022093,0.040779,0.01681,0.022098,0.03266,0.015785
0.022085,0.14611,0.076301,0.022206,0.12833,0.065626,0.022186,0.1147,0.065904,0.022204,0.1011,0.049802,0.021766,0.087253,0.041121,0.021719,0.073247,0.032543,0.02199,0.060276,0.028781,0.022199,0.049016,0.01924,0.022203,0.040834,0.016754,0.022208,0.032718,0.015739
0.022195,0.14636,0.076139,0.022316,0.12856,0.06546,0.022296,0.11496,0.065749,0.022314,0.10128,0.049659,0.021875,0.0874,0.040999,0.021827,0.073358,0.032442,0.0221,0.060382,0.028695,0.02231,0.049077,0.019175,0.022313,0.040889,0.016699,0.022319,0.032775,0.015693
0.022306,0.14661,0.075978,0.022428,0.12879,0.065294,0.022407,0.11523,0.065593,0.022426,0.10147,0.049517,0.021985,0.087546,0.040878,0.021937,0.07347,0.032341,0.02221,0.060488,0.028609,0.022421,0.049138,0.019109,0.022425,0.040943,0.016643,0.02243,0.032832,0.015647
0.022417,0.14686,0.075817,0.02254,0.12902,0.065128,0.022519,0.11549,0.065437,0.022538,0.10165,0.049374,0.022095,0.087692,0.040756,0.022046,0.07358,0.03224,0.022321,0.060593,0.028523,0.022533,0.049198,0.019043,0.022537,0.040997,0.016587,0.022542,0.032889,0.015601
0.022529,0.14711,0.075656,0.022652,0.12925,0.064961,0.022632,0.11575,0.06528,0.02265,0.10183,0.049231,0.022205,0.087836,0.040634,0.022157,0.073689,0.032139,0.022433,0.060697,0.028437,0.022645,0.049257,0.018978,0.022649,0.041051,0.016532,0.022655,0.032945,0.015555
0.022642,0.14735,0.075496,0.022765,0.12948,0.064795,0.022745,0.11601,0.065123,0.022763,0.10201,0.049088,0.022316,0.087979,0.040512,0.022267,0.073798,0.032038,0.022545,0.0608,0.028351,0.022758,0.049316,0.018913,0.022762,0.041104,0.016477,0.022768,0.033001,0.015509
0.022755,0.1476,0.075335,0.022879,0.12971,0.064629,0.022858,0.11627,0.064965,0.022877,0.10219,0.048945,0.022428,0.088122,0.04039,0.022379,0.073906,0.031937,0.022657,0.060903,0.028264,0.022872,0.049375,0.018847,0.022876,0.041157,0.016421,0.022881,0.033057,0.015463
0.022868,0.14784,0.075174,0.022993,0.12994,0.064462,0.022972,0.11653,0.064807,0.022991,0.10237,0.048801,0.02254,0.088263,0.040269,0.022491,0.074013,0.031836,0.022771,0.061005,0.028178,0.022986,0.049433,0.018782,0.02299,0.041209,0.016366,0.022996,0.033112,0.015417
0.022982,0.14808,0.075014,0.023107,0.13016,0.064295,0.023087,0.11678,0.064648,0.023105,0.10255,0.048658,0.022653,0.088403,0.040147,0.022603,0.07412,0.031735,0.022884,0.061106,0.028091,0.023101,0.049491,0.018717,0.023104,0.041261,0.016311,0.02311,0.033167,0.015371
0.023097,0.14833,0.074854,0.023223,0.13038,0.064129,0.023202,0.11704,0.064488,0.023221,0.10272,0.048514,0.022766,0.088543,0.040025,0.022717,0.074226,0.031634,0.022999,0.061206,0.028005,0.023216,0.049548,0.018652,0.02322,0.041313,0.016255,0.023226,0.033221,0.015324
0.023212,0.14856,0.074694,0.023338,0.1306,0.063962,0.023318,0.11729,0.064328,0.023336,0.1029,0.04837,0.02288,0.088681,0.039903,0.02283,0.074331,0.031533,0.023114,0.061306,0.027918,0.023332,0.049605,0.018587,0.023336,0.041364,0.0162,0.023341,0.033275,0.015278
0.023328,0.1488,0.074534,0.023455,0.13082,0.063795,0.023434,0.11754,0.064168,0.023453,0.10307,0.048227,0.022995,0.088819,0.039781,0.022945,0.074435,0.031433,0.023229,0.061406,0.027832,0.023448,0.049662,0.018522,0.023452,0.041415,0.016145,0.023458,0.033329,0.015232
0.023445,0.14904,0.074374,0.023572,0.13104,0.063628,0.023551,0.11779,0.064007,0.02357,0.10324,0.048083,0.02311,0.088956,0.039659,0.023059,0.074538,0.031332,0.023345,0.061504,0.027745,0.023565,0.049718,0.018457,0.023569,0.041465,0.01609,0.023575,0.033382,0.015186
0.023562,0.14927,0.074215,0.02369,0.13126,0.063461,0.023668,0.11804,0.063845,0.023687,0.10341,0.047939,0.023225,0.089092,0.039537,0.023175,0.074641,0.031231,0.023462,0.061602,0.027658,0.023683,0.049773,0.018393,0.023687,0.041516,0.016035,0.023692,0.033435,0.015139
0.02368,0.14951,0.074056,0.023808,0.13147,0.063294,0.023786,0.11829,0.063684,0.023806,0.10358,0.047794,0.023342,0.089226,0.039415,0.023291,0.074743,0.031131,0.023579,0.0617,0.027572,0.023801,0.049828,0.018328,0.023805,0.041565,0.015981,0.023811,0.033488,0.015093
0.023798,0.14974,0.073897,0.023926,0.13169,0.063127,0.023905,0.11853,0.063521,0.023924,0.10375,0.04765,0.023458,0.08936,0.039293,0.023407,0.074845,0.03103,0.023697,0.061796,0.027485,0.02392,0.049883,0.018264,0.023923,0.041615,0.015926,0.023929,0.03354,0.015047
0.023917,0.14997,0.073738,0.024046,0.1319,0.062961,0.024024,0.11878,0.063359,0.024044,0.10392,0.047506,0.023576,0.089493,0.039171,0.023524,0.074945,0.03093,0.023815,0.061892,0.027398,0.024039,0.049938,0.0182,0.024043,0.041664,0.015871,0.024049,0.033592,0.015001
0.024036,0.1502,0.07358,0.024166,0.13211,0.062794,0.024144,0.11902,0.063196,0.024164,0.10409,0.047362,0.023694,0.089625,0.039049,0.023642,0.075045,0.03083,0.023934,0.061988,0.027311,0.024159,0.049991,0.018136,0.024163,0.041712,0.015816,0.024169,0.033644,0.014954
0.024156,0.15042,0.073422,0.024286,0.13232,0.062627,0.024265,0.11926,0.063032,0.024284,0.10425,0.047217,0.023812,0.089756,0.038927,0.02376,0.075144,0.030729,0.024054,0.062082,0.027225,0.024279,0.050045,0.018071,0.024283,0.041761,0.015762,0.024289,0.033695,0.014908
0.024277,0.15065,0.073264,0.024407,0.13253,0.06246,0.024386,0.1195,0.062869,0.024405,0.10442,0.047073,0.023931,0.089886,0.038805,0.023879,0.075242,0.030629,0.024174,0.062176,0.027138,0.0244,0.050098,0.018008,0.024404,0.041808,0.015707,0.02441,0.033746,0.014862
0.024398,0.15087,0.073107,0.024529,0.13274,0.062294,0.024507,0.11974,0.062705,0.024527,0.10458,0.046929,0.024051,0.090016,0.038684,0.023999,0.07534,0.030529,0.024295,0.06227,0.027051,0.024522,0.050151,0.017944,0.024526,0.041856,0.015653,0.024532,0.033796,0.014816
0.02452,0.1511,0.072949,0.024652,0.13294,0.062127,0.02463,0.11998,0.06254,0.024649,0.10474,0.046784,0.024171,0.090144,0.038562,0.024119,0.075437,0.030429,0.024416,0.062362,0.026964,0.024644,0.050203,0.01788,0.024649,0.041903,0.015599,0.024655,0.033846,0.014769
0.024642,0.15132,0.072793,0.024775,0.13315,0.061961,0.024753,0.12022,0.062375,0.024772,0.1049,0.04664,0.024292,0.090271,0.03844,0.02424,0.075533,0.03033,0.024538,0.062454,0.026878,0.024767,0.050255,0.017816,0.024771,0.04195,0.015545,0.024778,0.033896,0.014723
0.024765,0.15154,0.072636,0.024898,0.13335,0.061794,0.024876,0.12045,0.06221,0.024896,0.10506,0.046496,0.024414,0.090398,0.038319,0.024361,0.075629,0.03023,0.02466,0.062546,0.026791,0.024891,0.050306,0.017753,0.024895,0.041996,0.015491,0.024901,0.033946,0.014677
0.024889,0.15176,0.07248,0.025022,0.13355,0.061628,0.025,0.12068,0.062045,0.02502,0.10522,0.046351,0.024536,0.090523,0.038198,0.024483,0.075723,0.03013,0.024784,0.062637,0.026704,0.025015,0.050357,0.01769,0.025019,0.042043,0.015437,0.025025,0.033995,0.014631
0.025013,0.15198,0.072324,0.025147,0.13375,0.061462,0.025125,0.12092,0.061879,0.025145,0.10538,0.046207,0.024659,0.090648,0.038076,0.024605,0.075817,0.030031,0.024907,0.062727,0.026618,0.02514,0.050408,0.017627,0.025144,0.042088,0.015383,0.02515,0.034043,0.014585
0.025138,0.15219,0.072169,0.025273,0.13395,0.061296,0.02525,0.12115,0.061713,0.02527,0.10554,0.046063,0.024782,0.090772,0.037955,0.024728,0.075911,0.029932,0.025032,0.062816,0.026531,0.025265,0.050458,0.017564,0.025269,0.042134,0.015329,0.025276,0.034092,0.014538
0.025263,0.15241,0.072014,0.025399,0.13415,0.06113,0.025376,0.12137,0.061547,0.025397,0.10569,0.045918,0.024906,0.090895,0.037834,0.024852,0.076004,0.029833,0.025157,0.062905,0.026444,0.025391,0.050508,0.017501,0.025396,0.042179,0.015275,0.025402,0.03414,0.014492
0.025389,0.15262,0.071859,0.025525,0.13435,0.060964,0.025503,0.1216,0.061381,0.025523,0.10585,0.045774,0.025031,0.091017,0.037713,0.024977,0.076096,0.029734,0.025283,0.062993,0.026358,0.025518,0.050557,0.017438,0.025522,0.042223,0.015222,0.025529,0.034188,0.014446
0.025516,0.15283,0.071705,0.025653,0.13454,0.060798,0.02563,0.12183,0.061214,0.025651,0.106,0.04563,0.025156,0.091138,0.037592,0.025102,0.076187,0.029635,0.025409,0.063081,0.026271,0.025645,0.050606,0.017375,0.02565,0.042268,0.015168,0.025656,0.034235,0.0144
0.025644,0.15305,0.071551,0.025781,0.13474,0.060633,0.025758,0.12205,0.061047,0.025779,0.10615,0.045486,0.025282,0.091258,0.037471,0.025227,0.076277,0.029536,0.025536,0.063168,0.026185,0.025773,0.050655,0.017313,0.025778,0.042312,0.015115,0.025784,0.034282,0.014354
0.025772,0.15326,0.071398,0.025909,0.13493,0.060468,0.025887,0.12228,0.06088,0.025907,0.1063,0.045342,0.025408,0.091377,0.03735,0.025353,0.076367,0.029438,0.025663,0.063254,0.026099,0.025902,0.050703,0.017251,0.025906,0.042355,0.015061,0.025912,0.034329,0.014308
0.0259,0.15346,0.071245,0.026039,0.13512,0.060302,0.026016,0.1225,0.060713,0.026036,0.10645,0.045198,0.025535,0.091496,0.03723,0.02548,0.076457,0.029339,0.025792,0.06334,0.026012,0.026031,0.050751,0.017188,0.026035,0.042399,0.015008,0.026042,0.034375,0.014262
0.026029,0.15367,0.071092,0.026168,0.13531,0.060138,0.026145,0.12272,0.060545,0.026166,0.1066,0.045054,0.025663,0.091613,0.037109,0.025608,0.076545,0.029241,0.02592,0.063425,0.025926,0.026161,0.050798,0.017126,0.026165,0.042441,0.014955,0.026172,0.034421,0.014216
0.026159,0.15388,0.07094,0.026299,0.1355,0.059973,0.026276,0.12294,0.060378,0.026297,0.10675,0.04491,0.025791,0.09173,0.036989,0.025736,0.076633,0.029143,0.02605,0.063509,0.02584,0.026291,0.050845,0.017064,0.026296,0.042484,0.014902,0.026302,0.034467,0.01417
0.02629,0.15408,0.070789,0.02643,0.13569,0.059808,0.026407,0.12316,0.06021,0.026428,0.1069,0.044766,0.02592,0.091846,0.036869,0.025865,0.07672,0.029045,0.02618,0.063593,0.025754,0.026423,0.050892,0.017003,0.026427,0.042526,0.014849,0.026433,0.034512,0.014124
0.026421,0.15428,0.070638,0.026562,0.13587,0.059644,0.026539,0.12337,0.060042,0.02656,0.10704,0.044623,0.02605,0.091961,0.036749,0.025994,0.076807,0.028947,0.026311,0.063677,0.025668,0.026554,0.050938,0.016941,0.026559,0.042568,0.014797,0.026565,0.034557,0.014079
0.026553,0.15449,0.070487,0.026695,0.13606,0.05948,0.026671,0.12359,0.059873,0.026692,0.10719,0.044479,0.02618,0.092075,0.036629,0.026124,0.076892,0.02885,0.026442,0.063759,0.025582,0.026687,0.050984,0.01688,0.026691,0.04261,0.014744,0.026698,0.034602,0.014033
0.026686,0.15469,0.070337,0.026828,0.13624,0.059316,0.026804,0.1238,0.059705,0.026825,0.10733,0.044336,0.026311,0.092188,0.03651,0.026255,0.076978,0.028752,0.026574,0.063841,0.025496,0.02682,0.05103,0.016818,0.026824,0.042651,0.014692,0.026831,0.034646,0.013987
0.026819,0.15489,0.070187,0.026962,0.13642,0.059153,0.026938,0.12401,0.059537,0.026959,0.10748,0.044192,0.026443,0.092301,0.03639,0.026386,0.077062,0.028655,0.026707,0.063923,0.02541,0.026954,0.051075,0.016757,0.026958,0.042692,0.014639,0.026965,0.034691,0.013941
0.026953,0.15509,0.070038,0.027096,0.1366,0.05899,0.027072,0.12422,0.059368,0.027094,0.10762,0.044049,0.026575,0.092413,0.036271,0.026518,0.077146,0.028558,0.02684,0.064004,0.025324,0.027088,0.05112,0.016696,0.027093,0.042733,0.014587,0.027099,0.034734,0.013896
0.027087,0.15528,0.06989,0.027231,0.13678,0.058827,0.027207,0.12443,0.0592,0.027229,0.10776,0.043906,0.026708,0.092523,0.036152,0.026651,0.077229,0.028461,0.026975,0.064084,0.025239,0.027223,0.051164,0.016636,0.027228,0.042773,0.014535,0.027235,0.034778,0.01385
0.027223,0.15548,0.069742,0.027367,0.13696,0.058664,0.027343,0.12464,0.059031,0.027365,0.1079,0.043764,0.026842,0.092633,0.036033,0.026785,0.077312,0.028365,0.027109,0.064163,0.025153,0.027359,0.051209,0.016575,0.027364,0.042813,0.014483,0.02737,0.034821,0.013805
0.027359,0.15567,0.069594,0.027504,0.13714,0.058502,0.02748,0.12485,0.058862,0.027501,0.10804,0.043621,0.026976,0.092742,0.035914,0.026919,0.077394,0.028268,0.027245,0.064242,0.025068,0.027496,0.051252,0.016515,0.0275,0.042853,0.014431,0.027507,0.034864,0.013759
0.027495,0.15587,0.069447,0.027641,0.13731,0.05834,0.027617,0.12505,0.058693,0.027638,0.10817,0.043478,0.027111,0.092851,0.035796,0.027053,0.077475,0.028172,0.027381,0.064321,0.024982,0.027633,0.051296,0.016454,0.027637,0.042892,0.014379,0.027644,0.034906,0.013714
0.027632,0.15606,0.069301,0.027779,0.13749,0.058178,0.027754,0.12526,0.058524,0.027776,0.10831,0.043336,0.027247,0.092958,0.035677,0.027189,0.077556,0.028076,0.027518,0.064399,0.024897,0.027771,0.051339,0.016394,0.027775,0.042931,0.014328,0.027782,0.034948,0.013669
0.02777,0.15625,0.069155,0.027917,0.13766,0.058016,0.027893,0.12546,0.058355,0.027915,0.10845,0.043194,0.027383,0.093065,0.035559,0.027325,0.077636,0.027981,0.027655,0.064476,0.024812,0.027909,0.051381,0.016334,0.027914,0.04297,0.014276,0.027921,0.03499,0.013623
0.027909,0.15644,0.06901,0.028057,0.13783,0.057855,0.028032,0.12566,0.058186,0.028054,0.10858,0.043052,0.02752,0.09317,0.035441,0.027461,0.077715,0.027885,0.027793,0.064553,0.024727,0.028049,0.051424,0.016274,0.028053,0.043008,0.014225,0.02806,0.035031,0.013578
0.028048,0.15663,0.068865,0.028196,0.138,0.057694,0.028172,0.12586,0.058017,0.028194,0.10871,0.04291,0.027658,0.093275,0.035323,0.027599,0.077794,0.02779,0.027932,0.064629,0.024642,0.028188,0.051466,0.016215,0.028193,0.043046,0.014174,0.0282,0.035073,0.013533
0.028188,0.15682,0.068721,0.028337,0.13817,0.057534,0.028313,0.12606,0.057848,0.028335,0.10885,0.042768,0.027796,0.09338,0.035206,0.027737,0.077872,0.027695,0.028072,0.064704,0.024558,0.028329,0.051507,0.016155,0.028334,0.043084,0.014123,0.028341,0.035113,0.013488
0.028329,0.157,0.068578,0.028478,0.13834,0.057374,0.028454,0.12626,0.057679,0.028476,0.10898,0.042627,0.027935,0.093483,0.035089,0.027876,0.07795,0.0276,0.028212,0.064779,0.024473,0.02847,0.051549,0.016096,0.028475,0.043121,0.014072,0.028482,0.035154,0.013443
0.028471,0.15719,0.068435,0.028621,0.13851,0.057214,0.028596,0.12645,0.05751,0.028618,0.10911,0.042486,0.028075,0.093586,0.034972,0.028015,0.078027,0.027505,0.028353,0.064854,0.024389,0.028612,0.051589,0.016037,0.028617,0.043158,0.014021,0.028624,0.035194,0.013398
0.028613,0.15737,0.068293,0.028763,0.13867,0.057055,0.028738,0.12665,0.057341,0.028761,0.10924,0.042345,0.028215,0.093687,0.034855,0.028156,0.078103,0.027411,0.028494,0.064927,0.024304,0.028755,0.05163,0.015978,0.02876,0.043195,0.01397,0.028767,0.035234,0.013354
0.028756,0.15755,0.068151,0.028907,0.13884,0.056896,0.028882,0.12684,0.057173,0.028904,0.10937,0.042204,0.028356,0.093788,0.034738,0.028296,0.078178,0.027316,0.028637,0.065001,0.02422,0.028899,0.05167,0.015919,0.028903,0.043232,0.01392,0.02891,0.035274,0.013309
0.028899,0.15774,0.068011,0.029051,0.139,0.056737,0.029026,0.12703,0.057004,0.029049,0.1095,0.042063,0.028498,0.093888,0.034622,0.028438,0.078254,0.027222,0.02878,0.065073,0.024136,0.029043,0.05171,0.015861,0.029047,0.043268,0.01387,0.029054,0.035313,0.013264
0.029043,0.15792,0.06787,0.029196,0.13917,0.056579,0.029171,0.12722,0.056835,0.029194,0.10962,0.041923,0.028641,0.093988,0.034506,0.02858,0.078328,0.027129,0.028924,0.065145,0.024052,0.029188,0.05175,0.015803,0.029192,0.043304,0.013819,0.029199,0.035352,0.01322
0.029188,0.1581,0.067731,0.029342,0.13933,0.056421,0.029316,0.12741,0.056666,0.029339,0.10975,0.041783,0.028784,0.094087,0.03439,0.028723,0.078402,0.027035,0.029068,0.065217,0.023969,0.029333,0.051789,0.015744,0.029338,0.043339,0.013769,0.029345,0.035391,0.013175
0.029334,0.15827,0.067592,0.029488,0.13949,0.056264,0.029462,0.1276,0.056497,0.029486,0.10987,0.041643,0.028928,0.094184,0.034275,0.028867,0.078475,0.026942,0.029213,0.065288,0.023885,0.02948,0.051828,0.015686,0.029484,0.043375,0.013719,0.029491,0.035429,0.013131
0.029481,0.15845,0.067453,0.029635,0.13965,0.056107,0.029609,0.12778,0.056329,0.029633,0.11,0.041504,0.029073,0.094282,0.034159,0.029012,0.078548,0.026849,0.029359,0.065359,0.023802,0.029627,0.051867,0.015629,0.029631,0.04341,0.01367,0.029639,0.035468,0.013086
0.029628,0.15863,0.067316,0.029783,0.1398,0.05595,0.029757,0.12797,0.05616,0.02978,0.11012,0.041364,0.029218,0.094378,0.034044,0.029157,0.07862,0.026756,0.029506,0.065428,0.023718,0.029775,0.051905,0.015571,0.029779,0.043445,0.01362,0.029786,0.035505,0.013042
0.029776,0.1588,0.067179,0.029931,0.13996,0.055794,0.029906,0.12815,0.055992,0.029929,0.11024,0.041225,0.029364,0.094473,0.03393,0.029303,0.078691,0.026664,0.029653,0.065498,0.023635,0.029923,0.051943,0.015513,0.029928,0.043479,0.013571,0.029935,0.035543,0.012998
0.029924,0.15898,0.067043,0.030081,0.14012,0.055638,0.030055,0.12834,0.055823,0.030078,0.11036,0.041086,0.029511,0.094568,0.033815,0.029449,0.078762,0.026572,0.029801,0.065567,0.023552,0.030072,0.05198,0.015456,0.030077,0.043513,0.013521,0.030084,0.03558,0.012954
0.030074,0.15915,0.066907,0.030231,0.14027,0.055483,0.030205,0.12852,0.055655,0.030228,0.11048,0.040948,0.029659,0.094662,0.033701,0.029597,0.078833,0.02648,0.02995,0.065635,0.023469,0.030222,0.052018,0.015399,0.030227,0.043547,0.013472,0.030234,0.035617,0.01291
0.030224,0.15932,0.066772,0.030382,0.14042,0.055328,0.030356,0.1287,0.055487,0.030379,0.1106,0.040809,0.029807,0.094756,0.033587,0.029745,0.078903,0.026388,0.0301,0.065703,0.023387,0.030373,0.052055,0.015342,0.030378,0.043581,0.013423,0.030385,0.035654,0.012866
0.030375,0.15949,0.066638,0.030533,0.14058,0.055173,0.030507,0.12888,0.055319,0.030531,0.11072,0.040671,0.029957,0.094848,0.033473,0.029894,0.078972,0.026297,0.03025,0.06577,0.023304,0.030525,0.052091,0.015286,0.030529,0.043614,0.013374,0.030537,0.03569,0.012823
0.030526,0.15966,0.066505,0.030686,0.14073,0.05502,0.030659,0.12905,0.055151,0.030683,0.11084,0.040534,0.030106,0.09494,0.03336,0.030043,0.07904,0.026205,0.030401,0.065836,0.023222,0.030677,0.052128,0.015229,0.030682,0.043647,0.013326,0.030689,0.035726,0.012779
0.030679,0.15983,0.066372,0.030839,0.14088,0.054866,0.030812,0.12923,0.054984,0.030836,0.11095,0.040396,0.030257,0.095031,0.033247,0.030194,0.079108,0.026115,0.030553,0.065903,0.02314,0.03083,0.052164,0.015173,0.030835,0.04368,0.013277,0.030842,0.035762,0.012735
0.030832,0.16,0.06624,0.030992,0.14103,0.054713,0.030966,0.12941,0.054816,0.03099,0.11107,0.040259,0.030408,0.095121,0.033134,0.030345,0.079176,0.026024,0.030706,0.065968,0.023058,0.030984,0.0522,0.015117,0.030989,0.043712,0.013229,0.030996,0.035798,0.012692
0.030986,0.16017,0.066109,0.031147,0.14117,0.054561,0.03112,0.12958,0.054649,0.031144,0.11118,0.040122,0.03056,0.095211,0.033022,0.030497,0.079243,0.025934,0.030859,0.066033,0.022976,0.031138,0.052235,0.015061,0.031143,0.043745,0.01318,0.031151,0.035833,0.012649
0.031141,0.16033,0.065978,0.031302,0.14132,0.054408,0.031276,0.12975,0.054482,0.0313,0.1113,0.039986,0.030713,0.0953,0.03291,0.030649,0.079309,0.025843,0.031013,0.066098,0.022895,0.031294,0.05227,0.015005,0.031299,0.043776,0.013132,0.031306,0.035868,0.012606
0.031296,0.1605,0.065849,0.031459,0.14147,0.054257,0.031432,0.12992,0.054315,0.031456,0.11141,0.039849,0.030867,0.095388,0.032798,0.030803,0.079375,0.025754,0.031168,0.066162,0.022813,0.03145,0.052305,0.01495,0.031455,0.043808,0.013085,0.031462,0.035902,0.012562
0.031452,0.16066,0.06572,0.031615,0.14161,0.054106,0.031588,0.13009,0.054148,0.031613,0.11152,0.039714,0.031021,0.095476,0.032686,0.030957,0.079441,0.025664,0.031324,0.066226,0.022732,0.031607,0.052339,0.014894,0.031612,0.04384,0.013037,0.031619,0.035937,0.012519
0.031609,0.16082,0.065592,0.031773,0.14175,0.053955,0.031746,0.13026,0.053982,0.031771,0.11163,0.039578,0.031177,0.095563,0.032575,0.031112,0.079505,0.025575,0.03148,0.066289,0.022651,0.031764,0.052374,0.014839,0.031769,0.043871,0.012989,0.031777,0.035971,0.012477
0.031767,0.16098,0.065464,0.031932,0.1419,0.053805,0.031904,0.13043,0.053815,0.031929,0.11174,0.039443,0.031333,0.095649,0.032464,0.031267,0.07957,0.025486,0.031638,0.066351,0.02257,0.031923,0.052408,0.014784,0.031928,0.043902,0.012942,0.031935,0.036005,0.012434
0.031926,0.16115,0.065338,0.032091,0.14204,0.053656,0.032064,0.1306,0.053649,0.032088,0.11185,0.039308,0.031489,0.095734,0.032354,0.031424,0.079633,0.025397,0.031796,0.066413,0.02249,0.032082,0.052441,0.01473,0.032087,0.043932,0.012895,0.032095,0.036038,0.012391
0.032085,0.16131,0.065212,0.032251,0.14218,0.053507,0.032224,0.13076,0.053483,0.032248,0.11196,0.039173,0.031647,0.095819,0.032243,0.031581,0.079696,0.025309,0.031955,0.066475,0.02241,0.032242,0.052475,0.014675,0.032247,0.043963,0.012847,0.032255,0.036072,0.012348
0.032245,0.16146,0.065087,0.032412,0.14232,0.053358,0.032384,0.13092,0.053318,0.032409,0.11207,0.039039,0.031805,0.095903,0.032133,0.031739,0.079759,0.025221,0.032114,0.066536,0.022329,0.032403,0.052508,0.014621,0.032408,0.043993,0.012801,0.032416,0.036105,0.012306
0.032406,0.16162,0.064962,0.032574,0.14245,0.05321,0.032546,0.13109,0.053152,0.032571,0.11218,0.038905,0.031964,0.095986,0.032024,0.031898,0.079821,0.025133,0.032275,0.066596,0.022249,0.032565,0.05254,0.014567,0.03257,0.044022,0.012754,0.032578,0.036138,0.012264
0.032568,0.16178,0.064839,0.032736,0.14259,0.053063,0.032708,0.13125,0.052987,0.032733,0.11228,0.038771,0.032124,0.096069,0.031915,0.032058,0.079883,0.025046,0.032436,0.066656,0.02217,0.032727,0.052573,0.014513,0.032732,0.044052,0.012707,0.03274,0.03617,0.012222
0.032731,0.16194,0.064716,0.032899,0.14273,0.052916,0.032872,0.13141,0.052822,0.032897,0.11239,0.038638,0.032285,0.09615,0.031806,0.032218,0.079944,0.024958,0.032598,0.066716,0.02209,0.03289,0.052605,0.014459,0.032896,0.044081,0.012661,0.032903,0.036202,0.012179
0.032894,0.16209,0.064594,0.033064,0.14286,0.05277,0.033036,0.13157,0.052658,0.033061,0.11249,0.038505,0.032446,0.096232,0.031697,0.032379,0.080004,0.024872,0.032761,0.066775,0.022011,0.033054,0.052637,0.014406,0.03306,0.04411,0.012615,0.033067,0.036234,0.012137
0.033058,0.16225,0.064473,0.033229,0.143,0.052624,0.0332,0.13173,0.052494,0.033226,0.11259,0.038373,0.032609,0.096312,0.031589,0.032541,0.080065,0.024785,0.032924,0.066834,0.021932,0.033219,0.052669,0.014352,0.033225,0.044139,0.012568,0.033232,0.036266,0.012096
0.033223,0.1624,0.064353,0.033394,0.14313,0.052479,0.033366,0.13188,0.052329,0.033392,0.1127,0.03824,0.032772,0.096392,0.031481,0.032704,0.080124,0.024699,0.033089,0.066892,0.021853,0.033385,0.0527,0.014299,0.03339,0.044168,0.012523,0.033398,0.036297,0.012054
0.033389,0.16255,0.064233,0.033561,0.14326,0.052334,0.033532,0.13204,0.052166,0.033558,0.1128,0.038109,0.032936,0.096472,0.031373,0.032868,0.080183,0.024613,0.033254,0.066949,0.021774,0.033552,0.052731,0.014246,0.033557,0.044196,0.012477,0.033565,0.036329,0.012012
0.033556,0.1627,0.064115,0.033728,0.14339,0.05219,0.0337,0.13219,0.052002,0.033726,0.1129,0.037977,0.033101,0.09655,0.031266,0.033032,0.080242,0.024527,0.03342,0.067007,0.021695,0.033719,0.052762,0.014194,0.033724,0.044224,0.012431,0.033732,0.03636,0.011971
0.033723,0.16286,0.063997,0.033897,0.14352,0.052047,0.033868,0.13234,0.051839,0.033894,0.113,0.037846,0.033266,0.096628,0.031159,0.033197,0.0803,0.024442,0.033587,0.067063,0.021617,0.033887,0.052793,0.014141,0.033893,0.044252,0.012386,0.033901,0.03639,0.011929
0.033892,0.16301,0.06388,0.034066,0.14365,0.051904,0.034037,0.1325,0.051676,0.034063,0.1131,0.037715,0.033433,0.096705,0.031053,0.033364,0.080357,0.024357,0.033755,0.067119,0.021539,0.034056,0.052823,0.014089,0.034062,0.04428,0.012341,0.03407,0.036421,0.011888
0.034061,0.16316,0.063764,0.034236,0.14378,0.051762,0.034207,0.13265,0.051514,0.034233,0.1132,0.037585,0.0336,0.096782,0.030947,0.033531,0.080414,0.024272,0.033924,0.067175,0.021461,0.034226,0.052853,0.014037,0.034232,0.044307,0.012296,0.03424,0.036451,0.011847
0.034231,0.1633,0.063649,0.034406,0.14391,0.05162,0.034377,0.1328,0.051352,0.034404,0.11329,0.037455,0.033768,0.096858,0.030841,0.033698,0.080471,0.024188,0.034093,0.06723,0.021384,0.034397,0.052883,0.013985,0.034402,0.044334,0.012251,0.03441,0.036481,0.011806
0.034402,0.16345,0.063534,0.034578,0.14404,0.051479,0.034549,0.13295,0.05119,0.034575,0.11339,0.037325,0.033937,0.096933,0.030735,0.033867,0.080527,0.024104,0.034263,0.067285,0.021306,0.034569,0.052912,0.013934,0.034574,0.044361,0.012206,0.034582,0.036511,0.011765
0.034574,0.1636,0.063421,0.03475,0.14416,0.051339,0.034721,0.13309,0.051029,0.034748,0.11349,0.037196,0.034107,0.097008,0.03063,0.034036,0.080583,0.02402,0.034435,0.06734,0.021229,0.034741,0.052942,0.013882,0.034746,0.044388,0.012161,0.034755,0.03654,0.011725
0.034746,0.16374,0.063308,0.034924,0.14429,0.051199,0.034894,0.13324,0.050868,0.034921,0.11358,0.037067,0.034277,0.097082,0.030526,0.034207,0.080638,0.023936,0.034607,0.067394,0.021152,0.034914,0.052971,0.013831,0.03492,0.044414,0.012117,0.034928,0.036569,0.011684
0.03492,0.16389,0.063196,0.035098,0.14441,0.051059,0.035069,0.13338,0.050707,0.035095,0.11368,0.036939,0.034449,0.097156,0.030421,0.034378,0.080693,0.023853,0.03478,0.067447,0.021076,0.035088,0.052999,0.01378,0.035094,0.04444,0.012073,0.035102,0.036598,0.011643
0.035094,0.16403,0.063086,0.035273,0.14453,0.050921,0.035243,0.13353,0.050546,0.03527,0.11377,0.036811,0.034621,0.097229,0.030317,0.03455,0.080747,0.02377,0.034953,0.0675,0.020999,0.035264,0.053028,0.013729,0.035269,0.044466,0.012029,0.035277,0.036627,0.011603
0.035269,0.16418,0.062975,0.035449,0.14465,0.050783,0.035419,0.13367,0.050386,0.035446,0.11386,0.036684,0.034794,0.097301,0.030214,0.034723,0.080801,0.023688,0.035128,0.067553,0.020923,0.035439,0.053056,0.013679,0.035445,0.044492,0.011985,0.035453,0.036655,0.011563
0.035445,0.16432,0.062866,0.035626,0.14477,0.050645,0.035596,0.13381,0.050227,0.035623,0.11395,0.036556,0.034968,0.097373,0.03011,0.034897,0.080854,0.023606,0.035303,0.067605,0.020847,0.035616,0.053084,0.013628,0.035622,0.044518,0.011942,0.03563,0.036684,0.011523
0.035622,0.16446,0.062758,0.035804,0.14489,0.050509,0.035774,0.13395,0.050068,0.035801,0.11405,0.03643,0.035143,0.097444,0.030008,0.035071,0.080907,0.023524,0.03548,0.067657,0.020772,0.035794,0.053112,0.013578,0.035799,0.044543,0.011898,0.035808,0.036712,0.011483
0.0358,0.16461,0.062651,0.035982,0.14501,0.050372,0.035952,0.13409,0.049909,0.035979,0.11414,0.036303,0.035319,0.097514,0.029905,0.035247,0.080959,0.023442,0.035657,0.067708,0.020696,0.035972,0.053139,0.013528,0.035978,0.044568,0.011855,0.035986,0.036739,0.011443
0.035979,0.16475,0.062544,0.036162,0.14513,0.050237,0.036131,0.13423,0.04975,0.036159,0.11423,0.036177,0.035496,0.097584,0.029803,0.035423,0.081011,0.023361,0.035835,0.067759,0.020621,0.036152,0.053166,0.013479,0.036158,0.044593,0.011812,0.036166,0.036767,0.011404
0.036158,0.16489,0.062438,0.036342,0.14525,0.050102,0.036312,0.13437,0.049592,0.036339,0.11432,0.036052,0.035673,0.097653,0.029702,0.035601,0.081062,0.02328,0.036014,0.067809,0.020546,0.036332,0.053193,0.013429,0.036338,0.044617,0.011769,0.036346,0.036794,0.011364
0.036339,0.16503,0.062334,0.036523,0.14537,0.049968,0.036493,0.13451,0.049434,0.036521,0.1144,0.035927,0.035852,0.097722,0.0296,0.035779,0.081113,0.0232,0.036194,0.067859,0.020471,0.036514,0.05322,0.01338,0.036519,0.044642,0.011726,0.036528,0.036821,0.011325
0.03652,0.16516,0.06223,0.036706,0.14548,0.049834,0.036675,0.13464,0.049277,0.036703,0.11449,0.035802,0.036031,0.09779,0.029499,0.035958,0.081164,0.02312,0.036375,0.067909,0.020397,0.036696,0.053247,0.013331,0.036701,0.044666,0.011683,0.03671,0.036848,0.011286
0.036703,0.1653,0.062127,0.036889,0.1456,0.049701,0.036858,0.13478,0.04912,0.036886,0.11458,0.035678,0.036212,0.097858,0.029399,0.036138,0.081214,0.02304,0.036556,0.067958,0.020323,0.036879,0.053273,0.013282,0.036884,0.04469,0.011641,0.036893,0.036875,0.011246
0.036886,0.16544,0.062025,0.037073,0.14571,0.049569,0.037042,0.13491,0.048964,0.03707,0.11466,0.035554,0.036393,0.097925,0.029299,0.036318,0.081264,0.02296,0.036739,0.068007,0.020249,0.037063,0.053299,0.013233,0.037068,0.044714,0.011599,0.037077,0.036901,0.011208
0.03707,0.16558,0.061924,0.037258,0.14582,0.049437,0.037227,0.13504,0.048808,0.037255,0.11475,0.035431,0.036575,0.097991,0.029199,0.0365,0.081313,0.022881,0.036923,0.068055,0.020175,0.037248,0.053325,0.013185,0.037253,0.044737,0.011557,0.037262,0.036927,0.011169
0.037255,0.16571,0.061824,0.037444,0.14594,0.049306,0.037412,0.13517,0.048652,0.037441,0.11483,0.035308,0.036758,0.098057,0.0291,0.036683,0.081362,0.022802,0.037107,0.068103,0.020101,0.037433,0.05335,0.013137,0.037439,0.044761,0.011515,0.037448,0.036953,0.01113
0.037441,0.16585,0.061725,0.03763,0.14605,0.049176,0.037599,0.1353,0.048497,0.037627,0.11492,0.035185,0.036942,0.098122,0.029001,0.036866,0.081411,0.022724,0.037292,0.06815,0.020028,0.03762,0.053376,0.013089,0.037626,0.044784,0.011473,0.037635,0.036979,0.011092
0.037628,0.16598,0.061626,0.037818,0.14616,0.049047,0.037787,0.13543,0.048343,0.037815,0.115,0.035063,0.037126,0.098187,0.028902,0.037051,0.081459,0.022645,0.037479,0.068197,0.019955,0.037808,0.053401,0.013041,0.037814,0.044807,0.011432,0.037822,0.037005,0.011053
0.037816,0.16612,0.061529,0.038007,0.14627,0.048918,0.037975,0.13556,0.048188,0.038004,0.11508,0.034941,0.037312,0.098251,0.028804,0.037236,0.081506,0.022568,0.037666,0.068244,0.019883,0.037996,0.053426,0.012994,0.038002,0.044829,0.011391,0.038011,0.03703,0.011015
0.038005,0.16625,0.061432,0.038196,0.14638,0.048789,0.038165,0.13569,0.048035,0.038193,0.11517,0.03482,0.037499,0.098314,0.028706,0.037423,0.081553,0.02249,0.037854,0.06829,0.01981,0.038186,0.053451,0.012946,0.038192,0.044852,0.011349,0.038201,0.037055,0.010977
0.038194,0.16638,0.061337,0.038387,0.14648,0.048662,0.038355,0.13581,0.047881,0.038384,0.11525,0.034699,0.037686,0.098377,0.028609,0.03761,0.0816,0.022413,0.038043,0.068336,0.019738,0.038377,0.053475,0.012899,0.038382,0.044874,0.011309,0.038391,0.03708,0.010939
0.038385,0.16651,0.061242,0.038578,0.14659,0.048535,0.038546,0.13594,0.047729,0.038575,0.11533,0.034579,0.037875,0.09844,0.028512,0.037798,0.081646,0.022336,0.038233,0.068382,0.019666,0.038568,0.053499,0.012852,0.038574,0.044896,0.011268,0.038583,0.037104,0.010901
0.038577,0.16665,0.061149,0.038771,0.1467,0.048409,0.038739,0.13606,0.047576,0.038768,0.11541,0.034459,0.038064,0.098502,0.028416,0.037987,0.081692,0.02226,0.038424,0.068427,0.019594,0.03876,0.053523,0.012806,0.038766,0.044918,0.011227,0.038775,0.037129,0.010864
0.038769,0.16678,0.061056,0.038964,0.1468,0.048283,0.038932,0.13618,0.047424,0.038961,0.11549,0.03434,0.038255,0.098563,0.02832,0.038177,0.081738,0.022184,0.038616,0.068472,0.019523,0.038954,0.053547,0.012759,0.03896,0.04494,0.011187,0.038969,0.037153,0.010826
0.038963,0.16691,0.060964,0.039159,0.14691,0.048158,0.039126,0.13631,0.047273,0.039156,0.11557,0.034221,0.038446,0.098624,0.028224,0.038369,0.081783,0.022108,0.038809,0.068516,0.019452,0.039148,0.053571,0.012713,0.039154,0.044962,0.011147,0.039163,0.037177,0.010789
0.039157,0.16704,0.060873,0.039354,0.14701,0.048034,0.039321,0.13643,0.047122,0.039351,0.11564,0.034103,0.038639,0.098685,0.028129,0.038561,0.081828,0.022032,0.039003,0.06856,0.019381,0.039343,0.053594,0.012667,0.039349,0.044983,0.011107,0.039358,0.037201,0.010752
0.039353,0.16717,0.060783,0.03955,0.14712,0.047911,0.039518,0.13655,0.046972,0.039547,0.11572,0.033984,0.038832,0.098744,0.028034,0.038753,0.081872,0.021957,0.039198,0.068603,0.019311,0.03954,0.053617,0.012621,0.039546,0.045004,0.011067,0.039555,0.037224,0.010715
0.039549,0.1673,0.060694,0.039748,0.14722,0.047788,0.039715,0.13667,0.046822,0.039744,0.1158,0.033867,0.039026,0.098804,0.027939,0.038947,0.081916,0.021883,0.039394,0.068647,0.01924,0.039737,0.05364,0.012576,0.039743,0.045025,0.011027,0.039752,0.037248,0.010678
0.039747,0.16742,0.060606,0.039946,0.14732,0.047666,0.039913,0.13678,0.046672,0.039943,0.11587,0.03375,0.039221,0.098862,0.027845,0.039142,0.08196,0.021808,0.03959,0.068689,0.01917,0.039935,0.053663,0.01253,0.039941,0.045046,0.010988,0.03995,0.037271,0.010641
0.039945,0.16755,0.060519,0.040145,0.14742,0.047545,0.040112,0.1369,0.046523,0.040142,0.11595,0.033633,0.039418,0.098921,0.027752,0.039338,0.082003,0.021734,0.039788,0.068732,0.019101,0.040134,0.053685,0.012485,0.04014,0.045067,0.010949,0.04015,0.037294,0.010604
0.040145,0.16768,0.060433,0.040345,0.14752,0.047424,0.040312,0.13702,0.046375,0.040342,0.11602,0.033517,0.039615,0.098979,0.027659,0.039535,0.082046,0.021661,0.039987,0.068774,0.019031,0.040335,0.053708,0.01244,0.040341,0.045087,0.01091,0.04035,0.037317,0.010568
0.040345,0.1678,0.060348,0.040547,0.14762,0.047304,0.040513,0.13713,0.046227,0.040543,0.1161,0.033401,0.039813,0.099036,0.027566,0.039733,0.082088,0.021587,0.040187,0.068816,0.018962,0.040536,0.05373,0.012395,0.040542,0.045107,0.010871,0.040551,0.037339,0.010532
0.040546,0.16793,0.060264,0.040749,0.14772,0.047185,0.040715,0.13725,0.04608,0.040746,0.11617,0.033286,0.040012,0.099093,0.027474,0.039932,0.08213,0.021514,0.040387,0.068857,0.018893,0.040738,0.053752,0.012351,0.040744,0.045127,0.010832,0.040754,0.037362,0.010496
0.040749,0.16806,0.060181,0.040952,0.14782,0.047067,0.040919,0.13736,0.045933,0.040949,0.11624,0.033171,0.040212,0.099149,0.027382,0.040132,0.082172,0.021442,0.040589,0.068898,0.018824,0.040941,0.053774,0.012307,0.040947,0.045147,0.010793,0.040957,0.037384,0.01046
0.040952,0.16818,0.060099,0.041157,0.14792,0.046949,0.041123,0.13747,0.045786,0.041153,0.11631,0.033057,0.040413,0.099205,0.02729,0.040332,0.082213,0.021369,0.040792,0.068939,0.018756,0.041146,0.053795,0.012263,0.041152,0.045167,0.010755,0.041161,0.037406,0.010424
0.041157,0.16831,0.060017,0.041362,0.14801,0.046832,0.041328,0.13758,0.045641,0.041359,0.11639,0.032943,0.040616,0.09926,0.027199,0.040534,0.082254,0.021298,0.040996,0.068979,0.018688,0.041351,0.053817,0.012219,0.041357,0.045186,0.010717,0.041367,0.037428,0.010388
0.041362,0.16843,0.059937,0.041568,0.14811,0.046716,0.041534,0.13769,0.045495,0.041565,0.11646,0.03283,0.040819,0.099315,0.027109,0.040737,0.082295,0.021226,0.041201,0.069019,0.01862,0.041557,0.053838,0.012175,0.041563,0.045206,0.010679,0.041573,0.03745,0.010353
0.041569,0.16855,0.059858,0.041776,0.14821,0.0466,0.041741,0.1378,0.04535,0.041772,0.11653,0.032717,0.041023,0.099369,0.027018,0.040941,0.082335,0.021155,0.041406,0.069058,0.018552,0.041764,0.053859,0.012132,0.041771,0.045225,0.010641,0.04178,0.037471,0.010317
0.041776,0.16868,0.059779,0.041984,0.1483,0.046485,0.04195,0.13791,0.045206,0.041981,0.1166,0.032605,0.041228,0.099423,0.026929,0.041146,0.082375,0.021084,0.041613,0.069098,0.018485,0.041973,0.053879,0.012089,0.041979,0.045244,0.010604,0.041989,0.037492,0.010282
0.041985,0.1688,0.059702,0.042193,0.1484,0.046371,0.042159,0.13802,0.045063,0.04219,0.11667,0.032493,0.041435,0.099476,0.026839,0.041352,0.082414,0.021013,0.041821,0.069136,0.018418,0.042182,0.0539,0.012046,0.042188,0.045263,0.010566,0.042198,0.037513,0.010247
0.042194,0.16892,0.059626,0.042404,0.14849,0.046258,0.042369,0.13813,0.044919,0.042401,0.11673,0.032382,0.041642,0.099529,0.02675,0.041559,0.082453,0.020943,0.04203,0.069175,0.018351,0.042393,0.05392,0.012003,0.042399,0.045281,0.010529,0.042409,0.037534,0.010212
0.042405,0.16904,0.05955,0.042615,0.14858,0.046145,0.042581,0.13823,0.044777,0.042612,0.1168,0.032271,0.04185,0.099582,0.026662,0.041767,0.082492,0.020874,0.04224,0.069213,0.018285,0.042604,0.053941,0.011961,0.04261,0.0453,0.010492,0.04262,0.037555,0.010178
0.042617,0.16916,0.059476,0.042828,0.14867,0.046033,0.042793,0.13834,0.044635,0.042825,0.11687,0.03216,0.04206,0.099634,0.026574,0.041976,0.082531,0.020804,0.042451,0.069251,0.018219,0.042817,0.053961,0.011918,0.042823,0.045318,0.010455,0.042833,0.037575,0.010143
0.04283,0.16929,0.059402,0.043042,0.14877,0.045922,0.043007,0.13844,0.044493,0.043038,0.11694,0.03205,0.04227,0.099685,0.026486,0.042186,0.082569,0.020735,0.042663,0.069289,0.018153,0.04303,0.05398,0.011876,0.043037,0.045336,0.010419,0.043046,0.037596,0.010109
0.043043,0.16941,0.05933,0.043256,0.14886,0.045812,0.043221,0.13855,0.044352,0.043253,0.117,0.031941,0.042481,0.099736,0.026399,0.042397,0.082607,0.020666,0.042876,0.069326,0.018087,0.043245,0.054,0.011834,0.043251,0.045354,0.010382,0.043261,0.037616,0.010075
0.043258,0.16953,0.059258,0.043472,0.14895,0.045702,0.043437,0.13865,0.044212,0.043469,0.11707,0.031832,0.042694,0.099787,0.026312,0.042609,0.082644,0.020598,0.04309,0.069363,0.018022,0.043461,0.05402,0.011793,0.043467,0.045372,0.010346,0.043477,0.037636,0.01004
0.043474,0.16965,0.059188,0.043689,0.14904,0.045593,0.043653,0.13875,0.044072,0.043686,0.11713,0.031723,0.042907,0.099837,0.026226,0.042822,0.082681,0.02053,0.043306,0.069399,0.017957,0.043677,0.054039,0.011751,0.043684,0.045389,0.01031,0.043694,0.037656,0.010007
0.043691,0.16977,0.059118,0.043907,0.14913,0.045485,0.043871,0.13885,0.043933,0.043903,0.1172,0.031615,0.043122,0.099887,0.02614,0.043037,0.082718,0.020463,0.043522,0.069435,0.017892,0.043895,0.054058,0.01171,0.043902,0.045407,0.010274,0.043912,0.037675,0.0099728
0.043909,0.16989,0.05905,0.044126,0.14921,0.045378,0.04409,0.13895,0.043795,0.044122,0.11726,0.031508,0.043338,0.099936,0.026055,0.043252,0.082754,0.020395,0.043739,0.069471,0.017828,0.044114,0.054077,0.011669,0.044121,0.045424,0.010238,0.044131,0.037695,0.0099393
0.044129,0.17,0.058982,0.044346,0.1493,0.045271,0.04431,0.13905,0.043657,0.044343,0.11732,0.031401,0.043555,0.099985,0.02597,0.043468,0.08279,0.020328,0.043958,0.069507,0.017763,0.044334,0.054096,0.011629,0.044341,0.045441,0.010203,0.044351,0.037714,0.0099058
0.044349,0.17012,0.058916,0.044567,0.14939,0.045165,0.044531,0.13915,0.043519,0.044564,0.11739,0.031295,0.043773,0.10003,0.025885,0.043686,0.082826,0.020262,0.044177,0.069542,0.0177,0.044556,0.054114,0.011588,0.044562,0.045458,0.010167,0.044572,0.037733,0.0098726
0.04457,0.17024,0.05885,0.04479,0.14947,0.04506,0.044753,0.13925,0.043382,0.044786,0.11745,0.031189,0.043992,0.10008,0.025801,0.043904,0.082862,0.020196,0.044398,0.069577,0.017636,0.044778,0.054133,0.011548,0.044784,0.045475,0.010132,0.044795,0.037752,0.0098395
0.044793,0.17036,0.058786,0.045013,0.14956,0.044956,0.044977,0.13934,0.043246,0.04501,0.11751,0.031083,0.044212,0.10013,0.025717,0.044124,0.082897,0.02013,0.04462,0.069612,0.017573,0.045001,0.054151,0.011508,0.045008,0.045492,0.010097,0.045018,0.037771,0.0098065
0.045016,0.17048,0.058722,0.045238,0.14965,0.044852,0.045201,0.13944,0.04311,0.045234,0.11757,0.030978,0.044433,0.10018,0.025634,0.044345,0.082932,0.020064,0.044843,0.069646,0.01751,0.045226,0.054169,0.011468,0.045232,0.045509,0.010062,0.045243,0.037789,0.0097738
0.045241,0.17059,0.05866,0.045463,0.14973,0.044749,0.045427,0.13953,0.042975,0.04546,0.11763,0.030874,0.044655,0.10022,0.025551,0.044567,0.082966,0.019999,0.045067,0.06968,0.017447,0.045451,0.054187,0.011428,0.045458,0.045525,0.010028,0.045468,0.037808,0.0097412
0.045467,0.17071,0.058598,0.04569,0.14982,0.044647,0.045653,0.13963,0.04284,0.045687,0.11769,0.03077,0.044879,0.10027,0.025469,0.04479,0.083,0.019935,0.045292,0.069714,0.017384,0.045678,0.054205,0.011389,0.045685,0.045541,0.0099935,0.045695,0.037826,0.0097087
0.045694,0.17083,0.058538,0.045918,0.1499,0.044546,0.045881,0.13972,0.042707,0.045914,0.11775,0.030666,0.045103,0.10031,0.025387,0.045014,0.083034,0.01987,0.045518,0.069747,0.017322,0.045906,0.054222,0.01135,0.045913,0.045557,0.0099593,0.045923,0.037844,0.0096764
0.045922,0.17094,0.058478,0.046147,0.14998,0.044445,0.04611,0.13981,0.042573,0.046143,0.11781,0.030563,0.045329,0.10036,0.025306,0.045239,0.083068,0.019806,0.045746,0.06978,0.01726,0.046135,0.05424,0.011311,0.046142,0.045573,0.0099253,0.046152,0.037862,0.0096443
0.046151,0.17106,0.058419,0.046377,0.15006,0.044346,0.04634,0.13991,0.042441,0.046374,0.11787,0.030461,0.045555,0.1004,0.025225,0.045466,0.083101,0.019743,0.045974,0.069813,0.017199,0.046365,0.054257,0.011272,0.046372,0.045589,0.0098915,0.046382,0.03788,0.0096123
0.046382,0.17117,0.058362,0.046609,0.15015,0.044247,0.046571,0.14,0.042308,0.046605,0.11792,0.030359,0.045783,0.10045,0.025144,0.045693,0.083134,0.019679,0.046204,0.069845,0.017137,0.046596,0.054274,0.011233,0.046603,0.045605,0.0098578,0.046614,0.037898,0.0095805
0.046613,0.17129,0.058305,0.046841,0.15023,0.044148,0.046803,0.14009,0.042177,0.046837,0.11798,0.030257,0.046012,0.10049,0.025064,0.045922,0.083167,0.019616,0.046435,0.069878,0.017076,0.046829,0.054291,0.011195,0.046836,0.04562,0.0098244,0.046846,0.037915,0.0095489
0.046846,0.1714,0.05825,0.047075,0.15031,0.044051,0.047037,0.14018,0.042046,0.047071,0.11804,0.030156,0.046243,0.10054,0.024984,0.046152,0.083199,0.019554,0.046667,0.06991,0.017016,0.047062,0.054308,0.011157,0.047069,0.045636,0.0097911,0.04708,0.037932,0.0095174
0.04708,0.17152,0.058195,0.04731,0.15039,0.043954,0.047272,0.14027,0.041916,0.047306,0.1181,0.030056,0.046474,0.10058,0.024905,0.046383,0.083231,0.019492,0.0469,0.069941,0.016955,0.047297,0.054324,0.011119,0.047304,0.045651,0.009758,0.047315,0.03795,0.0094861
0.047315,0.17163,0.058141,0.047546,0.15047,0.043858,0.047507,0.14035,0.041786,0.047542,0.11815,0.029956,0.046706,0.10062,0.024826,0.046615,0.083263,0.01943,0.047134,0.069973,0.016895,0.047533,0.054341,0.011081,0.04754,0.045666,0.0097251,0.047551,0.037967,0.009455
0.047551,0.17175,0.058089,0.047783,0.15055,0.043763,0.047744,0.14044,0.041657,0.047779,0.11821,0.029857,0.04694,0.10067,0.024748,0.046848,0.083295,0.019368,0.047369,0.070004,0.016835,0.04777,0.054357,0.011044,0.047777,0.045681,0.0096924,0.047788,0.037984,0.009424
0.047789,0.17186,0.058037,0.048021,0.15063,0.043669,0.047983,0.14053,0.041529,0.048017,0.11826,0.029758,0.047175,0.10071,0.02467,0.047083,0.083326,0.019307,0.047606,0.070034,0.016776,0.048009,0.054373,0.011007,0.048016,0.045696,0.0096599,0.048026,0.038,0.0093932
0.048027,0.17198,0.057987,0.048261,0.15071,0.043575,0.048222,0.14061,0.041401,0.048257,0.11832,0.029659,0.047411,0.10075,0.024593,0.047318,0.083357,0.019247,0.047844,0.070065,0.016716,0.048248,0.054389,0.01097,0.048255,0.04571,0.0096276,0.048266,0.038017,0.0093625
0.048267,0.17209,0.057937,0.048501,0.15078,0.043482,0.048463,0.1407,0.041273,0.048498,0.11837,0.029561,0.047648,0.10079,0.024516,0.047555,0.083387,0.019186,0.048083,0.070095,0.016657,0.048489,0.054405,0.010933,0.048496,0.045725,0.0095955,0.048507,0.038033,0.0093321
0.048508,0.1722,0.057888,0.048743,0.15086,0.04339,0.048704,0.14078,0.041147,0.04874,0.11842,0.029464,0.047886,0.10083,0.024439,0.047793,0.083418,0.019126,0.048323,0.070125,0.016599,0.048731,0.054421,0.010896,0.048738,0.045739,0.0095635,0.048749,0.038049,0.0093017
0.04875,0.17232,0.057841,0.048987,0.15094,0.043299,0.048947,0.14087,0.041021,0.048983,0.11848,0.029367,0.048126,0.10087,0.024363,0.048032,0.083448,0.019067,0.048564,0.070155,0.01654,0.048974,0.054437,0.01086,0.048981,0.045754,0.0095318,0.048992,0.038066,0.0092716
0.048994,0.17243,0.057794,0.049231,0.15101,0.043209,0.049192,0.14095,0.040896,0.049227,0.11853,0.029271,0.048367,0.10092,0.024287,0.048272,0.083478,0.019007,0.048807,0.070184,0.016482,0.049218,0.054452,0.010824,0.049225,0.045768,0.0095002,0.049236,0.038081,0.0092416
0.049238,0.17254,0.057748,0.049477,0.15109,0.043119,0.049437,0.14103,0.040771,0.049473,0.11858,0.029175,0.048609,0.10096,0.024212,0.048514,0.083507,0.018949,0.049051,0.070213,0.016424,0.049464,0.054467,0.010788,0.049471,0.045782,0.0094688,0.049482,0.038097,0.0092118
0.049484,0.17266,0.057704,0.049723,0.15117,0.04303,0.049684,0.14111,0.040647,0.04972,0.11863,0.02908,0.048852,0.10099,0.024137,0.048757,0.083537,0.01889,0.049296,0.070242,0.016367,0.04971,0.054482,0.010752,0.049718,0.045796,0.0094376,0.049729,0.038113,0.0091821
0.049731,0.17277,0.05766,0.049971,0.15124,0.042942,0.049932,0.1412,0.040524,0.049968,0.11868,0.028985,0.049096,0.10103,0.024063,0.049001,0.083566,0.018832,0.049542,0.070271,0.01631,0.049958,0.054497,0.010717,0.049966,0.045809,0.0094066,0.049977,0.038129,0.0091526
0.049979,0.17288,0.057618,0.050221,0.15131,0.042855,0.050181,0.14128,0.040401,0.050217,0.11873,0.02889,0.049342,0.10107,0.023989,0.049246,0.083594,0.018774,0.04979,0.070299,0.016253,0.050208,0.054512,0.010682,0.050215,0.045823,0.0093758,0.050226,0.038144,0.0091233
0.050229,0.17299,0.057576,0.050471,0.15139,0.042768,0.050431,0.14136,0.040279,0.050467,0.11878,0.028797,0.049589,0.10111,0.023916,0.049492,0.083623,0.018717,0.050038,0.070327,0.016196,0.050458,0.054527,0.010647,0.050466,0.045836,0.0093451,0.050477,0.038159,0.0090942
0.05048,0.17311,0.057535,0.050723,0.15146,0.042682,0.050683,0.14143,0.040157,0.050719,0.11883,0.028703,0.049837,0.10115,0.023843,0.04974,0.083651,0.01866,0.050288,0.070355,0.01614,0.05071,0.054542,0.010612,0.050717,0.04585,0.0093147,0.050729,0.038174,0.0090652
0.050732,0.17322,0.057496,0.050976,0.15154,0.042598,0.050936,0.14151,0.040036,0.050972,0.11888,0.028611,0.050086,0.10119,0.02377,0.049989,0.083679,0.018603,0.05054,0.070383,0.016084,0.050963,0.054556,0.010577,0.05097,0.045863,0.0092844,0.050982,0.038189,0.0090363
0.050985,0.17333,0.057457,0.05123,0.15161,0.042513,0.05119,0.14159,0.039916,0.051226,0.11893,0.028518,0.050337,0.10123,0.023698,0.050239,0.083707,0.018546,0.050792,0.07041,0.016028,0.051217,0.05457,0.010543,0.051225,0.045876,0.0092543,0.051236,0.038204,0.0090077
0.051239,0.17344,0.057419,0.051486,0.15168,0.04243,0.051445,0.14167,0.039796,0.051482,0.11898,0.028427,0.050589,0.10126,0.023627,0.050491,0.083734,0.01849,0.051046,0.070437,0.015972,0.051473,0.054585,0.010509,0.05148,0.045889,0.0092244,0.051492,0.038219,0.0089792
0.051495,0.17356,0.057383,0.051743,0.15175,0.042347,0.051702,0.14174,0.039678,0.051739,0.11903,0.028336,0.050842,0.1013,0.023556,0.050743,0.083761,0.018435,0.051301,0.070464,0.015917,0.051729,0.054599,0.010475,0.051737,0.045902,0.0091947,0.051748,0.038233,0.0089509
0.051752,0.17367,0.057347,0.052001,0.15182,0.042266,0.05196,0.14182,0.039559,0.051997,0.11908,0.028245,0.051096,0.10134,0.023485,0.050997,0.083788,0.01838,0.051557,0.070491,0.015862,0.051987,0.054613,0.010441,0.051995,0.045915,0.0091652,0.052007,0.038248,0.0089227
0.052011,0.17378,0.057312,0.05226,0.1519,0.042185,0.052219,0.14189,0.039442,0.052256,0.11912,0.028155,0.051352,0.10137,0.023415,0.051252,0.083815,0.018325,0.051815,0.070517,0.015808,0.052247,0.054626,0.010407,0.052254,0.045927,0.0091358,0.052266,0.038262,0.0088947
0.05227,0.17389,0.057279,0.052521,0.15197,0.042104,0.052479,0.14197,0.039325,0.052517,0.11917,0.028065,0.051609,0.10141,0.023345,0.051509,0.083842,0.01827,0.052073,0.070543,0.015754,0.052507,0.05464,0.010374,0.052515,0.04594,0.0091067,0.052527,0.038276,0.0088669
0.052531,0.174,0.057246,0.052783,0.15204,0.042025,0.052741,0.14204,0.039208,0.052779,0.11922,0.027976,0.051867,0.10144,0.023275,0.051767,0.083868,0.018216,0.052334,0.070569,0.0157,0.052769,0.054654,0.010341,0.052777,0.045952,0.0090777,0.052789,0.03829,0.0088392
0.052794,0.17412,0.057214,0.053046,0.15211,0.041946,0.053004,0.14211,0.039093,0.053042,0.11926,0.027887,0.052126,0.10148,0.023207,0.052026,0.083894,0.018162,0.052595,0.070595,0.015646,0.053033,0.054667,0.010308,0.05304,0.045965,0.0090489,0.053052,0.038304,0.0088117
0.053057,0.17423,0.057183,0.053311,0.15218,0.041869,0.053269,0.14219,0.038978,0.053307,0.11931,0.027799,0.052387,0.10151,0.023138,0.052286,0.08392,0.018109,0.052858,0.07062,0.015592,0.053297,0.05468,0.010275,0.053305,0.045977,0.0090203,0.053317,0.038318,0.0087844
0.053322,0.17434,0.057154,0.053577,0.15224,0.041792,0.053535,0.14226,0.038863,0.053573,0.11935,0.027712,0.052649,0.10155,0.02307,0.052548,0.083945,0.018056,0.053122,0.070645,0.015539,0.053563,0.054693,0.010243,0.053571,0.045989,0.0089919,0.053583,0.038332,0.0087573
0.053588,0.17445,0.057125,0.053844,0.15231,0.041715,0.053802,0.14233,0.03875,0.05384,0.1194,0.027625,0.052912,0.10158,0.023003,0.052811,0.08397,0.018003,0.053387,0.07067,0.015486,0.05383,0.054706,0.010211,0.053838,0.046001,0.0089637,0.05385,0.038345,0.0087303
0.053856,0.17456,0.057097,0.054113,0.15238,0.04164,0.05407,0.1424,0.038637,0.054109,0.11944,0.027538,0.053177,0.10162,0.022935,0.053075,0.083996,0.017951,0.053654,0.070695,0.015434,0.054099,0.054719,0.010179,0.054107,0.046013,0.0089356,0.054119,0.038359,0.0087034
0.054125,0.17467,0.05707,0.054383,0.15245,0.041565,0.05434,0.14247,0.038524,0.054379,0.11948,0.027452,0.053443,0.10165,0.022869,0.053341,0.08402,0.017899,0.053922,0.070719,0.015382,0.054369,0.054732,0.010147,0.054377,0.046024,0.0089078,0.054389,0.038372,0.0086768
0.054395,0.17479,0.057045,0.054654,0.15252,0.041492,0.054611,0.14254,0.038413,0.05465,0.11953,0.027366,0.053711,0.10168,0.022803,0.053608,0.084045,0.017847,0.054191,0.070744,0.01533,0.05464,0.054745,0.010115,0.054648,0.046036,0.0088801,0.05466,0.038385,0.0086503
0.054666,0.1749,0.05702,0.054927,0.15258,0.041419,0.054884,0.14261,0.038301,0.054922,0.11957,0.027281,0.053979,0.10172,0.022737,0.053876,0.084069,0.017796,0.054462,0.070768,0.015278,0.054913,0.054757,0.010084,0.054921,0.046047,0.0088526,0.054933,0.038398,0.008624
0.054939,0.17501,0.056996,0.055201,0.15265,0.041346,0.055157,0.14267,0.038191,0.055196,0.11961,0.027197,0.054249,0.10175,0.022672,0.054145,0.084093,0.017745,0.054734,0.070791,0.015227,0.055187,0.05477,0.010053,0.055194,0.046059,0.0088253,0.055207,0.038411,0.0085978
0.055214,0.17512,0.056973,0.055476,0.15272,0.041275,0.055433,0.14274,0.038081,0.055472,0.11966,0.027113,0.054521,0.10178,0.022607,0.054416,0.084117,0.017695,0.055007,0.070815,0.015176,0.055462,0.054782,0.010022,0.05547,0.04607,0.0087981,0.055482,0.038424,0.0085718
0.055489,0.17523,0.056951,0.055753,0.15278,0.041204,0.055709,0.14281,0.037972,0.055748,0.1197,0.02703,0.054793,0.10181,0.022542,0.054689,0.084141,0.017644,0.055282,0.070838,0.015125,0.055739,0.054794,0.0099908,0.055747,0.046081,0.0087712,0.055759,0.038437,0.008546
0.055766,0.17534,0.05693,0.056031,0.15285,0.041135,0.055987,0.14288,0.037864,0.056027,0.11974,0.026947,0.055068,0.10185,0.022478,0.054962,0.084165,0.017595,0.055558,0.070862,0.015074,0.056017,0.054806,0.0099603,0.056025,0.046092,0.0087444,0.056037,0.038449,0.0085203
0.056045,0.17546,0.05691,0.05631,0.15291,0.041066,0.056266,0.14294,0.037756,0.056306,0.11978,0.026864,0.055343,0.10188,0.022415,0.055237,0.084188,0.017545,0.055836,0.070884,0.015024,0.056296,0.054818,0.00993,0.056304,0.046103,0.0087179,0.056316,0.038462,0.0084948
0.056324,0.17557,0.056891,0.056591,0.15298,0.040997,0.056547,0.14301,0.037649,0.056587,0.11982,0.026782,0.05562,0.10191,0.022352,0.055514,0.084211,0.017496,0.056115,0.070907,0.014974,0.056577,0.05483,0.0098998,0.056585,0.046114,0.0086915,0.056597,0.038474,0.0084695
0.056606,0.17568,0.056873,0.056874,0.15304,0.04093,0.056829,0.14307,0.037543,0.056869,0.11986,0.026701,0.055898,0.10194,0.022289,0.055792,0.084234,0.017447,0.056395,0.07093,0.014925,0.056859,0.054842,0.0098699,0.056867,0.046125,0.0086653,0.05688,0.038486,0.0084444
0.056888,0.17579,0.056856,0.057157,0.15311,0.040863,0.057113,0.14313,0.037437,0.057153,0.1199,0.02662,0.056178,0.10197,0.022227,0.056071,0.084256,0.017399,0.056677,0.070952,0.014875,0.057143,0.054854,0.0098402,0.057151,0.046136,0.0086392,0.057163,0.038498,0.0084194
0.057172,0.17591,0.05684,0.057442,0.15317,0.040798,0.057398,0.1432,0.037332,0.057438,0.11994,0.02654,0.056459,0.102,0.022165,0.056351,0.084279,0.017351,0.05696,0.070974,0.014826,0.057428,0.054865,0.0098107,0.057436,0.046146,0.0086134,0.057449,0.03851,0.0083945
0.057458,0.17602,0.056825,0.057729,0.15324,0.040733,0.057684,0.14326,0.037228,0.057725,0.11998,0.02646,0.056741,0.10203,0.022104,0.056633,0.084301,0.017303,0.057245,0.070996,0.014778,0.057714,0.054876,0.0097815,0.057723,0.046157,0.0085877,0.057735,0.038522,0.0083699
0.057745,0.17613,0.056811,0.058017,0.1533,0.040668,0.057972,0.14332,0.037124,0.058013,0.12002,0.026381,0.057025,0.10206,0.022043,0.056917,0.084323,0.017256,0.05753,0.071018,0.014729,0.058002,0.054888,0.0097524,0.058011,0.046167,0.0085622,0.058023,0.038534,0.0083454
0.058033,0.17624,0.056798,0.058306,0.15336,0.040605,0.058261,0.14339,0.037021,0.058302,0.12006,0.026302,0.05731,0.10209,0.021983,0.057202,0.084345,0.017209,0.057818,0.071039,0.014681,0.058292,0.054899,0.0097235,0.0583,0.046177,0.0085369,0.058313,0.038546,0.0083211
0.058323,0.17636,0.056786,0.058597,0.15343,0.040542,0.058552,0.14345,0.036919,0.058593,0.1201,0.026224,0.057597,0.10212,0.021923,0.057488,0.084367,0.017163,0.058107,0.07106,0.014633,0.058582,0.05491,0.0096949,0.058591,0.046188,0.0085118,0.058603,0.038557,0.0082969
0.058614,0.17647,0.056774,0.05889,0.15349,0.040481,0.058844,0.14351,0.036817,0.058885,0.12013,0.026146,0.057885,0.10215,0.021864,0.057776,0.084388,0.017117,0.058397,0.071081,0.014586,0.058875,0.054921,0.0096664,0.058883,0.046198,0.0084869,0.058896,0.038569,0.0082729
0.058906,0.17658,0.056764,0.059183,0.15355,0.04042,0.059137,0.14357,0.036716,0.059179,0.12017,0.026069,0.058175,0.10218,0.021805,0.058065,0.084409,0.017071,0.058689,0.071102,0.014538,0.059168,0.054932,0.0096382,0.059177,0.046208,0.0084621,0.05919,0.03858,0.0082491
0.0592,0.1767,0.056755,0.059479,0.15361,0.04036,0.059432,0.14363,0.036616,0.059474,0.12021,0.025992,0.058466,0.10221,0.021746,0.058355,0.08443,0.017025,0.058982,0.071123,0.014491,0.059464,0.054943,0.0096102,0.059472,0.046218,0.0084375,0.059485,0.038591,0.0082255
0.059496,0.17681,0.056746,0.059775,0.15368,0.0403,0.059729,0.14369,0.036516,0.059771,0.12025,0.025916,0.058758,0.10224,0.021688,0.058647,0.084451,0.01698,0.059276,0.071144,0.014445,0.05976,0.054953,0.0095824,0.059769,0.046227,0.0084131,0.059782,0.038603,0.008202
0.059793,0.17692,0.056739,0.060073,0.15374,0.040242,0.060027,0.14375,0.036417,0.060069,0.12028,0.025841,0.059052,0.10226,0.021631,0.058941,0.084472,0.016936,0.059573,0.071164,0.014398,0.060058,0.054964,0.0095547,0.060067,0.046237,0.0083889,0.06008,0.038614,0.0081786
0.060091,0.17704,0.056732,0.060373,0.1538,0.040184,0.060326,0.1438,0.036319,0.060369,0.12032,0.025765,0.059348,0.10229,0.021573,0.059236,0.084492,0.016891,0.05987,0.071184,0.014352,0.060358,0.054974,0.0095273,0.060367,0.046247,0.0083649,0.06038,0.038625,0.0081555
0.060391,0.17715,0.056726,0.060674,0.15386,0.040127,0.060627,0.14386,0.036221,0.06067,0.12035,0.025691,0.059645,0.10232,0.021517,0.059532,0.084513,0.016847,0.060169,0.071204,0.014306,0.060659,0.054985,0.0095002,0.060668,0.046256,0.008341,0.060681,0.038635,0.0081325
0.060693,0.17726,0.056722,0.060977,0.15392,0.040071,0.06093,0.14392,0.036124,0.060972,0.12039,0.025617,0.059943,0.10235,0.02146,0.05983,0.084533,0.016804,0.06047,0.071224,0.014261,0.060962,0.054995,0.0094732,0.06097,0.046266,0.0083174,0.060983,0.038646,0.0081097
0.060996,0.17738,0.056718,0.061281,0.15398,0.040015,0.061234,0.14397,0.036028,0.061277,0.12042,0.025543,0.060243,0.10237,0.021405,0.06013,0.084553,0.01676,0.060772,0.071243,0.014216,0.061266,0.055005,0.0094464,0.061274,0.046275,0.0082939,0.061288,0.038657,0.008087
0.061301,0.17749,0.056715,0.061587,0.15404,0.039961,0.061539,0.14403,0.035933,0.061582,0.12046,0.02547,0.060544,0.1024,0.021349,0.06043,0.084572,0.016717,0.061076,0.071263,0.014171,0.061571,0.055015,0.0094198,0.06158,0.046284,0.0082706,0.061593,0.038667,0.0080645
0.061607,0.17761,0.056713,0.061894,0.1541,0.039907,0.061846,0.14409,0.035838,0.061889,0.12049,0.025398,0.060847,0.10243,0.021294,0.060733,0.084592,0.016675,0.061381,0.071282,0.014126,0.061879,0.055025,0.0093935,0.061887,0.046293,0.0082474,0.061901,0.038678,0.0080422
0.061914,0.17772,0.056712,0.062203,0.15416,0.039854,0.062155,0.14414,0.035743,0.062198,0.12053,0.025326,0.061152,0.10245,0.02124,0.061037,0.084611,0.016633,0.061687,0.071301,0.014082,0.062187,0.055035,0.0093673,0.062196,0.046302,0.0082245,0.062209,0.038688,0.00802
0.062223,0.17784,0.056712,0.062513,0.15422,0.039802,0.062465,0.1442,0.03565,0.062509,0.12056,0.025254,0.061458,0.10248,0.021186,0.061342,0.08463,0.016591,0.061995,0.07132,0.014038,0.062498,0.055045,0.0093413,0.062506,0.046311,0.0082017,0.06252,0.038698,0.007998
0.062534,0.17795,0.056713,0.062825,0.15428,0.039751,0.062777,0.14425,0.035557,0.06282,0.1206,0.025183,0.061765,0.1025,0.021132,0.061649,0.084649,0.016549,0.062305,0.071338,0.013994,0.062809,0.055055,0.0093156,0.062818,0.04632,0.0081791,0.062832,0.038708,0.0079762
0.062846,0.17807,0.056715,0.063138,0.15434,0.0397,0.06309,0.1443,0.035465,0.063134,0.12063,0.025113,0.062074,0.10253,0.021079,0.061958,0.084668,0.016508,0.062616,0.071357,0.01395,0.063123,0.055064,0.0092901,0.063132,0.046329,0.0081567,0.063145,0.038719,0.0079545
0.06316,0.17819,0.056718,0.063453,0.1544,0.03965,0.063405,0.14436,0.035374,0.063449,0.12066,0.025043,0.062384,0.10256,0.021026,0.062268,0.084687,0.016467,0.062929,0.071375,0.013907,0.063438,0.055074,0.0092647,0.063446,0.046338,0.0081344,0.06346,0.038728,0.007933
0.063475,0.1783,0.056721,0.06377,0.15446,0.039602,0.063721,0.14441,0.035283,0.063765,0.1207,0.024973,0.062697,0.10258,0.020974,0.062579,0.084705,0.016427,0.063243,0.071393,0.013864,0.063754,0.055083,0.0092396,0.063763,0.046347,0.0081124,0.063777,0.038738,0.0079117
0.063792,0.17842,0.056726,0.064088,0.15452,0.039553,0.064039,0.14446,0.035193,0.064083,0.12073,0.024904,0.06301,0.10261,0.020922,0.062893,0.084724,0.016387,0.063559,0.071411,0.013822,0.064072,0.055093,0.0092147,0.064081,0.046355,0.0080905,0.064095,0.038748,0.0078905
0.06411,0.17854,0.056731,0.064408,0.15458,0.039506,0.064359,0.14451,0.035103,0.064403,0.12076,0.024836,0.063325,0.10263,0.020871,0.063207,0.084742,0.016347,0.063877,0.071429,0.013779,0.064392,0.055102,0.0091899,0.064401,0.046364,0.0080688,0.064415,0.038758,0.0078695
0.064431,0.17865,0.056738,0.064729,0.15463,0.03946,0.06468,0.14457,0.035015,0.064724,0.12079,0.024768,0.063642,0.10265,0.02082,0.063524,0.08476,0.016308,0.064196,0.071447,0.013737,0.064713,0.055111,0.0091654,0.064722,0.046372,0.0080472,0.064736,0.038767,0.0078487
0.064752,0.17877,0.056745,0.065052,0.15469,0.039414,0.065002,0.14462,0.034927,0.065047,0.12082,0.024701,0.063961,0.10268,0.02077,0.063842,0.084778,0.016269,0.064517,0.071464,0.013695,0.065036,0.05512,0.0091411,0.065045,0.04638,0.0080259,0.065059,0.038777,0.007828
0.065075,0.17889,0.056753,0.065376,0.15475,0.039369,0.065327,0.14467,0.034839,0.065372,0.12086,0.024634,0.064281,0.1027,0.02072,0.064161,0.084795,0.01623,0.064839,0.071481,0.013654,0.06536,0.055129,0.009117,0.065369,0.046389,0.0080047,0.065383,0.038786,0.0078075
0.0654,0.17901,0.056762,0.065703,0.15481,0.039325,0.065653,0.14472,0.034753,0.065698,0.12089,0.024567,0.064602,0.10273,0.02067,0.064482,0.084813,0.016192,0.065163,0.071498,0.013613,0.065686,0.055138,0.0090931,0.065696,0.046397,0.0079837,0.065709,0.038796,0.0077871
0.065727,0.17913,0.056772,0.06603,0.15487,0.039282,0.06598,0.14477,0.034667,0.066025,0.12092,0.024502,0.064925,0.10275,0.020621,0.064805,0.08483,0.016154,0.065488,0.071515,0.013572,0.066014,0.055147,0.0090694,0.066023,0.046405,0.0079629,0.066037,0.038805,0.007767
0.066055,0.17924,0.056783,0.06636,0.15492,0.039239,0.066309,0.14482,0.034581,0.066355,0.12095,0.024436,0.06525,0.10277,0.020572,0.065129,0.084847,0.016116,0.065816,0.071532,0.013531,0.066343,0.055156,0.0090459,0.066353,0.046413,0.0079422,0.066367,0.038814,0.007747
0.066385,0.17936,0.056794,0.066691,0.15498,0.039198,0.06664,0.14487,0.034497,0.066686,0.12098,0.024371,0.065577,0.1028,0.020524,0.065455,0.084864,0.016079,0.066144,0.071549,0.013491,0.066674,0.055164,0.0090226,0.066684,0.046421,0.0079217,0.066698,0.038823,0.0077271
0.066716,0.17948,0.056807,0.067023,0.15504,0.039157,0.066973,0.14491,0.034413,0.067019,0.12101,0.024307,0.065905,0.10282,0.020476,0.065783,0.084881,0.016042,0.066475,0.071565,0.013451,0.067007,0.055173,0.0089995,0.067016,0.046429,0.0079014,0.06703,0.038832,0.0077074
0.067049,0.1796,0.05682,0.067358,0.1551,0.039117,0.067307,0.14496,0.03433,0.067353,0.12104,0.024243,0.066234,0.10284,0.020429,0.066112,0.084898,0.016006,0.066807,0.071582,0.013411,0.067341,0.055181,0.0089766,0.067351,0.046437,0.0078813,0.067365,0.038841,0.0076879
0.067384,0.17972,0.056835,0.067694,0.15515,0.039077,0.067643,0.14501,0.034247,0.067689,0.12107,0.02418,0.066566,0.10286,0.020382,0.066443,0.084914,0.01597,0.067141,0.071598,0.013371,0.067677,0.05519,0.0089539,0.067687,0.046444,0.0078614,0.067701,0.03885,0.0076685
0.06772,0.17985,0.05685,0.068031,0.15521,0.039039,0.06798,0.14506,0.034165,0.068027,0.1211,0.024117,0.066899,0.10289,0.020336,0.066775,0.084931,0.015934,0.067476,0.071614,0.013332,0.068015,0.055198,0.0089314,0.068024,0.046452,0.0078416,0.068039,0.038859,0.0076493
0.068059,0.17997,0.056866,0.068371,0.15527,0.039001,0.068319,0.1451,0.034084,0.068366,0.12113,0.024055,0.067233,0.10291,0.02029,0.067109,0.084947,0.015898,0.067813,0.07163,0.013293,0.068354,0.055206,0.0089091,0.068364,0.04646,0.007822,0.068378,0.038867,0.0076303
0.068398,0.18009,0.056883,0.068712,0.15532,0.038964,0.06866,0.14515,0.034004,0.068707,0.12115,0.023993,0.06757,0.10293,0.020244,0.067445,0.084963,0.015863,0.068152,0.071646,0.013255,0.068695,0.055215,0.0088871,0.068705,0.046467,0.0078026,0.068719,0.038876,0.0076114
0.06874,0.18021,0.0569,0.069055,0.15538,0.038928,0.069003,0.1452,0.033924,0.06905,0.12118,0.023932,0.067908,0.10295,0.020199,0.067783,0.084979,0.015828,0.068492,0.071661,0.013216,0.069038,0.055223,0.0088652,0.069047,0.046475,0.0077833,0.069062,0.038884,0.0075927
0.069083,0.18033,0.056919,0.069399,0.15543,0.038893,0.069347,0.14524,0.033845,0.069394,0.12121,0.023871,0.068248,0.10297,0.020154,0.068122,0.084995,0.015794,0.068834,0.071677,0.013178,0.069382,0.055231,0.0088435,0.069392,0.046482,0.0077643,0.069406,0.038893,0.0075742
0.069428,0.18046,0.056938,0.069745,0.15549,0.038859,0.069693,0.14529,0.033766,0.06974,0.12124,0.023811,0.068589,0.103,0.02011,0.068463,0.085011,0.01576,0.069178,0.071692,0.013141,0.069728,0.055239,0.008822,0.069738,0.046489,0.0077454,0.069753,0.038901,0.0075558
0.069774,0.18058,0.056958,0.070093,0.15555,0.038825,0.070041,0.14533,0.033689,0.070088,0.12127,0.023751,0.068932,0.10302,0.020066,0.068805,0.085026,0.015726,0.069524,0.071707,0.013103,0.070076,0.055246,0.0088007,0.070086,0.046496,0.0077266,0.070101,0.038909,0.0075376
0.070123,0.1807,0.056979,0.070443,0.1556,0.038792,0.07039,0.14538,0.033612,0.070438,0.12129,0.023692,0.069277,0.10304,0.020023,0.06915,0.085042,0.015693,0.069871,0.071722,0.013066,0.070426,0.055254,0.0087796,0.070436,0.046504,0.0077081,0.07045,0.038918,0.0075196
0.070473,0.18083,0.057001,0.070794,0.15566,0.03876,0.070741,0.14542,0.033535,0.070789,0.12132,0.023634,0.069624,0.10306,0.01998,0.069496,0.085057,0.01566,0.07022,0.071737,0.013029,0.070777,0.055262,0.0087587,0.070787,0.046511,0.0076897,0.070802,0.038926,0.0075017
0.070825,0.18095,0.057024,0.071148,0.15571,0.038729,0.071094,0.14546,0.03346,0.071142,0.12135,0.023575,0.069972,0.10308,0.019937,0.069843,0.085072,0.015627,0.070571,0.071752,0.012992,0.07113,0.05527,0.008738,0.07114,0.046518,0.0076715,0.071155,0.038934,0.007484
0.071178,0.18108,0.057047,0.071502,0.15577,0.038698,0.071449,0.14551,0.033385,0.071497,0.12137,0.023518,0.070322,0.1031,0.019895,0.070193,0.085087,0.015595,0.070924,0.071766,0.012956,0.071485,0.055277,0.0087175,0.071495,0.046525,0.0076535,0.07151,0.038942,0.0074664
0.071534,0.1812,0.057072,0.071859,0.15583,0.038669,0.071805,0.14555,0.03331,0.071854,0.1214,0.023461,0.070674,0.10312,0.019854,0.070544,0.085102,0.015563,0.071278,0.071781,0.01292,0.071842,0.055285,0.0086973,0.071852,0.046532,0.0076356,0.071867,0.03895,0.007449
0.071891,0.18133,0.057097,0.072218,0.15588,0.03864,0.072164,0.14559,0.033237,0.072212,0.12143,0.023404,0.071027,0.10314,0.019813,0.070897,0.085117,0.015532,0.071634,0.071795,0.012884,0.0722,0.055292,0.0086772,0.07221,0.046538,0.0076179,0.072225,0.038957,0.0074318
0.07225,0.18145,0.057123,0.072578,0.15594,0.038612,0.072524,0.14564,0.033164,0.072573,0.12145,0.023348,0.071383,0.10316,0.019772,0.071252,0.085131,0.0155,0.071992,0.071809,0.012848,0.07256,0.055299,0.0086573,0.07257,0.046545,0.0076004,0.072585,0.038965,0.0074147
0.07261,0.18158,0.05715,0.07294,0.15599,0.038584,0.072885,0.14568,0.033092,0.072935,0.12148,0.023292,0.07174,0.10318,0.019732,0.071609,0.085146,0.01547,0.072351,0.071823,0.012813,0.072922,0.055307,0.0086376,0.072932,0.046552,0.0075831,0.072947,0.038973,0.0073978
0.072973,0.18171,0.057177,0.073304,0.15605,0.038558,0.073249,0.14572,0.03302,0.073299,0.1215,0.023237,0.072099,0.1032,0.019692,0.071967,0.08516,0.015439,0.072713,0.071837,0.012778,0.073286,0.055314,0.0086181,0.073296,0.046558,0.0075659,0.073311,0.03898,0.007381
0.073337,0.18184,0.057205,0.073669,0.1561,0.038532,0.073614,0.14576,0.032949,0.073664,0.12153,0.023182,0.072459,0.10322,0.019653,0.072327,0.085174,0.015409,0.073076,0.071851,0.012743,0.073652,0.055321,0.0085988,0.073662,0.046565,0.0075489,0.073677,0.038988,0.0073645
0.073703,0.18197,0.057234,0.074037,0.15616,0.038507,0.073982,0.1458,0.032879,0.074032,0.12155,0.023128,0.072822,0.10324,0.019614,0.072689,0.085188,0.015379,0.073441,0.071864,0.012709,0.074019,0.055328,0.0085797,0.074029,0.046572,0.0075321,0.074045,0.038995,0.007348
0.074071,0.18209,0.057264,0.074406,0.15621,0.038483,0.074351,0.14584,0.03281,0.074401,0.12158,0.023075,0.073186,0.10326,0.019575,0.073053,0.085202,0.01535,0.073808,0.071878,0.012675,0.074388,0.055335,0.0085608,0.074399,0.046578,0.0075154,0.074414,0.039003,0.0073318
0.074441,0.18222,0.057295,0.074777,0.15627,0.03846,0.074722,0.14588,0.032741,0.074772,0.1216,0.023022,0.073552,0.10327,0.019537,0.073418,0.085216,0.01532,0.074177,0.071891,0.012641,0.074759,0.055342,0.008542,0.07477,0.046584,0.007499,0.074785,0.03901,0.0073157
0.074813,0.18235,0.057326,0.075151,0.15632,0.038438,0.075095,0.14592,0.032673,0.075145,0.12163,0.022969,0.07392,0.10329,0.019499,0.073786,0.08523,0.015292,0.074547,0.071904,0.012607,0.075132,0.055349,0.0085235,0.075143,0.046591,0.0074827,0.075158,0.039017,0.0072997
0.075186,0.18249,0.057358,0.075525,0.15638,0.038416,0.075469,0.14596,0.032606,0.07552,0.12165,0.022917,0.07429,0.10331,0.019462,0.074155,0.085243,0.015263,0.07492,0.071918,0.012574,0.075507,0.055356,0.0085052,0.075518,0.046597,0.0074665,0.075533,0.039025,0.007284
0.075562,0.18262,0.057391,0.075902,0.15643,0.038395,0.075846,0.146,0.032539,0.075897,0.12168,0.022865,0.074662,0.10333,0.019425,0.074526,0.085257,0.015235,0.075294,0.071931,0.012541,0.075884,0.055363,0.0084871,0.075894,0.046603,0.0074506,0.07591,0.039032,0.0072684
0.075939,0.18275,0.057425,0.076281,0.15649,0.038375,0.076224,0.14604,0.032473,0.076275,0.1217,0.022814,0.075035,0.10335,0.019389,0.074899,0.08527,0.015207,0.07567,0.071943,0.012508,0.076262,0.055369,0.0084692,0.076273,0.046609,0.0074348,0.076289,0.039039,0.0072529
0.076318,0.18288,0.057459,0.076661,0.15654,0.038355,0.076605,0.14608,0.032408,0.076656,0.12172,0.022764,0.075411,0.10337,0.019353,0.075274,0.085283,0.01518,0.076048,0.071956,0.012476,0.076643,0.055376,0.0084514,0.076653,0.046615,0.0074191,0.076669,0.039046,0.0072376
0.076699,0.18301,0.057495,0.077044,0.1566,0.038337,0.076987,0.14612,0.032343,0.077038,0.12175,0.022714,0.075788,0.10338,0.019318,0.075651,0.085296,0.015153,0.076428,0.071969,0.012444,0.077025,0.055382,0.0084339,0.077036,0.046621,0.0074037,0.077052,0.039053,0.0072225
0.077082,0.18315,0.05753,0.077428,0.15665,0.038319,0.077371,0.14615,0.032279,0.077423,0.12177,0.022664,0.076167,0.1034,0.019283,0.076029,0.085309,0.015126,0.07681,0.071981,0.012412,0.077409,0.055389,0.0084165,0.07742,0.046627,0.0073884,0.077436,0.039059,0.0072075
0.077467,0.18328,0.057567,0.077814,0.15671,0.038302,0.077757,0.14619,0.032216,0.077809,0.12179,0.022615,0.076548,0.10342,0.019248,0.07641,0.085322,0.0151,0.077193,0.071994,0.01238,0.077796,0.055395,0.0083994,0.077806,0.046633,0.0073733,0.077822,0.039066,0.0071927
0.077853,0.18342,0.057604,0.078203,0.15676,0.038286,0.078145,0.14623,0.032153,0.078197,0.12181,0.022566,0.076931,0.10344,0.019214,0.076792,0.085335,0.015074,0.077579,0.072006,0.012349,0.078184,0.055402,0.0083824,0.078194,0.046639,0.0073583,0.078211,0.039073,0.0071781
0.078242,0.18355,0.057642,0.078593,0.15682,0.038271,0.078535,0.14626,0.032092,0.078587,0.12184,0.022518,0.077316,0.10345,0.01918,0.077176,0.085348,0.015048,0.077967,0.072018,0.012318,0.078574,0.055408,0.0083657,0.078584,0.046645,0.0073435,0.078601,0.03908,0.0071636
0.078633,0.18369,0.057681,0.078985,0.15687,0.038256,0.078926,0.1463,0.03203,0.078979,0.12186,0.022471,0.077703,0.10347,0.019147,0.077563,0.08536,0.015023,0.078356,0.07203,0.012287,0.078966,0.055414,0.0083491,0.078977,0.046651,0.0073289,0.078993,0.039086,0.0071492
0.079025,0.18382,0.05772,0.079379,0.15693,0.038242,0.07932,0.14634,0.03197,0.079373,0.12188,0.022424,0.078091,0.10349,0.019114,0.077951,0.085372,0.014998,0.078747,0.072042,0.012256,0.07936,0.05542,0.0083327,0.07937,0.046656,0.0073145,0.079387,0.039093,0.0071351
0.07942,0.18396,0.057761,0.079775,0.15698,0.038229,0.079716,0.14637,0.03191,0.079769,0.1219,0.022377,0.078482,0.1035,0.019082,0.078341,0.085385,0.014974,0.079141,0.072054,0.012226,0.079756,0.055427,0.0083166,0.079766,0.046662,0.0073002,0.079783,0.039099,0.0071211
0.079816,0.1841,0.057801,0.080173,0.15704,0.038217,0.080114,0.14641,0.031851,0.080167,0.12193,0.022331,0.078875,0.10352,0.01905,0.078733,0.085397,0.014949,0.079536,0.072066,0.012196,0.080154,0.055433,0.0083006,0.080164,0.046668,0.0072861,0.080181,0.039106,0.0071072
0.080215,0.18424,0.057843,0.080573,0.15709,0.038206,0.080513,0.14644,0.031793,0.080567,0.12195,0.022286,0.079269,0.10354,0.019019,0.079127,0.085409,0.014925,0.079933,0.072077,0.012166,0.080553,0.055439,0.0082848,0.080564,0.046673,0.0072722,0.080581,0.039112,0.0070935
0.080615,0.18438,0.057885,0.080975,0.15715,0.038195,0.080915,0.14648,0.031735,0.080969,0.12197,0.02224,0.079666,0.10355,0.018988,0.079523,0.085421,0.014902,0.080333,0.072089,0.012137,0.080955,0.055445,0.0082692,0.080966,0.046679,0.0072584,0.080983,0.039118,0.00708
0.081018,0.18452,0.057928,0.081379,0.1572,0.038185,0.081319,0.14651,0.031678,0.081373,0.12199,0.022196,0.080064,0.10357,0.018957,0.079921,0.085433,0.014879,0.080734,0.0721,0.012108,0.081359,0.055451,0.0082538,0.08137,0.046684,0.0072448,0.081387,0.039124,0.0070667
0.081422,0.18466,0.057971,0.081784,0.15726,0.038176,0.081725,0.14655,0.031622,0.081779,0.12201,0.022152,0.080465,0.10359,0.018927,0.080321,0.085445,0.014856,0.081137,0.072111,0.012079,0.081765,0.055456,0.0082386,0.081776,0.046689,0.0072314,0.081793,0.039131,0.0070535
0.081829,0.1848,0.058015,0.082192,0.15731,0.038168,0.082132,0.14658,0.031566,0.082187,0.12203,0.022108,0.080867,0.1036,0.018897,0.080723,0.085456,0.014833,0.081543,0.072122,0.01205,0.082173,0.055462,0.0082236,0.082184,0.046695,0.0072181,0.082201,0.039137,0.0070404
0.082237,0.18494,0.05806,0.082602,0.15737,0.03816,0.082542,0.14662,0.031511,0.082597,0.12205,0.022065,0.081272,0.10362,0.018868,0.081127,0.085468,0.014811,0.08195,0.072133,0.012022,0.082583,0.055468,0.0082087,0.082594,0.0467,0.007205,0.082611,0.039143,0.0070275
0.082648,0.18508,0.058105,0.083015,0.15742,0.038153,0.082954,0.14665,0.031457,0.083009,0.12207,0.022023,0.081679,0.10363,0.018839,0.081533,0.085479,0.014789,0.082359,0.072144,0.011994,0.082995,0.055474,0.0081941,0.083006,0.046705,0.0071921,0.083023,0.039149,0.0070148
0.08306,0.18523,0.058152,0.083429,0.15748,0.038148,0.083368,0.14668,0.031403,0.083423,0.12209,0.02198,0.082087,0.10365,0.01881,0.081941,0.085491,0.014768,0.082771,0.072155,0.011966,0.083409,0.055479,0.0081796,0.08342,0.04671,0.0071794,0.083437,0.039155,0.0070022
0.083475,0.18537,0.058198,0.083845,0.15753,0.038142,0.083784,0.14672,0.03135,0.083839,0.12211,0.021939,0.082498,0.10366,0.018782,0.082351,0.085502,0.014746,0.083184,0.072166,0.011938,0.083825,0.055485,0.0081654,0.083836,0.046716,0.0071668,0.083853,0.039161,0.0069898
0.083892,0.18552,0.058245,0.084263,0.15759,0.038138,0.084202,0.14675,0.031298,0.084257,0.12213,0.021898,0.082911,0.10368,0.018755,0.082763,0.085513,0.014726,0.0836,0.072176,0.011911,0.084243,0.05549,0.0081513,0.084254,0.046721,0.0071543,0.084272,0.039166,0.0069776
0.084311,0.18566,0.058293,0.084683,0.15764,0.038134,0.084622,0.14678,0.031246,0.084678,0.12215,0.021857,0.083325,0.10369,0.018728,0.083177,0.085524,0.014705,0.084018,0.072187,0.011884,0.084663,0.055496,0.0081375,0.084675,0.046726,0.0071421,0.084692,0.039172,0.0069655
0.084731,0.18581,0.058342,0.085106,0.1577,0.038132,0.085044,0.14682,0.031196,0.0851,0.12217,0.021817,0.083742,0.10371,0.018701,0.083593,0.085535,0.014685,0.084437,0.072197,0.011857,0.085086,0.055501,0.0081238,0.085097,0.046731,0.00713,0.085114,0.039178,0.0069536
0.085154,0.18596,0.058391,0.08553,0.15776,0.038129,0.085468,0.14685,0.031145,0.085524,0.12219,0.021778,0.084161,0.10372,0.018674,0.084012,0.085546,0.014665,0.084859,0.072208,0.011831,0.08551,0.055507,0.0081103,0.085522,0.046736,0.0071181,0.085539,0.039184,0.0069418
0.08558,0.1861,0.05844,0.085957,0.15781,0.038128,0.085895,0.14688,0.031096,0.085951,0.12221,0.021738,0.084582,0.10374,0.018649,0.084432,0.085557,0.014646,0.085283,0.072218,0.011805,0.085937,0.055512,0.008097,0.085948,0.046741,0.0071063,0.085966,0.039189,0.0069302
0.086007,0.18625,0.058491,0.086386,0.15787,0.038128,0.086323,0.14691,0.031047,0.08638,0.12223,0.0217,0.085005,0.10375,0.018623,0.084855,0.085568,0.014627,0.085709,0.072228,0.011779,0.086366,0.055517,0.0080839,0.086377,0.046745,0.0070947,0.086395,0.039195,0.0069187
0.086436,0.1864,0.058541,0.086817,0.15792,0.038128,0.086754,0.14694,0.030999,0.086811,0.12225,0.021662,0.085431,0.10377,0.018598,0.085279,0.085578,0.014608,0.086137,0.072238,0.011753,0.086796,0.055522,0.008071,0.086808,0.04675,0.0070833,0.086826,0.0392,0.0069074
0.086868,0.18655,0.058593,0.08725,0.15798,0.038129,0.087187,0.14697,0.030952,0.087244,0.12227,0.021624,0.085858,0.10378,0.018574,0.085706,0.085589,0.014589,0.086567,0.072248,0.011728,0.087229,0.055527,0.0080582,0.087241,0.046755,0.007072,0.087259,0.039206,0.0068963
0.087301,0.1867,0.058645,0.087685,0.15804,0.038131,0.087622,0.14701,0.030905,0.087679,0.12229,0.021587,0.086287,0.10379,0.01855,0.086135,0.085599,0.014571,0.087,0.072258,0.011703,0.087665,0.055533,0.0080457,0.087676,0.04676,0.0070609,0.087694,0.039211,0.0068853
0.087737,0.18685,0.058697,0.088123,0.15809,0.038133,0.088059,0.14704,0.030859,0.088116,0.1223,0.02155,0.086719,0.10381,0.018526,0.086566,0.085609,0.014554,0.087434,0.072267,0.011678,0.088102,0.055538,0.0080334,0.088114,0.046764,0.00705,0.088131,0.039217,0.0068745
0.088175,0.18701,0.05875,0.088562,0.15815,0.038137,0.088498,0.14707,0.030814,0.088556,0.12232,0.021514,0.087153,0.10382,0.018503,0.086999,0.08562,0.014536,0.087871,0.072277,0.011653,0.088541,0.055543,0.0080212,0.088553,0.046769,0.0070393,0.088571,0.039222,0.0068638
0.088616,0.18716,0.058804,0.089004,0.1582,0.038141,0.08894,0.1471,0.030769,0.088998,0.12234,0.021478,0.087589,0.10384,0.01848,0.087434,0.08563,0.014519,0.08831,0.072287,0.011629,0.088983,0.055548,0.0080092,0.088995,0.046773,0.0070287,0.089013,0.039227,0.0068533
0.089058,0.18731,0.058858,0.089448,0.15826,0.038146,0.089383,0.14713,0.030725,0.089442,0.12236,0.021443,0.088027,0.10385,0.018457,0.087872,0.08564,0.014503,0.088751,0.072296,0.011605,0.089427,0.055553,0.0079975,0.089439,0.046778,0.0070182,0.089457,0.039232,0.006843
0.089503,0.18747,0.058912,0.089894,0.15832,0.038151,0.089829,0.14716,0.030682,0.089888,0.12238,0.021409,0.088468,0.10386,0.018435,0.088312,0.08565,0.014486,0.089195,0.072305,0.011581,0.089873,0.055557,0.0079859,0.089885,0.046782,0.007008,0.089903,0.039238,0.0068328
0.089949,0.18762,0.058967,0.090343,0.15837,0.038158,0.090278,0.14719,0.030639,0.090336,0.12239,0.021374,0.08891,0.10388,0.018414,0.088754,0.08566,0.01447,0.08964,0.072315,0.011557,0.090322,0.055562,0.0079745,0.090333,0.046787,0.0069979,0.090352,0.039243,0.0068228
0.090398,0.18778,0.059023,0.090793,0.15843,0.038165,0.090728,0.14722,0.030597,0.090787,0.12241,0.021341,0.089355,0.10389,0.018393,0.089198,0.08567,0.014454,0.090088,0.072324,0.011534,0.090772,0.055567,0.0079632,0.090784,0.046791,0.0069879,0.090802,0.039248,0.0068129
0.09085,0.18794,0.059079,0.091246,0.15849,0.038173,0.091181,0.14724,0.030556,0.09124,0.12243,0.021308,0.089802,0.1039,0.018372,0.089644,0.085679,0.014439,0.090538,0.072333,0.011511,0.091225,0.055572,0.0079522,0.091237,0.046796,0.0069781,0.091255,0.039253,0.0068032
0.091303,0.18809,0.059135,0.091701,0.15855,0.038182,0.091636,0.14727,0.030516,0.091695,0.12245,0.021275,0.090251,0.10392,0.018352,0.090093,0.085689,0.014424,0.09099,0.072342,0.011488,0.09168,0.055576,0.0079414,0.091692,0.0468,0.0069685,0.091711,0.039258,0.0067936
0.091759,0.18825,0.059192,0.092159,0.1586,0.038191,0.092093,0.1473,0.030476,0.092153,0.12246,0.021243,0.090703,0.10393,0.018332,0.090544,0.085699,0.01441,0.091445,0.072351,0.011466,0.092137,0.055581,0.0079307,0.09215,0.046804,0.0069591,0.092168,0.039263,0.0067842
0.092217,0.18841,0.05925,0.092619,0.15866,0.038201,0.092552,0.14733,0.030437,0.092612,0.12248,0.021211,0.091156,0.10394,0.018313,0.090997,0.085708,0.014395,0.091902,0.07236,0.011444,0.092597,0.055586,0.0079203,0.092609,0.046809,0.0069498,0.092628,0.039268,0.006775
0.092678,0.18857,0.059308,0.093081,0.15872,0.038212,0.093014,0.14736,0.030398,0.093074,0.1225,0.02118,0.091612,0.10396,0.018294,0.091452,0.085718,0.014381,0.092361,0.072368,0.011422,0.093059,0.05559,0.00791,0.093071,0.046813,0.0069407,0.09309,0.039272,0.0067659
0.09314,0.18873,0.059366,0.093545,0.15878,0.038224,0.093478,0.14739,0.03036,0.093539,0.12251,0.021149,0.092071,0.10397,0.018275,0.09191,0.085727,0.014368,0.092822,0.072377,0.0114,0.093523,0.055595,0.0078999,0.093536,0.046817,0.0069318,0.093554,0.039277,0.006757
0.093605,0.1889,0.059425,0.094012,0.15884,0.038237,0.093944,0.14741,0.030323,0.094005,0.12253,0.021119,0.092531,0.10398,0.018257,0.09237,0.085736,0.014354,0.093286,0.072386,0.011379,0.09399,0.055599,0.00789,0.094002,0.046821,0.006923,0.094021,0.039282,0.0067482
0.094073,0.18906,0.059484,0.094481,0.15889,0.03825,0.094413,0.14744,0.030287,0.094474,0.12255,0.021089,0.092994,0.10399,0.018239,0.092832,0.085745,0.014341,0.093752,0.072394,0.011358,0.094459,0.055604,0.0078803,0.094471,0.046825,0.0069144,0.09449,0.039287,0.0067396
0.094542,0.18922,0.059544,0.094952,0.15895,0.038264,0.094884,0.14747,0.030251,0.094945,0.12256,0.02106,0.09346,0.10401,0.018222,0.093297,0.085754,0.014329,0.09422,0.072403,0.011337,0.09493,0.055608,0.0078708,0.094942,0.046829,0.0069059,0.094961,0.039291,0.0067311
0.095014,0.18939,0.059604,0.095426,0.15901,0.038279,0.095358,0.1475,0.030216,0.095419,0.12258,0.021031,0.093927,0.10402,0.018205,0.093763,0.085764,0.014316,0.094691,0.072411,0.011316,0.095404,0.055612,0.0078615,0.095416,0.046833,0.0068976,0.095435,0.039296,0.0067228
0.095489,0.18955,0.059664,0.095902,0.15907,0.038294,0.095833,0.14752,0.030182,0.095895,0.1226,0.021003,0.094397,0.10403,0.018189,0.094233,0.085773,0.014305,0.095164,0.072419,0.011296,0.095879,0.055617,0.0078523,0.095892,0.046837,0.0068895,0.095911,0.039301,0.0067147
0.095965,0.18972,0.059725,0.09638,0.15913,0.038311,0.096311,0.14755,0.030148,0.096373,0.12261,0.020975,0.094869,0.10404,0.018173,0.094704,0.085781,0.014293,0.095639,0.072427,0.011276,0.096358,0.055621,0.0078434,0.09637,0.046841,0.0068815,0.09639,0.039305,0.0067067
0.096444,0.18989,0.059786,0.096861,0.15919,0.038328,0.096792,0.14758,0.030115,0.096854,0.12263,0.020947,0.095344,0.10405,0.018157,0.095178,0.08579,0.014282,0.096117,0.072435,0.011256,0.096838,0.055625,0.0078346,0.096851,0.046845,0.0068737,0.09687,0.03931,0.0066989
0.096926,0.19005,0.059848,0.097344,0.15925,0.038346,0.097275,0.1476,0.030083,0.097337,0.12264,0.020921,0.095821,0.10407,0.018142,0.095654,0.085799,0.014271,0.096597,0.072443,0.011236,0.097322,0.055629,0.007826,0.097334,0.046849,0.0068661,0.097354,0.039314,0.0066912
0.09741,0.19022,0.05991,0.09783,0.15931,0.038364,0.09776,0.14763,0.030051,0.097823,0.12266,0.020894,0.0963,0.10408,0.018128,0.096133,0.085808,0.01426,0.09708,0.072451,0.011217,0.097807,0.055634,0.0078176,0.09782,0.046853,0.0068586,0.097839,0.039318,0.0066837
0.097896,0.19039,0.059972,0.098318,0.15937,0.038383,0.098248,0.14766,0.030021,0.098311,0.12267,0.020868,0.096782,0.10409,0.018113,0.096614,0.085816,0.01425,0.097565,0.072459,0.011198,0.098295,0.055638,0.0078094,0.098308,0.046856,0.0068513,0.098327,0.039323,0.0066763
0.098385,0.19056,0.060035,0.098808,0.15943,0.038404,0.098738,0.14768,0.02999,0.098801,0.12269,0.020843,0.097266,0.1041,0.0181,0.097098,0.085825,0.01424,0.098052,0.072467,0.011179,0.098785,0.055642,0.0078014,0.098798,0.04686,0.0068441,0.098818,0.039327,0.0066691
0.098876,0.19074,0.060097,0.099301,0.15949,0.038424,0.099231,0.14771,0.029961,0.099294,0.12271,0.020818,0.097753,0.10411,0.018086,0.097584,0.085833,0.014231,0.098542,0.072475,0.011161,0.099278,0.055646,0.0077935,0.099291,0.046864,0.0068371,0.099311,0.039331,0.0066621
0.09937,0.19091,0.060161,0.099796,0.15955,0.038446,0.099726,0.14773,0.029932,0.09979,0.12272,0.020794,0.098242,0.10412,0.018073,0.098072,0.085842,0.014221,0.099034,0.072482,0.011143,0.099773,0.05565,0.0077859,0.099786,0.046868,0.0068303,0.099806,0.039336,0.0066552
0.099866,0.19108,0.060224,0.10029,0.15961,0.038468,0.10022,0.14776,0.029904,0.10029,0.12274,0.02077,0.098733,0.10413,0.018061,0.098563,0.08585,0.014212,0.099529,0.07249,0.011125,0.10027,0.055654,0.0077784,0.10028,0.046871,0.0068237,0.1003,0.03934,0.0066484
0.10036,0.19126,0.060288,0.10079,0.15967,0.038491,0.10072,0.14778,0.029876,0.10079,0.12275,0.020746,0.099227,0.10415,0.018049,0.099056,0.085858,0.014204,0.10003,0.072497,0.011107,0.10077,0.055658,0.0077711,0.10078,0.046875,0.0068172,0.1008,0.039344,0.0066419
0.10087,0.19143,0.060352,0.1013,0.15973,0.038515,0.10123,0.14781,0.02985,0.10129,0.12276,0.020723,0.099724,0.10416,0.018037,0.099552,0.085867,0.014196,0.10053,0.072505,0.011089,0.10127,0.055662,0.0077641,0.10129,0.046878,0.0068108,0.10131,0.039348,0.0066355
0.10137,0.19161,0.060417,0.1018,0.15979,0.03854,0.10173,0.14783,0.029823,0.1018,0.12278,0.020701,0.10022,0.10417,0.018026,0.10005,0.085875,0.014188,0.10103,0.072512,0.011072,0.10178,0.055665,0.0077571,0.10179,0.046882,0.0068047,0.10181,0.039352,0.0066292
0.10188,0.19178,0.060481,0.10231,0.15986,0.038565,0.10224,0.14786,0.029798,0.1023,0.12279,0.020679,0.10072,0.10418,0.018015,0.10055,0.085883,0.01418,0.10153,0.072519,0.011055,0.10229,0.055669,0.0077504,0.1023,0.046885,0.0067986,0.10232,0.039356,0.0066231
0.10238,0.19196,0.060546,0.10282,0.15992,0.038591,0.10275,0.14788,0.029773,0.10281,0.12281,0.020657,0.10123,0.10419,0.018005,0.10105,0.085891,0.014173,0.10204,0.072527,0.011039,0.1028,0.055673,0.0077439,0.10281,0.046889,0.0067928,0.10283,0.03936,0.0066171
0.10289,0.19214,0.060612,0.10333,0.15998,0.038617,0.10326,0.14791,0.029749,0.10333,0.12282,0.020636,0.10173,0.1042,0.017995,0.10156,0.085899,0.014166,0.10255,0.072534,0.011022,0.10331,0.055677,0.0077375,0.10332,0.046892,0.0067871,0.10334,0.039364,0.0066113
0.10341,0.19232,0.060677,0.10385,0.16004,0.038645,0.10378,0.14793,0.029726,0.10384,0.12284,0.020616,0.10224,0.10421,0.017985,0.10207,0.085907,0.01416,0.10306,0.072541,0.011006,0.10383,0.05568,0.0077314,0.10384,0.046896,0.0067816,0.10386,0.039368,0.0066057
0.10392,0.1925,0.060743,0.10437,0.16011,0.038673,0.10429,0.14796,0.029703,0.10436,0.12285,0.020596,0.10275,0.10422,0.017976,0.10258,0.085915,0.014154,0.10358,0.072548,0.01099,0.10434,0.055684,0.0077254,0.10436,0.046899,0.0067762,0.10438,0.039372,0.0066002
0.10444,0.19268,0.060809,0.10489,0.16017,0.038702,0.10481,0.14798,0.029681,0.10488,0.12286,0.020576,0.10327,0.10423,0.017968,0.10309,0.085923,0.014148,0.10409,0.072555,0.010975,0.10486,0.055688,0.0077196,0.10488,0.046903,0.006771,0.1049,0.039376,0.0065949
0.10496,0.19287,0.060875,0.10541,0.16023,0.038732,0.10534,0.148,0.02966,0.1054,0.12288,0.020557,0.10379,0.10424,0.017959,0.10361,0.08593,0.014143,0.10461,0.072562,0.010959,0.10539,0.055691,0.007714,0.1054,0.046906,0.006766,0.10542,0.03938,0.0065897
0.10549,0.19305,0.060941,0.10594,0.1603,0.038762,0.10586,0.14803,0.029639,0.10593,0.12289,0.020539,0.1043,0.10425,0.017952,0.10413,0.085938,0.014137,0.10514,0.072568,0.010944,0.10591,0.055695,0.0077086,0.10593,0.046909,0.0067611,0.10595,0.039384,0.0065847
0.10602,0.19324,0.061008,0.10647,0.16036,0.038793,0.10639,0.14805,0.029619,0.10646,0.12291,0.020521,0.10483,0.10426,0.017944,0.10465,0.085946,0.014133,0.10566,0.072575,0.010929,0.10644,0.055698,0.0077033,0.10646,0.046912,0.0067564,0.10648,0.039388,0.0065798
0.10654,0.19342,0.061074,0.107,0.16042,0.038825,0.10692,0.14807,0.0296,0.10699,0.12292,0.020503,0.10535,0.10427,0.017937,0.10517,0.085953,0.014128,0.10619,0.072582,0.010915,0.10697,0.055702,0.0076983,0.10699,0.046916,0.0067519,0.10701,0.039391,0.0065751
0.10708,0.19361,0.061141,0.10753,0.16049,0.038857,0.10746,0.1481,0.029582,0.10752,0.12293,0.020486,0.10588,0.10428,0.017931,0.1057,0.085961,0.014124,0.10672,0.072588,0.0109,0.10751,0.055705,0.0076934,0.10752,0.046919,0.0067475,0.10754,0.039395,0.0065706
0.10761,0.1938,0.061208,0.10807,0.16055,0.038891,0.10799,0.14812,0.029564,0.10806,0.12295,0.020469,0.10641,0.10429,0.017925,0.10623,0.085968,0.01412,0.10725,0.072595,0.010886,0.10804,0.055709,0.0076888,0.10806,0.046922,0.0067433,0.10808,0.039399,0.0065662
0.10815,0.19398,0.061275,0.10861,0.16062,0.038925,0.10853,0.14814,0.029547,0.1086,0.12296,0.020453,0.10694,0.1043,0.017919,0.10676,0.085976,0.014117,0.10779,0.072601,0.010872,0.10858,0.055712,0.0076843,0.1086,0.046925,0.0067392,0.10862,0.039402,0.006562
0.10869,0.19417,0.061343,0.10915,0.16069,0.038959,0.10907,0.14817,0.02953,0.10914,0.12297,0.020437,0.10747,0.10431,0.017914,0.10729,0.085983,0.014114,0.10833,0.072608,0.010859,0.10912,0.055716,0.0076799,0.10914,0.046928,0.0067353,0.10916,0.039406,0.0065579
0.10923,0.19436,0.06141,0.10969,0.16075,0.038995,0.10962,0.14819,0.029514,0.10968,0.12299,0.020422,0.10801,0.10432,0.017909,0.10783,0.08599,0.014111,0.10887,0.072614,0.010845,0.10967,0.055719,0.0076758,0.10968,0.046931,0.0067316,0.1097,0.03941,0.006554
0.10978,0.19456,0.061478,0.11024,0.16082,0.039031,0.11016,0.14821,0.029499,0.11023,0.123,0.020407,0.10855,0.10433,0.017905,0.10837,0.085997,0.014109,0.10941,0.07262,0.010832,0.11021,0.055722,0.0076719,0.11023,0.046934,0.006728,0.11025,0.039413,0.0065502
0.11032,0.19475,0.061545,0.11079,0.16088,0.039068,0.11071,0.14823,0.029485,0.11078,0.12301,0.020393,0.1091,0.10434,0.017901,0.10891,0.086005,0.014107,0.10996,0.072627,0.01082,0.11076,0.055726,0.0076681,0.11078,0.046937,0.0067246,0.1108,0.039417,0.0065466
0.11088,0.19494,0.061613,0.11134,0.16095,0.039105,0.11126,0.14826,0.029471,0.11133,0.12302,0.02038,0.10964,0.10435,0.017897,0.10946,0.086012,0.014105,0.11051,0.072633,0.010807,0.11132,0.055729,0.0076646,0.11133,0.04694,0.0067213,0.11135,0.03942,0.0065431
0.11143,0.19514,0.061681,0.1119,0.16102,0.039144,0.11182,0.14828,0.029458,0.11189,0.12304,0.020366,0.11019,0.10436,0.017894,0.11,0.086019,0.014104,0.11106,0.072639,0.010795,0.11187,0.055732,0.0076612,0.11189,0.046943,0.0067182,0.11191,0.039424,0.0065398
0.11199,0.19533,0.061749,0.11246,0.16109,0.039183,0.11238,0.1483,0.029446,0.11245,0.12305,0.020353,0.11074,0.10437,0.017892,0.11055,0.086026,0.014102,0.11162,0.072645,0.010783,0.11243,0.055735,0.007658,0.11244,0.046946,0.0067153,0.11247,0.039427,0.0065367
0.11254,0.19553,0.061817,0.11302,0.16115,0.039222,0.11294,0.14832,0.029434,0.11301,0.12306,0.020341,0.1113,0.10438,0.017889,0.11111,0.086033,0.014102,0.11217,0.072651,0.010771,0.11299,0.055738,0.007655,0.11301,0.046949,0.0067125,0.11303,0.03943,0.0065337
0.11311,0.19572,0.061885,0.11358,0.16122,0.039263,0.1135,0.14834,0.029423,0.11357,0.12308,0.020329,0.11185,0.10439,0.017888,0.11166,0.08604,0.014101,0.11273,0.072657,0.01076,0.11355,0.055742,0.0076521,0.11357,0.046952,0.0067099,0.11359,0.039434,0.0065309
0.11367,0.19592,0.061953,0.11415,0.16129,0.039304,0.11407,0.14836,0.029413,0.11414,0.12309,0.020318,0.11241,0.1044,0.017886,0.11222,0.086047,0.014101,0.1133,0.072663,0.010748,0.11412,0.055745,0.0076495,0.11414,0.046955,0.0067075,0.11416,0.039437,0.0065282
0.11424,0.19612,0.062021,0.11472,0.16136,0.039346,0.11464,0.14839,0.029403,0.11471,0.1231,0.020307,0.11297,0.10441,0.017885,0.11278,0.086054,0.014102,0.11386,0.072668,0.010737,0.11469,0.055748,0.007647,0.11471,0.046958,0.0067052,0.11473,0.03944,0.0065257
0.11481,0.19632,0.062089,0.11529,0.16143,0.039388,0.11521,0.14841,0.029394,0.11528,0.12311,0.020297,0.11354,0.10442,0.017885,0.11335,0.086061,0.014102,0.11443,0.072674,0.010727,0.11526,0.055751,0.0076448,0.11528,0.046961,0.0067031,0.1153,0.039444,0.0065233
0.11538,0.19652,0.062157,0.11586,0.1615,0.039431,0.11578,0.14843,0.029386,0.11586,0.12312,0.020287,0.11411,0.10443,0.017885,0.11392,0.086067,0.014103,0.115,0.07268,0.010716,0.11584,0.055754,0.0076427,0.11585,0.046964,0.0067011,0.11587,0.039447,0.0065211
0.11596,0.19672,0.062225,0.11644,0.16157,0.039475,0.11636,0.14845,0.029379,0.11643,0.12314,0.020278,0.11468,0.10444,0.017885,0.11449,0.086074,0.014105,0.11558,0.072685,0.010706,0.11642,0.055757,0.0076408,0.11643,0.046966,0.0066993,0.11645,0.03945,0.0065191
0.11654,0.19693,0.062293,0.11702,0.16164,0.03952,0.11694,0.14847,0.029372,0.11702,0.12315,0.020269,0.11525,0.10445,0.017886,0.11506,0.086081,0.014106,0.11615,0.072691,0.010696,0.117,0.05576,0.0076391,0.11701,0.046969,0.0066977,0.11703,0.039453,0.0065172
0.11712,0.19713,0.062361,0.11761,0.16171,0.039565,0.11753,0.14849,0.029366,0.1176,0.12316,0.02026,0.11583,0.10445,0.017887,0.11563,0.086087,0.014108,0.11673,0.072697,0.010686,0.11758,0.055763,0.0076375,0.1176,0.046972,0.0066962,0.11762,0.039456,0.0065154
0.1177,0.19734,0.062429,0.11819,0.16178,0.039611,0.11811,0.14851,0.02936,0.11819,0.12317,0.020252,0.11641,0.10446,0.017889,0.11621,0.086094,0.014111,0.11732,0.072702,0.010677,0.11817,0.055766,0.0076362,0.11818,0.046974,0.0066949,0.1182,0.03946,0.0065138
0.11829,0.19754,0.062497,0.11878,0.16186,0.039657,0.1187,0.14853,0.029356,0.11877,0.12318,0.020245,0.11699,0.10447,0.017891,0.11679,0.086101,0.014114,0.1179,0.072708,0.010667,0.11876,0.055768,0.007635,0.11877,0.046977,0.0066938,0.11879,0.039463,0.0065124
0.11888,0.19775,0.062565,0.11938,0.16193,0.039705,0.11929,0.14855,0.029352,0.11937,0.1232,0.020238,0.11758,0.10448,0.017894,0.11738,0.086107,0.014117,0.11849,0.072713,0.010659,0.11935,0.055771,0.007634,0.11936,0.04698,0.0066928,0.11939,0.039466,0.0065111
0.11947,0.19796,0.062633,0.11997,0.162,0.039753,0.11989,0.14858,0.029348,0.11996,0.12321,0.020231,0.11816,0.10449,0.017897,0.11797,0.086114,0.01412,0.11908,0.072718,0.01065,0.11994,0.055774,0.0076333,0.11996,0.046982,0.006692,0.11998,0.039469,0.00651
0.12007,0.19817,0.062701,0.12057,0.16207,0.039801,0.12049,0.1486,0.029345,0.12056,0.12322,0.020225,0.11875,0.1045,0.0179,0.11856,0.08612,0.014124,0.11968,0.072723,0.010641,0.12054,0.055777,0.0076326,0.12056,0.046985,0.0066913,0.12058,0.039472,0.0065091
0.12067,0.19838,0.062768,0.12117,0.16215,0.039851,0.12109,0.14862,0.029344,0.12116,0.12323,0.02022,0.11935,0.10451,0.017904,0.11915,0.086126,0.014128,0.12028,0.072729,0.010633,0.12114,0.05578,0.0076322,0.12116,0.046988,0.0066908,0.12118,0.039475,0.0065083
0.12127,0.19859,0.062836,0.12178,0.16222,0.039901,0.12169,0.14864,0.029342,0.12177,0.12324,0.020215,0.11995,0.10452,0.017908,0.11975,0.086133,0.014132,0.12088,0.072734,0.010625,0.12175,0.055783,0.007632,0.12176,0.04699,0.0066905,0.12179,0.039478,0.0065076
0.12188,0.1988,0.062903,0.12238,0.1623,0.039951,0.1223,0.14866,0.029342,0.12237,0.12325,0.02021,0.12055,0.10452,0.017913,0.12035,0.086139,0.014137,0.12148,0.072739,0.010618,0.12236,0.055785,0.0076319,0.12237,0.046993,0.0066903,0.12239,0.039481,0.0065071
0.12249,0.19901,0.062971,0.12299,0.16237,0.040003,0.12291,0.14868,0.029342,0.12299,0.12326,0.020206,0.12115,0.10453,0.017918,0.12095,0.086145,0.014142,0.12209,0.072744,0.01061,0.12297,0.055788,0.0076321,0.12298,0.046995,0.0066903,0.123,0.039484,0.0065068
0.1231,0.19923,0.063038,0.12361,0.16245,0.040055,0.12352,0.1487,0.029343,0.1236,0.12328,0.020203,0.12176,0.10454,0.017924,0.12155,0.086152,0.014148,0.1227,0.072749,0.010603,0.12358,0.055791,0.0076324,0.12359,0.046998,0.0066904,0.12362,0.039487,0.0065066
0.12371,0.19944,0.063105,0.12422,0.16252,0.040107,0.12414,0.14872,0.029344,0.12422,0.12329,0.020199,0.12236,0.10455,0.01793,0.12216,0.086158,0.014154,0.12331,0.072754,0.010596,0.1242,0.055793,0.0076329,0.12421,0.047,0.0066907,0.12424,0.039489,0.0065066
0.12433,0.19966,0.063172,0.12484,0.1626,0.040161,0.12476,0.14874,0.029346,0.12483,0.1233,0.020197,0.12298,0.10456,0.017936,0.12277,0.086164,0.01416,0.12393,0.072759,0.010589,0.12482,0.055796,0.0076336,0.12483,0.047003,0.0066912,0.12485,0.039492,0.0065067
0.12495,0.19988,0.063238,0.12547,0.16267,0.040215,0.12538,0.14876,0.029349,0.12546,0.12331,0.020195,0.12359,0.10457,0.017943,0.12339,0.08617,0.014166,0.12455,0.072764,0.010583,0.12544,0.055799,0.0076345,0.12545,0.047005,0.0066919,0.12548,0.039495,0.006507
0.12558,0.20009,0.063305,0.12609,0.16275,0.040269,0.12601,0.14878,0.029353,0.12608,0.12332,0.020193,0.12421,0.10457,0.017951,0.124,0.086176,0.014173,0.12517,0.072769,0.010577,0.12606,0.055801,0.0076355,0.12608,0.047007,0.0066927,0.1261,0.039498,0.0065075
0.1262,0.20031,0.063371,0.12672,0.16283,0.040325,0.12664,0.1488,0.029357,0.12671,0.12333,0.020192,0.12483,0.10458,0.017958,0.12462,0.086182,0.01418,0.12579,0.072773,0.010571,0.12669,0.055804,0.0076368,0.12671,0.04701,0.0066936,0.12673,0.039501,0.0065081
0.12683,0.20053,0.063437,0.12735,0.16291,0.040381,0.12727,0.14882,0.029362,0.12734,0.12334,0.020191,0.12546,0.10459,0.017967,0.12525,0.086188,0.014188,0.12642,0.072778,0.010565,0.12732,0.055806,0.0076382,0.12734,0.047012,0.0066947,0.12736,0.039503,0.0065089
0.12747,0.20075,0.063503,0.12799,0.16299,0.040437,0.1279,0.14883,0.029368,0.12798,0.12335,0.020191,0.12608,0.1046,0.017975,0.12588,0.086194,0.014196,0.12705,0.072783,0.01056,0.12796,0.055809,0.0076398,0.12798,0.047014,0.006696,0.128,0.039506,0.0065098
0.1281,0.20098,0.063569,0.12863,0.16307,0.040494,0.12854,0.14885,0.029374,0.12862,0.12336,0.020191,0.12671,0.10461,0.017984,0.12651,0.0862,0.014204,0.12769,0.072787,0.010555,0.1286,0.055811,0.0076417,0.12861,0.047017,0.0066975,0.12864,0.039509,0.0065109
0.12874,0.2012,0.063634,0.12927,0.16314,0.040552,0.12918,0.14887,0.029381,0.12926,0.12337,0.020192,0.12735,0.10461,0.017994,0.12714,0.086206,0.014213,0.12833,0.072792,0.01055,0.12924,0.055814,0.0076436,0.12926,0.047019,0.0066991,0.12928,0.039512,0.0065121
0.12938,0.20142,0.0637,0.12991,0.16322,0.040611,0.12983,0.14889,0.029389,0.1299,0.12338,0.020193,0.12799,0.10462,0.018004,0.12777,0.086212,0.014221,0.12897,0.072797,0.010545,0.12988,0.055816,0.0076458,0.1299,0.047021,0.0067009,0.12993,0.039514,0.0065135
0.13003,0.20165,0.063765,0.13056,0.16331,0.04067,0.13047,0.14891,0.029397,0.13055,0.12339,0.020195,0.12863,0.10463,0.018014,0.12841,0.086218,0.014231,0.12961,0.072801,0.010541,0.13053,0.055819,0.0076482,0.13055,0.047024,0.0067028,0.13057,0.039517,0.0065151
0.13068,0.20187,0.063829,0.13121,0.16339,0.04073,0.13112,0.14893,0.029406,0.1312,0.12341,0.020197,0.12927,0.10464,0.018025,0.12906,0.086224,0.01424,0.13026,0.072806,0.010537,0.13118,0.055821,0.0076507,0.1312,0.047026,0.0067049,0.13122,0.039519,0.0065168
0.13133,0.2021,0.063894,0.13187,0.16347,0.04079,0.13178,0.14895,0.029416,0.13186,0.12342,0.0202,0.12992,0.10465,0.018036,0.1297,0.08623,0.01425,0.13091,0.07281,0.010533,0.13184,0.055823,0.0076535,0.13185,0.047028,0.0067072,0.13188,0.039522,0.0065186
0.13199,0.20233,0.063958,0.13253,0.16355,0.040851,0.13244,0.14897,0.029427,0.13252,0.12343,0.020203,0.13057,0.10465,0.018048,0.13035,0.086236,0.014261,0.13156,0.072814,0.01053,0.1325,0.055826,0.0076564,0.13251,0.04703,0.0067096,0.13254,0.039525,0.0065207
0.13265,0.20256,0.064022,0.13319,0.16363,0.040913,0.1331,0.14899,0.029438,0.13318,0.12344,0.020207,0.13122,0.10466,0.01806,0.131,0.086242,0.014271,0.13222,0.072819,0.010526,0.13316,0.055828,0.0076595,0.13317,0.047032,0.0067122,0.1332,0.039527,0.0065228
0.13331,0.20279,0.064085,0.13385,0.16372,0.040975,0.13376,0.14901,0.02945,0.13384,0.12345,0.020211,0.13188,0.10467,0.018073,0.13166,0.086247,0.014282,0.13288,0.072823,0.010523,0.13382,0.05583,0.0076628,0.13384,0.047035,0.006715,0.13386,0.03953,0.0065252
0.13397,0.20302,0.064148,0.13452,0.1638,0.041038,0.13443,0.14903,0.029463,0.13451,0.12346,0.020216,0.13254,0.10468,0.018086,0.13232,0.086253,0.014294,0.13355,0.072827,0.01052,0.13449,0.055833,0.0076663,0.13451,0.047037,0.0067179,0.13453,0.039532,0.0065277
0.13464,0.20325,0.064211,0.13519,0.16388,0.041102,0.1351,0.14904,0.029476,0.13518,0.12347,0.020221,0.1332,0.10468,0.018099,0.13298,0.086259,0.014305,0.13421,0.072831,0.010518,0.13516,0.055835,0.00767,0.13518,0.047039,0.006721,0.1352,0.039535,0.0065303
0.13532,0.20348,0.064273,0.13586,0.16397,0.041166,0.13577,0.14906,0.02949,0.13585,0.12348,0.020227,0.13386,0.10469,0.018113,0.13365,0.086264,0.014318,0.13488,0.072836,0.010515,0.13583,0.055837,0.0076738,0.13585,0.047041,0.0067242,0.13588,0.039537,0.0065331
0.13599,0.20372,0.064336,0.13654,0.16405,0.041231,0.13645,0.14908,0.029505,0.13653,0.12349,0.020233,0.13453,0.1047,0.018128,0.13431,0.08627,0.01433,0.13556,0.07284,0.010513,0.13651,0.05584,0.0076779,0.13653,0.047043,0.0067276,0.13655,0.03954,0.0065361
0.13667,0.20395,0.064397,0.13722,0.16414,0.041296,0.13713,0.1491,0.02952,0.13721,0.1235,0.020239,0.13521,0.10471,0.018142,0.13499,0.086276,0.014343,0.13623,0.072844,0.010512,0.13719,0.055842,0.0076821,0.13721,0.047045,0.0067312,0.13724,0.039542,0.0065393
0.13735,0.20419,0.064459,0.13791,0.16423,0.041362,0.13782,0.14912,0.029536,0.1379,0.12351,0.020246,0.13588,0.10471,0.018158,0.13566,0.086281,0.014356,0.13692,0.072848,0.01051,0.13788,0.055844,0.0076865,0.13789,0.047047,0.0067349,0.13792,0.039544,0.0065425
0.13804,0.20442,0.06452,0.1386,0.16431,0.041429,0.1385,0.14914,0.029553,0.13859,0.12352,0.020254,0.13656,0.10472,0.018173,0.13634,0.086287,0.014369,0.1376,0.072852,0.010509,0.13857,0.055846,0.0076912,0.13858,0.047049,0.0067388,0.13861,0.039547,0.006546
0.13873,0.20466,0.06458,0.13929,0.1644,0.041496,0.13919,0.14916,0.029571,0.13928,0.12353,0.020262,0.13725,0.10473,0.018189,0.13702,0.086292,0.014383,0.13829,0.072856,0.010508,0.13926,0.055848,0.007696,0.13927,0.047051,0.0067429,0.1393,0.039549,0.0065496
0.13942,0.2049,0.06464,0.13998,0.16449,0.041564,0.13989,0.14918,0.029589,0.13997,0.12354,0.020271,0.13793,0.10474,0.018206,0.13771,0.086298,0.014397,0.13898,0.07286,0.010507,0.13995,0.055851,0.0077009,0.13997,0.047053,0.0067471,0.13999,0.039552,0.0065534
0.14012,0.20514,0.0647,0.14068,0.16458,0.041632,0.14059,0.14919,0.029608,0.14067,0.12355,0.02028,0.13862,0.10474,0.018223,0.1384,0.086303,0.014412,0.13967,0.072864,0.010506,0.14065,0.055853,0.0077061,0.14067,0.047055,0.0067515,0.14069,0.039554,0.0065573
0.14081,0.20538,0.064759,0.14138,0.16467,0.041701,0.14129,0.14921,0.029628,0.14137,0.12356,0.020289,0.13932,0.10475,0.018241,0.13909,0.086309,0.014427,0.14037,0.072867,0.010506,0.14135,0.055855,0.0077115,0.14137,0.047057,0.0067561,0.14139,0.039556,0.0065614
0.14152,0.20562,0.064818,0.14209,0.16476,0.04177,0.14199,0.14923,0.029648,0.14208,0.12357,0.020299,0.14001,0.10476,0.018258,0.13979,0.086314,0.014442,0.14107,0.072871,0.010506,0.14206,0.055857,0.007717,0.14207,0.047059,0.0067608,0.1421,0.039558,0.0065656
0.14222,0.20586,0.064877,0.1428,0.16485,0.04184,0.1427,0.14925,0.029669,0.14279,0.12358,0.02031,0.14071,0.10477,0.018277,0.14049,0.08632,0.014458,0.14178,0.072875,0.010506,0.14276,0.055859,0.0077228,0.14278,0.047061,0.0067657,0.14281,0.039561,0.00657
0.14293,0.20611,0.064934,0.14351,0.16494,0.041911,0.14341,0.14927,0.029691,0.1435,0.12359,0.020321,0.14142,0.10477,0.018296,0.14119,0.086325,0.014474,0.14248,0.072879,0.010507,0.14348,0.055861,0.0077287,0.14349,0.047063,0.0067708,0.14352,0.039563,0.0065746
0.14365,0.20635,0.064992,0.14422,0.16503,0.041982,0.14413,0.14929,0.029714,0.14421,0.1236,0.020332,0.14213,0.10478,0.018315,0.1419,0.086331,0.01449,0.1432,0.072883,0.010507,0.14419,0.055863,0.0077348,0.14421,0.047065,0.006776,0.14424,0.039565,0.0065793
0.14437,0.2066,0.065049,0.14494,0.16512,0.042054,0.14485,0.1493,0.029737,0.14493,0.12361,0.020344,0.14284,0.10479,0.018335,0.14261,0.086336,0.014506,0.14391,0.072886,0.010508,0.14491,0.055865,0.0077411,0.14493,0.047067,0.0067814,0.14496,0.039568,0.0065842
0.14509,0.20684,0.065105,0.14567,0.16522,0.042127,0.14557,0.14932,0.029761,0.14566,0.12362,0.020357,0.14355,0.10479,0.018355,0.14332,0.086341,0.014524,0.14463,0.07289,0.01051,0.14564,0.055867,0.0077476,0.14565,0.047069,0.006787,0.14568,0.03957,0.0065892
0.14581,0.20709,0.065161,0.14639,0.16531,0.0422,0.1463,0.14934,0.029786,0.14638,0.12363,0.02037,0.14427,0.1048,0.018375,0.14404,0.086347,0.014541,0.14535,0.072893,0.010511,0.14636,0.055869,0.0077543,0.14638,0.04707,0.0067927,0.14641,0.039572,0.0065945
0.14654,0.20734,0.065217,0.14712,0.16541,0.042273,0.14703,0.14936,0.029811,0.14711,0.12364,0.020383,0.14499,0.10481,0.018396,0.14476,0.086352,0.014559,0.14608,0.072897,0.010513,0.14709,0.055871,0.0077612,0.14711,0.047072,0.0067986,0.14714,0.039574,0.0065998
0.14727,0.20759,0.065271,0.14786,0.1655,0.042347,0.14776,0.14938,0.029837,0.14785,0.12364,0.020397,0.14572,0.10482,0.018418,0.14548,0.086357,0.014577,0.14681,0.0729,0.010515,0.14783,0.055873,0.0077683,0.14784,0.047074,0.0068046,0.14787,0.039576,0.0066053
0.148,0.20784,0.065326,0.14859,0.1656,0.042422,0.1485,0.14939,0.029864,0.14859,0.12365,0.020412,0.14645,0.10482,0.01844,0.14621,0.086363,0.014595,0.14754,0.072904,0.010517,0.14856,0.055875,0.0077755,0.14858,0.047076,0.0068108,0.14861,0.039578,0.006611
0.14874,0.20809,0.065379,0.14934,0.16569,0.042497,0.14924,0.14941,0.029891,0.14933,0.12366,0.020427,0.14718,0.10483,0.018462,0.14694,0.086368,0.014614,0.14828,0.072907,0.01052,0.1493,0.055877,0.007783,0.14932,0.047078,0.0068172,0.14935,0.039581,0.0066169
0.14949,0.20834,0.065433,0.15008,0.16579,0.042573,0.14998,0.14943,0.02992,0.15007,0.12367,0.020442,0.14791,0.10484,0.018485,0.14768,0.086373,0.014633,0.14902,0.072911,0.010523,0.15005,0.055879,0.0077906,0.15007,0.04708,0.0068238,0.15009,0.039583,0.0066229
0.15023,0.20859,0.065485,0.15083,0.16589,0.042649,0.15073,0.14945,0.029949,0.15082,0.12368,0.020458,0.14865,0.10484,0.018508,0.14842,0.086379,0.014653,0.14976,0.072914,0.010526,0.1508,0.055881,0.0077985,0.15082,0.047081,0.0068305,0.15084,0.039585,0.0066291
0.15098,0.20884,0.065537,0.15158,0.16598,0.042725,0.15148,0.14947,0.029978,0.15157,0.12369,0.020475,0.1494,0.10485,0.018532,0.14916,0.086384,0.014673,0.15051,0.072918,0.010529,0.15155,0.055883,0.0078065,0.15157,0.047083,0.0068374,0.1516,0.039587,0.0066354
0.15174,0.2091,0.065589,0.15234,0.16608,0.042803,0.15224,0.14949,0.030009,0.15233,0.1237,0.020492,0.15015,0.10486,0.018557,0.14991,0.086389,0.014693,0.15126,0.072921,0.010533,0.15231,0.055885,0.0078147,0.15232,0.047085,0.0068444,0.15235,0.039589,0.0066419
0.15249,0.20935,0.065639,0.1531,0.16618,0.042881,0.153,0.1495,0.03004,0.15309,0.12371,0.020509,0.1509,0.10486,0.018581,0.15066,0.086394,0.014713,0.15202,0.072924,0.010536,0.15307,0.055886,0.0078231,0.15308,0.047087,0.0068517,0.15311,0.039591,0.0066485
0.15326,0.20961,0.065689,0.15386,0.16628,0.042959,0.15376,0.14952,0.030072,0.15385,0.12372,0.020527,0.15165,0.10487,0.018606,0.15141,0.0864,0.014734,0.15278,0.072928,0.01054,0.15383,0.055888,0.0078317,0.15385,0.047088,0.0068591,0.15388,0.039593,0.0066554
0.15402,0.20987,0.065739,0.15463,0.16638,0.043038,0.15453,0.14954,0.030104,0.15462,0.12373,0.020546,0.15241,0.10488,0.018632,0.15217,0.086405,0.014756,0.15354,0.072931,0.010545,0.1546,0.05589,0.0078405,0.15462,0.04709,0.0068666,0.15464,0.039595,0.0066623
0.15479,0.21012,0.065788,0.1554,0.16649,0.043117,0.1553,0.14956,0.030138,0.15539,0.12374,0.020564,0.15317,0.10488,0.018658,0.15293,0.08641,0.014777,0.15431,0.072934,0.010549,0.15537,0.055892,0.0078495,0.15539,0.047092,0.0068744,0.15541,0.039597,0.0066695
0.15556,0.21038,0.065836,0.15618,0.16659,0.043197,0.15607,0.14958,0.030172,0.15617,0.12375,0.020584,0.15394,0.10489,0.018684,0.15369,0.086415,0.014799,0.15508,0.072937,0.010554,0.15614,0.055894,0.0078586,0.15616,0.047093,0.0068823,0.15619,0.039599,0.0066768
0.15634,0.21064,0.065883,0.15696,0.16669,0.043277,0.15685,0.14959,0.030206,0.15695,0.12376,0.020604,0.15471,0.1049,0.018711,0.15446,0.08642,0.014822,0.15585,0.07294,0.010559,0.15692,0.055895,0.007868,0.15694,0.047095,0.0068903,0.15697,0.039601,0.0066843
0.15712,0.2109,0.06593,0.15774,0.1668,0.043358,0.15764,0.14961,0.030242,0.15773,0.12377,0.020624,0.15548,0.1049,0.018739,0.15524,0.086425,0.014845,0.15663,0.072943,0.010565,0.1577,0.055897,0.0078776,0.15772,0.047097,0.0068986,0.15775,0.039603,0.0066919
0.1579,0.21116,0.065976,0.15852,0.1669,0.043439,0.15842,0.14963,0.030278,0.15852,0.12378,0.020645,0.15626,0.10491,0.018767,0.15601,0.086431,0.014868,0.15742,0.072946,0.01057,0.15849,0.055899,0.0078873,0.15851,0.047098,0.006907,0.15854,0.039605,0.0066997
0.15869,0.21143,0.066022,0.15932,0.167,0.043521,0.15921,0.14965,0.030315,0.15931,0.12379,0.020667,0.15704,0.10492,0.018795,0.15679,0.086436,0.014891,0.1582,0.072949,0.010576,0.15928,0.055901,0.0078973,0.1593,0.0471,0.0069155,0.15933,0.039607,0.0067076
0.15948,0.21169,0.066066,0.16011,0.16711,0.043604,0.16001,0.14967,0.030353,0.1601,0.12379,0.020689,0.15783,0.10492,0.018824,0.15758,0.086441,0.014915,0.15899,0.072952,0.010582,0.16008,0.055902,0.0079074,0.1601,0.047102,0.0069243,0.16012,0.039609,0.0067158
0.16028,0.21195,0.06611,0.16091,0.16722,0.043686,0.16081,0.14968,0.030391,0.1609,0.1238,0.020711,0.15862,0.10493,0.018853,0.15837,0.086446,0.014939,0.15979,0.072955,0.010589,0.16088,0.055904,0.0079178,0.16089,0.047103,0.0069332,0.16092,0.039611,0.0067241
0.16108,0.21222,0.066154,0.16171,0.16732,0.04377,0.16161,0.1497,0.03043,0.1617,0.12381,0.020734,0.15941,0.10494,0.018883,0.15916,0.086451,0.014964,0.16058,0.072958,0.010595,0.16168,0.055906,0.0079283,0.1617,0.047105,0.0069423,0.16173,0.039613,0.0067325
0.16188,0.21248,0.066196,0.16252,0.16743,0.043853,0.16241,0.14972,0.03047,0.16251,0.12382,0.020758,0.16021,0.10495,0.018913,0.15996,0.086456,0.014989,0.16139,0.072961,0.010602,0.16248,0.055908,0.007939,0.1625,0.047106,0.0069515,0.16253,0.039614,0.0067411
0.16269,0.21275,0.066238,0.16333,0.16754,0.043937,0.16322,0.14974,0.03051,0.16332,0.12383,0.020782,0.16101,0.10495,0.018944,0.16076,0.086461,0.015014,0.16219,0.072964,0.010609,0.1633,0.055909,0.0079499,0.16331,0.047108,0.0069609,0.16334,0.039616,0.0067499
0.16351,0.21302,0.066279,0.16414,0.16765,0.044022,0.16404,0.14976,0.030552,0.16413,0.12384,0.020806,0.16182,0.10496,0.018975,0.16156,0.086466,0.01504,0.163,0.072967,0.010617,0.16411,0.055911,0.0079611,0.16413,0.047109,0.0069705,0.16416,0.039618,0.0067589
0.16432,0.21329,0.066319,0.16496,0.16776,0.044107,0.16486,0.14978,0.030594,0.16495,0.12385,0.020831,0.16263,0.10497,0.019007,0.16237,0.086472,0.015066,0.16382,0.07297,0.010625,0.16493,0.055913,0.0079724,0.16495,0.047111,0.0069803,0.16498,0.03962,0.006768
0.16514,0.21356,0.066358,0.16579,0.16787,0.044193,0.16568,0.14979,0.030637,0.16578,0.12386,0.020856,0.16344,0.10497,0.019039,0.16318,0.086477,0.015093,0.16464,0.072973,0.010633,0.16575,0.055914,0.0079839,0.16577,0.047113,0.0069902,0.1658,0.039622,0.0067773
0.16597,0.21382,0.066397,0.16661,0.16798,0.044279,0.16651,0.14981,0.03068,0.1666,0.12387,0.020882,0.16426,0.10498,0.019071,0.164,0.086482,0.01512,0.16546,0.072976,0.010641,0.16658,0.055916,0.0079956,0.1666,0.047114,0.0070004,0.16663,0.039624,0.0067867
0.16679,0.2141,0.066434,0.16744,0.1681,0.044365,0.16734,0.14983,0.030724,0.16743,0.12388,0.020909,0.16508,0.10499,0.019104,0.16482,0.086487,0.015147,0.16628,0.072978,0.010649,0.16741,0.055917,0.0080075,0.16743,0.047116,0.0070106,0.16746,0.039626,0.0067963
0.16763,0.21437,0.066471,0.16828,0.16821,0.044452,0.16817,0.14985,0.030769,0.16827,0.12389,0.020936,0.1659,0.10499,0.019138,0.16564,0.086492,0.015174,0.16712,0.072981,0.010658,0.16824,0.055919,0.0080196,0.16826,0.047117,0.0070211,0.16829,0.039627,0.0068061
0.16846,0.21464,0.066507,0.16912,0.16832,0.044539,0.16901,0.14987,0.030815,0.16911,0.1239,0.020964,0.16673,0.105,0.019172,0.16647,0.086497,0.015202,0.16795,0.072984,0.010667,0.16908,0.055921,0.0080319,0.1691,0.047119,0.0070317,0.16913,0.039629,0.006816
0.16931,0.21491,0.066542,0.16996,0.16844,0.044627,0.16985,0.14988,0.030862,0.16995,0.1239,0.020992,0.16757,0.105,0.019206,0.16731,0.086502,0.015231,0.16879,0.072986,0.010676,0.16993,0.055922,0.0080444,0.16995,0.04712,0.0070425,0.16998,0.039631,0.0068261
0.17015,0.21519,0.066576,0.17081,0.16856,0.044715,0.1707,0.1499,0.030909,0.1708,0.12391,0.02102,0.16841,0.10501,0.019241,0.16814,0.086507,0.015259,0.16963,0.072989,0.010686,0.17077,0.055924,0.008057,0.17079,0.047122,0.0070535,0.17083,0.039633,0.0068364
0.171,0.21546,0.06661,0.17166,0.16867,0.044803,0.17155,0.14992,0.030957,0.17165,0.12392,0.021049,0.16925,0.10502,0.019276,0.16899,0.086512,0.015288,0.17048,0.072992,0.010696,0.17163,0.055925,0.0080699,0.17165,0.047123,0.0070646,0.17168,0.039634,0.0068469
0.17185,0.21574,0.066642,0.17252,0.16879,0.044892,0.17241,0.14994,0.031005,0.17251,0.12393,0.021079,0.1701,0.10502,0.019312,0.16983,0.086517,0.015318,0.17133,0.072994,0.010706,0.17248,0.055927,0.008083,0.1725,0.047124,0.007076,0.17253,0.039636,0.0068575
0.17271,0.21601,0.066674,0.17338,0.16891,0.044982,0.17327,0.14996,0.031055,0.17337,0.12394,0.021109,0.17095,0.10503,0.019348,0.17068,0.086522,0.015348,0.17219,0.072997,0.010716,0.17334,0.055928,0.0080963,0.17336,0.047126,0.0070874,0.17339,0.039638,0.0068683
0.17357,0.21629,0.066704,0.17424,0.16903,0.045071,0.17413,0.14998,0.031105,0.17423,0.12395,0.021139,0.1718,0.10504,0.019385,0.17153,0.086527,0.015378,0.17305,0.073,0.010727,0.17421,0.05593,0.0081098,0.17423,0.047127,0.0070991,0.17426,0.03964,0.0068792
0.17444,0.21657,0.066734,0.17511,0.16915,0.045161,0.175,0.15,0.031156,0.1751,0.12396,0.021171,0.17266,0.10504,0.019423,0.17239,0.086532,0.015409,0.17391,0.073002,0.010737,0.17508,0.055932,0.0081235,0.1751,0.047129,0.007111,0.17513,0.039641,0.0068903
0.17531,0.21684,0.066763,0.17599,0.16927,0.045252,0.17588,0.15001,0.031208,0.17598,0.12397,0.021202,0.17353,0.10505,0.01946,0.17326,0.086538,0.01544,0.17478,0.073005,0.010748,0.17595,0.055933,0.0081374,0.17597,0.04713,0.007123,0.176,0.039643,0.0069016
0.17619,0.21712,0.066791,0.17686,0.16939,0.045343,0.17675,0.15003,0.03126,0.17685,0.12398,0.021234,0.17439,0.10506,0.019499,0.17412,0.086543,0.015471,0.17565,0.073007,0.01076,0.17683,0.055935,0.0081514,0.17685,0.047132,0.0071352,0.17688,0.039645,0.0069131
0.17707,0.2174,0.066818,0.17775,0.16951,0.045434,0.17763,0.15005,0.031313,0.17774,0.12399,0.021267,0.17527,0.10506,0.019537,0.17499,0.086548,0.015503,0.17653,0.07301,0.010771,0.17771,0.055936,0.0081657,0.17773,0.047133,0.0071475,0.17776,0.039647,0.0069247
0.17795,0.21768,0.066843,0.17863,0.16963,0.045525,0.17852,0.15007,0.031367,0.17862,0.124,0.0213,0.17614,0.10507,0.019576,0.17587,0.086553,0.015535,0.17741,0.073012,0.010783,0.1786,0.055937,0.0081802,0.17862,0.047134,0.0071601,0.17865,0.039648,0.0069365
0.17884,0.21796,0.066868,0.17953,0.16976,0.045617,0.17941,0.15009,0.031422,0.17951,0.124,0.021334,0.17702,0.10508,0.019616,0.17675,0.086558,0.015567,0.1783,0.073014,0.010796,0.17949,0.055939,0.0081949,0.17951,0.047136,0.0071728,0.17954,0.03965,0.0069485
0.17973,0.21824,0.066892,0.18042,0.16988,0.045709,0.18031,0.15011,0.031477,0.18041,0.12401,0.021368,0.17791,0.10508,0.019656,0.17763,0.086563,0.0156,0.17919,0.073017,0.010808,0.18038,0.05594,0.0082098,0.1804,0.047137,0.0071857,0.18044,0.039652,0.0069606
0.18063,0.21853,0.066915,0.18132,0.17001,0.045802,0.18121,0.15013,0.031534,0.18131,0.12402,0.021403,0.1788,0.10509,0.019697,0.17852,0.086568,0.015633,0.18009,0.073019,0.010821,0.18128,0.055942,0.0082249,0.1813,0.047139,0.0071988,0.18134,0.039653,0.0069729
0.18153,0.21881,0.066937,0.18223,0.17013,0.045895,0.18211,0.15015,0.031591,0.18221,0.12403,0.021438,0.17969,0.1051,0.019738,0.17942,0.086573,0.015667,0.18098,0.073021,0.010834,0.18219,0.055943,0.0082402,0.18221,0.04714,0.007212,0.18224,0.039655,0.0069854
0.18244,0.21909,0.066958,0.18313,0.17026,0.045988,0.18302,0.15016,0.031648,0.18312,0.12404,0.021474,0.18059,0.1051,0.01978,0.18031,0.086578,0.015701,0.18189,0.073024,0.010847,0.1831,0.055945,0.0082557,0.18312,0.047141,0.0072254,0.18315,0.039657,0.006998
0.18335,0.21938,0.066977,0.18405,0.17039,0.046082,0.18393,0.15018,0.031707,0.18404,0.12405,0.02151,0.1815,0.10511,0.019822,0.18122,0.086583,0.015736,0.1828,0.073026,0.01086,0.18401,0.055946,0.0082714,0.18403,0.047143,0.0072391,0.18406,0.039658,0.0070108
0.18426,0.21966,0.066996,0.18497,0.17052,0.046176,0.18485,0.1502,0.031766,0.18495,0.12406,0.021547,0.1824,0.10512,0.019864,0.18212,0.086588,0.01577,0.18371,0.073028,0.010874,0.18493,0.055948,0.0082873,0.18495,0.047144,0.0072528,0.18498,0.03966,0.0070238
0.18518,0.21995,0.067013,0.18589,0.17065,0.04627,0.18577,0.15022,0.031826,0.18588,0.12407,0.021584,0.18332,0.10512,0.019907,0.18304,0.086594,0.015806,0.18463,0.073031,0.010888,0.18585,0.055949,0.0083034,0.18587,0.047145,0.0072668,0.1859,0.039661,0.007037
0.18611,0.22023,0.06703,0.18682,0.17078,0.046364,0.1867,0.15024,0.031887,0.1868,0.12408,0.021622,0.18423,0.10513,0.019951,0.18395,0.086599,0.015841,0.18555,0.073033,0.010902,0.18678,0.05595,0.0083197,0.1868,0.047147,0.0072809,0.18683,0.039663,0.0070503
0.18704,0.22052,0.067045,0.18775,0.17091,0.046459,0.18763,0.15026,0.031948,0.18774,0.12409,0.021661,0.18516,0.10514,0.019995,0.18487,0.086604,0.015877,0.18648,0.073035,0.010917,0.18771,0.055952,0.0083362,0.18773,0.047148,0.0072953,0.18776,0.039665,0.0070639
0.18797,0.22081,0.06706,0.18868,0.17104,0.046554,0.18857,0.15028,0.032011,0.18867,0.1241,0.0217,0.18608,0.10514,0.02004,0.1858,0.086609,0.015914,0.18741,0.073037,0.010932,0.18865,0.055953,0.0083529,0.18867,0.047149,0.0073098,0.1887,0.039666,0.0070775
0.18891,0.2211,0.067073,0.18963,0.17118,0.04665,0.18951,0.1503,0.032074,0.18961,0.12411,0.021739,0.18701,0.10515,0.020085,0.18673,0.086614,0.01595,0.18835,0.073039,0.010947,0.18959,0.055955,0.0083699,0.18961,0.04715,0.0073244,0.18964,0.039668,0.0070914
0.18985,0.22138,0.067085,0.19057,0.17131,0.046745,0.19045,0.15032,0.032138,0.19056,0.12411,0.021779,0.18795,0.10516,0.02013,0.18766,0.086619,0.015988,0.18929,0.073042,0.010962,0.19053,0.055956,0.008387,0.19055,0.047152,0.0073393,0.19059,0.039669,0.0071054
0.1908,0.22167,0.067096,0.19152,0.17145,0.046841,0.1914,0.15034,0.032202,0.19151,0.12412,0.02182,0.18889,0.10516,0.020176,0.1886,0.086624,0.016025,0.19023,0.073044,0.010978,0.19148,0.055957,0.0084043,0.19151,0.047153,0.0073543,0.19154,0.039671,0.0071196
0.19175,0.22196,0.067106,0.19248,0.17158,0.046937,0.19236,0.15036,0.032268,0.19247,0.12413,0.021861,0.18983,0.10517,0.020223,0.18954,0.08663,0.016063,0.19118,0.073046,0.010994,0.19244,0.055959,0.0084219,0.19246,0.047154,0.0073696,0.19249,0.039672,0.007134
0.19271,0.22225,0.067114,0.19344,0.17172,0.047034,0.19332,0.15038,0.032334,0.19343,0.12414,0.021902,0.19078,0.10518,0.02027,0.19049,0.086635,0.016101,0.19214,0.073048,0.01101,0.1934,0.05596,0.0084397,0.19342,0.047156,0.007385,0.19345,0.039674,0.0071486
0.19367,0.22254,0.067122,0.1944,0.17186,0.04713,0.19428,0.1504,0.032401,0.19439,0.12415,0.021944,0.19174,0.10518,0.020317,0.19145,0.08664,0.01614,0.1931,0.07305,0.011027,0.19436,0.055961,0.0084576,0.19439,0.047157,0.0074006,0.19442,0.039676,0.0071633
0.19464,0.22283,0.067128,0.19537,0.172,0.047227,0.19525,0.15042,0.032468,0.19536,0.12416,0.021987,0.1927,0.10519,0.020365,0.1924,0.086645,0.016179,0.19406,0.073052,0.011043,0.19533,0.055963,0.0084758,0.19536,0.047158,0.0074163,0.19539,0.039677,0.0071782
0.19561,0.22312,0.067133,0.19635,0.17214,0.047324,0.19623,0.15044,0.032537,0.19634,0.12417,0.02203,0.19366,0.1052,0.020414,0.19337,0.086651,0.016219,0.19503,0.073054,0.01106,0.19631,0.055964,0.0084942,0.19633,0.047159,0.0074323,0.19636,0.039679,0.0071933
0.19659,0.22342,0.067137,0.19733,0.17228,0.047421,0.1972,0.15046,0.032606,0.19732,0.12418,0.022074,0.19463,0.1052,0.020463,0.19433,0.086656,0.016259,0.19601,0.073056,0.011077,0.19729,0.055965,0.0085128,0.19731,0.047161,0.0074484,0.19734,0.03968,0.0072086
0.19757,0.22371,0.06714,0.19831,0.17242,0.047519,0.19819,0.15048,0.032676,0.1983,0.12419,0.022118,0.1956,0.10521,0.020513,0.19531,0.086661,0.016299,0.19698,0.073058,0.011095,0.19827,0.055966,0.0085316,0.19829,0.047162,0.0074647,0.19833,0.039682,0.007224
0.19855,0.224,0.067142,0.1993,0.17256,0.047617,0.19918,0.1505,0.032747,0.19929,0.1242,0.022163,0.19658,0.10522,0.020563,0.19628,0.086666,0.01634,0.19797,0.07306,0.011113,0.19926,0.055968,0.0085506,0.19928,0.047163,0.0074812,0.19932,0.039683,0.0072397
0.19955,0.22429,0.067142,0.20029,0.17271,0.047715,0.20017,0.15052,0.032819,0.20028,0.12421,0.022208,0.19757,0.10522,0.020613,0.19727,0.086672,0.016381,0.19896,0.073062,0.011131,0.20025,0.055969,0.0085698,0.20028,0.047164,0.0074979,0.20031,0.039685,0.0072555
0.20054,0.22459,0.067141,0.20129,0.17285,0.047813,0.20117,0.15054,0.032891,0.20128,0.12422,0.022254,0.19855,0.10523,0.020664,0.19825,0.086677,0.016423,0.19995,0.073064,0.011149,0.20125,0.05597,0.0085892,0.20128,0.047166,0.0075148,0.20131,0.039686,0.0072714
0.20154,0.22488,0.067139,0.2023,0.17299,0.047911,0.20217,0.15056,0.032965,0.20229,0.12423,0.022301,0.19955,0.10524,0.020716,0.19925,0.086682,0.016465,0.20095,0.073066,0.011168,0.20226,0.055972,0.0086089,0.20228,0.047167,0.0075318,0.20232,0.039688,0.0072876
0.20255,0.22518,0.067136,0.20331,0.17314,0.04801,0.20318,0.15058,0.033039,0.2033,0.12424,0.022348,0.20055,0.10524,0.020768,0.20024,0.086688,0.016507,0.20195,0.073068,0.011187,0.20327,0.055973,0.0086287,0.20329,0.047168,0.0075491,0.20332,0.039689,0.0073039
0.20356,0.22547,0.067131,0.20432,0.17329,0.048108,0.2042,0.1506,0.033113,0.20431,0.12425,0.022395,0.20155,0.10525,0.020821,0.20125,0.086693,0.01655,0.20296,0.07307,0.011206,0.20428,0.055974,0.0086488,0.2043,0.047169,0.0075665,0.20434,0.039691,0.0073204
0.20458,0.22576,0.067125,0.20534,0.17344,0.048207,0.20521,0.15062,0.033189,0.20533,0.12426,0.022443,0.20256,0.10526,0.020874,0.20225,0.086698,0.016593,0.20398,0.073071,0.011226,0.2053,0.055975,0.0086691,0.20532,0.04717,0.0075841,0.20536,0.039692,0.0073371
0.2056,0.22606,0.067118,0.20637,0.17359,0.048306,0.20624,0.15064,0.033265,0.20635,0.12427,0.022492,0.20357,0.10527,0.020927,0.20326,0.086704,0.016637,0.205,0.073073,0.011245,0.20632,0.055977,0.0086896,0.20635,0.047172,0.0076019,0.20638,0.039694,0.007354
0.20662,0.22636,0.06711,0.20739,0.17374,0.048405,0.20727,0.15066,0.033343,0.20738,0.12428,0.022541,0.20459,0.10527,0.020982,0.20428,0.086709,0.016681,0.20602,0.073075,0.011265,0.20735,0.055978,0.0087103,0.20738,0.047173,0.0076199,0.20741,0.039695,0.0073711
0.20766,0.22665,0.0671,0.20843,0.17389,0.048504,0.2083,0.15068,0.033421,0.20842,0.12429,0.022591,0.20561,0.10528,0.021036,0.2053,0.086715,0.016725,0.20705,0.073077,0.011286,0.20839,0.055979,0.0087312,0.20841,0.047174,0.0076381,0.20845,0.039697,0.0073883
0.20869,0.22695,0.067089,0.20947,0.17404,0.048604,0.20934,0.1507,0.033499,0.20946,0.1243,0.022641,0.20664,0.10529,0.021091,0.20633,0.08672,0.01677,0.20808,0.073079,0.011306,0.20943,0.05598,0.0087524,0.20945,0.047175,0.0076565,0.20949,0.039698,0.0074057
0.20973,0.22724,0.067077,0.21051,0.17419,0.048703,0.21038,0.15073,0.033579,0.2105,0.1243,0.022692,0.20767,0.10529,0.021147,0.20736,0.086725,0.016815,0.20912,0.073081,0.011327,0.21047,0.055982,0.0087737,0.2105,0.047176,0.007675,0.21053,0.0397,0.0074233
0.21078,0.22754,0.067064,0.21156,0.17435,0.048803,0.21143,0.15075,0.033659,0.21155,0.12431,0.022743,0.20871,0.1053,0.021203,0.2084,0.086731,0.016861,0.21017,0.073082,0.011348,0.21152,0.055983,0.0087953,0.21155,0.047177,0.0076938,0.21158,0.039701,0.0074411
0.21183,0.22784,0.067049,0.21262,0.1745,0.048902,0.21249,0.15077,0.033741,0.21261,0.12432,0.022795,0.20976,0.10531,0.02126,0.20944,0.086736,0.016907,0.21122,0.073084,0.01137,0.21258,0.055984,0.0088171,0.2126,0.047179,0.0077127,0.21264,0.039702,0.0074591
0.21289,0.22813,0.067033,0.21368,0.17466,0.049002,0.21355,0.15079,0.033823,0.21367,0.12433,0.022848,0.21081,0.10531,0.021317,0.21049,0.086742,0.016954,0.21227,0.073086,0.011391,0.21364,0.055985,0.0088391,0.21366,0.04718,0.0077318,0.2137,0.039704,0.0074772
0.21395,0.22843,0.067015,0.21475,0.17481,0.049102,0.21462,0.15081,0.033905,0.21473,0.12434,0.022901,0.21186,0.10532,0.021375,0.21155,0.086748,0.017001,0.21333,0.073087,0.011413,0.2147,0.055986,0.0088614,0.21473,0.047181,0.0077511,0.21476,0.039705,0.0074956
0.21502,0.22873,0.066997,0.21582,0.17497,0.049202,0.21569,0.15083,0.033989,0.2158,0.12435,0.022954,0.21292,0.10533,0.021434,0.2126,0.086753,0.017048,0.2144,0.073089,0.011436,0.21577,0.055988,0.0088838,0.2158,0.047182,0.0077707,0.21584,0.039707,0.0075141
0.2161,0.22903,0.066977,0.21689,0.17513,0.049302,0.21676,0.15086,0.034073,0.21688,0.12436,0.023008,0.21399,0.10534,0.021492,0.21367,0.086759,0.017096,0.21547,0.073091,0.011458,0.21685,0.055989,0.0089065,0.21688,0.047183,0.0077904,0.21691,0.039708,0.0075328
0.21718,0.22932,0.066956,0.21798,0.17529,0.049402,0.21784,0.15088,0.034159,0.21796,0.12437,0.023063,0.21506,0.10534,0.021552,0.21474,0.086764,0.017144,0.21655,0.073092,0.011481,0.21793,0.05599,0.0089294,0.21796,0.047184,0.0078102,0.21799,0.03971,0.0075517
0.21826,0.22962,0.066933,0.21906,0.17545,0.049502,0.21893,0.1509,0.034245,0.21905,0.12438,0.023118,0.21613,0.10535,0.021612,0.21581,0.08677,0.017193,0.21763,0.073094,0.011504,0.21902,0.055991,0.0089525,0.21904,0.047185,0.0078303,0.21908,0.039711,0.0075708
0.21935,0.22992,0.066909,0.22016,0.17561,0.049602,0.22002,0.15092,0.034332,0.22014,0.12439,0.023174,0.21721,0.10536,0.021672,0.21689,0.086776,0.017242,0.21871,0.073096,0.011527,0.22011,0.055992,0.0089758,0.22014,0.047187,0.0078506,0.22017,0.039713,0.00759
0.22044,0.23022,0.066884,0.22125,0.17578,0.049702,0.22112,0.15094,0.034419,0.22124,0.1244,0.023231,0.2183,0.10536,0.021733,0.21798,0.086781,0.017291,0.21981,0.073097,0.011551,0.22121,0.055994,0.0089993,0.22124,0.047188,0.0078711,0.22127,0.039714,0.0076095
0.22154,0.23051,0.066858,0.22236,0.17594,0.049802,0.22222,0.15097,0.034508,0.22235,0.12442,0.023288,0.21939,0.10537,0.021795,0.21907,0.086787,0.017341,0.22091,0.073099,0.011575,0.22231,0.055995,0.0090231,0.22234,0.047189,0.0078917,0.22238,0.039715,0.0076291
0.22265,0.23081,0.06683,0.22347,0.1761,0.049903,0.22333,0.15099,0.034597,0.22345,0.12443,0.023345,0.22049,0.10538,0.021857,0.22017,0.086793,0.017391,0.22201,0.073101,0.011599,0.22342,0.055996,0.0090471,0.22345,0.04719,0.0079126,0.22349,0.039717,0.0076489
0.22376,0.23111,0.066801,0.22458,0.17627,0.050003,0.22445,0.15101,0.034688,0.22457,0.12444,0.023403,0.22159,0.10539,0.021919,0.22127,0.086799,0.017442,0.22312,0.073102,0.011624,0.22454,0.055997,0.0090713,0.22456,0.047191,0.0079336,0.2246,0.039718,0.0076689
0.22488,0.23141,0.066771,0.2257,0.17644,0.050103,0.22557,0.15104,0.034779,0.22569,0.12445,0.023462,0.2227,0.10539,0.021983,0.22237,0.086804,0.017493,0.22423,0.073104,0.011649,0.22566,0.055998,0.0090958,0.22568,0.047192,0.0079549,0.22572,0.03972,0.0076892
0.226,0.23171,0.066739,0.22683,0.17661,0.050203,0.22669,0.15106,0.03487,0.22682,0.12446,0.023521,0.22382,0.1054,0.022046,0.22349,0.08681,0.017545,0.22535,0.073105,0.011674,0.22678,0.055999,0.0091204,0.22681,0.047193,0.0079763,0.22685,0.039721,0.0077095
0.22713,0.232,0.066706,0.22796,0.17677,0.050303,0.22782,0.15108,0.034963,0.22795,0.12447,0.023581,0.22494,0.10541,0.022111,0.22461,0.086816,0.017597,0.22648,0.073107,0.011699,0.22792,0.056001,0.0091453,0.22794,0.047194,0.007998,0.22798,0.039722,0.0077301
0.22826,0.2323,0.066672,0.2291,0.17694,0.050403,0.22896,0.15111,0.035057,0.22908,0.12448,0.023642,0.22606,0.10542,0.022175,0.22573,0.086822,0.017649,0.22761,0.073108,0.011725,0.22905,0.056002,0.0091705,0.22908,0.047196,0.0080198,0.22912,0.039724,0.0077509
0.2294,0.2326,0.066636,0.23024,0.17712,0.050503,0.2301,0.15113,0.035151,0.23023,0.12449,0.023703,0.22719,0.10542,0.022241,0.22686,0.086828,0.017702,0.22875,0.07311,0.011751,0.23019,0.056003,0.0091958,0.23022,0.047197,0.0080419,0.23026,0.039725,0.0077719
0.23055,0.2329,0.0666,0.23139,0.17729,0.050603,0.23125,0.15115,0.035246,0.23138,0.1245,0.023764,0.22833,0.10543,0.022307,0.22799,0.086834,0.017756,0.22989,0.073111,0.011777,0.23134,0.056004,0.0092214,0.23137,0.047198,0.0080641,0.23141,0.039727,0.007793
0.2317,0.2332,0.066562,0.23254,0.17746,0.050703,0.2324,0.15118,0.035342,0.23253,0.12451,0.023826,0.22947,0.10544,0.022373,0.22914,0.08684,0.017809,0.23104,0.073113,0.011804,0.2325,0.056005,0.0092472,0.23252,0.047199,0.0080865,0.23256,0.039728,0.0078144
0.23286,0.23349,0.066522,0.2337,0.17763,0.050803,0.23356,0.1512,0.035439,0.23369,0.12452,0.023889,0.23062,0.10545,0.02244,0.23028,0.086846,0.017864,0.23219,0.073114,0.011831,0.23366,0.056006,0.0092732,0.23368,0.0472,0.0081092,0.23372,0.03973,0.0078359
0.23402,0.23379,0.066481,0.23487,0.17781,0.050903,0.23473,0.15123,0.035537,0.23486,0.12453,0.023952,0.23177,0.10545,0.022507,0.23143,0.086852,0.017918,0.23335,0.073116,0.011858,0.23482,0.056007,0.0092995,0.23485,0.047201,0.008132,0.23489,0.039731,0.0078576
0.23519,0.23409,0.066439,0.23604,0.17799,0.051002,0.2359,0.15125,0.035635,0.23603,0.12454,0.024016,0.23293,0.10546,0.022576,0.23259,0.086858,0.017973,0.23452,0.073117,0.011885,0.23599,0.056009,0.0093259,0.23602,0.047202,0.0081551,0.23606,0.039732,0.0078796
0.23636,0.23439,0.066396,0.23722,0.17816,0.051102,0.23708,0.15127,0.035735,0.2372,0.12455,0.024081,0.2341,0.10547,0.022644,0.23376,0.086864,0.018029,0.23569,0.073118,0.011913,0.23717,0.05601,0.0093527,0.2372,0.047203,0.0081783,0.23724,0.039734,0.0079017
0.23754,0.23468,0.066352,0.2384,0.17834,0.051201,0.23826,0.1513,0.035835,0.23839,0.12456,0.024146,0.23527,0.10548,0.022713,0.23493,0.08687,0.018085,0.23687,0.07312,0.011941,0.23835,0.056011,0.0093796,0.23838,0.047204,0.0082017,0.23842,0.039735,0.007924
0.23873,0.23498,0.066306,0.23959,0.17852,0.051301,0.23945,0.15132,0.035936,0.23958,0.12457,0.024211,0.23645,0.10549,0.022783,0.2361,0.086876,0.018141,0.23805,0.073121,0.011969,0.23954,0.056012,0.0094068,0.23957,0.047206,0.0082254,0.23961,0.039737,0.0079465
0.23992,0.23528,0.066259,0.24079,0.1787,0.0514,0.24064,0.15135,0.036038,0.24077,0.12459,0.024278,0.23763,0.10549,0.022854,0.23728,0.086883,0.018198,0.23924,0.073123,0.011998,0.24074,0.056013,0.0094342,0.24077,0.047207,0.0082492,0.24081,0.039738,0.0079692
0.24112,0.23557,0.066211,0.24199,0.17888,0.051499,0.24184,0.15137,0.036141,0.24197,0.1246,0.024344,0.23882,0.1055,0.022924,0.23847,0.086889,0.018256,0.24043,0.073124,0.012027,0.24194,0.056014,0.0094619,0.24197,0.047208,0.0082733,0.24201,0.039739,0.0079921
0.24232,0.23587,0.066161,0.24319,0.17906,0.051598,0.24305,0.1514,0.036245,0.24318,0.12461,0.024412,0.24001,0.10551,0.022996,0.23966,0.086895,0.018314,0.24163,0.073125,0.012056,0.24315,0.056015,0.0094897,0.24317,0.047209,0.0082975,0.24321,0.039741,0.0080152
0.24353,0.23617,0.06611,0.24441,0.17925,0.051696,0.24426,0.15143,0.036349,0.24439,0.12462,0.02448,0.24121,0.10552,0.023068,0.24086,0.086901,0.018372,0.24284,0.073127,0.012085,0.24436,0.056016,0.0095178,0.24439,0.04721,0.008322,0.24443,0.039742,0.0080386
0.24475,0.23646,0.066058,0.24563,0.17943,0.051795,0.24548,0.15145,0.036455,0.24561,0.12463,0.024548,0.24242,0.10552,0.023141,0.24207,0.086908,0.018431,0.24406,0.073128,0.012115,0.24558,0.056018,0.0095462,0.24561,0.047211,0.0083467,0.24565,0.039744,0.008062
0.24597,0.23676,0.066005,0.24685,0.17962,0.051893,0.24671,0.15148,0.036561,0.24684,0.12464,0.024618,0.24363,0.10553,0.023214,0.24328,0.086914,0.01849,0.24527,0.073129,0.012145,0.2468,0.056019,0.0095748,0.24683,0.047212,0.0083715,0.24687,0.039745,0.0080857
0.2472,0.23705,0.06595,0.24808,0.1798,0.051991,0.24794,0.1515,0.036668,0.24807,0.12465,0.024687,0.24485,0.10554,0.023287,0.2445,0.086921,0.018549,0.2465,0.073131,0.012176,0.24804,0.05602,0.0096036,0.24806,0.047213,0.0083966,0.2481,0.039746,0.0081096
0.24843,0.23735,0.065894,0.24932,0.17999,0.052089,0.24917,0.15153,0.036776,0.24931,0.12467,0.024758,0.24608,0.10555,0.023362,0.24572,0.086927,0.018609,0.24773,0.073132,0.012206,0.24927,0.056021,0.0096327,0.2493,0.047214,0.0084219,0.24934,0.039748,0.0081337
0.24967,0.23764,0.065837,0.25056,0.18018,0.052187,0.25042,0.15156,0.036885,0.25055,0.12468,0.024829,0.24731,0.10556,0.023437,0.24695,0.086934,0.01867,0.24897,0.073133,0.012238,0.25052,0.056022,0.009662,0.25054,0.047215,0.0084474,0.25058,0.039749,0.008158
0.25092,0.23794,0.065779,0.25181,0.18037,0.052285,0.25167,0.15158,0.036995,0.2518,0.12469,0.0249,0.24854,0.10557,0.023512,0.24819,0.08694,0.018731,0.25021,0.073134,0.012269,0.25177,0.056023,0.0096915,0.25179,0.047216,0.0084731,0.25183,0.039751,0.0081825
0.25217,0.23823,0.065719,0.25307,0.18056,0.052382,0.25292,0.15161,0.037105,0.25306,0.1247,0.024973,0.24979,0.10557,0.023588,0.24943,0.086947,0.018792,0.25146,0.073136,0.0123,0.25302,0.056024,0.0097213,0.25305,0.047217,0.008499,0.25309,0.039752,0.0082072
0.25343,0.23853,0.065659,0.25433,0.18075,0.052479,0.25418,0.15164,0.037217,0.25432,0.12471,0.025045,0.25104,0.10558,0.023665,0.25068,0.086953,0.018854,0.25272,0.073137,0.012332,0.25428,0.056025,0.0097513,0.25431,0.047219,0.0085251,0.25435,0.039753,0.0082321
0.25469,0.23882,0.065597,0.2556,0.18094,0.052575,0.25545,0.15166,0.037329,0.25559,0.12472,0.025119,0.25229,0.10559,0.023742,0.25193,0.08696,0.018917,0.25398,0.073138,0.012365,0.25555,0.056026,0.0097815,0.25558,0.04722,0.0085515,0.25562,0.039755,0.0082573
0.25597,0.23911,0.065534,0.25688,0.18114,0.052672,0.25673,0.15169,0.037443,0.25686,0.12474,0.025193,0.25356,0.1056,0.02382,0.25319,0.086967,0.01898,0.25525,0.073139,0.012397,0.25683,0.056028,0.009812,0.25686,0.047221,0.008578,0.2569,0.039756,0.0082826
0.25724,0.23941,0.065469,0.25816,0.18133,0.052768,0.25801,0.15172,0.037557,0.25814,0.12475,0.025268,0.25482,0.10561,0.023898,0.25446,0.086974,0.019043,0.25652,0.073141,0.01243,0.25811,0.056029,0.0098428,0.25814,0.047222,0.0086048,0.25818,0.039758,0.0083081
0.25853,0.2397,0.065404,0.25945,0.18153,0.052864,0.25929,0.15175,0.037672,0.25943,0.12476,0.025343,0.2561,0.10562,0.023977,0.25573,0.08698,0.019107,0.25781,0.073142,0.012463,0.2594,0.05603,0.0098738,0.25942,0.047223,0.0086317,0.25947,0.039759,0.0083338
0.25982,0.23999,0.065337,0.26074,0.18172,0.05296,0.26059,0.15178,0.037788,0.26073,0.12477,0.025419,0.25738,0.10563,0.024057,0.25701,0.086987,0.019171,0.25909,0.073143,0.012497,0.26069,0.056031,0.009905,0.26072,0.047224,0.0086589,0.26076,0.03976,0.0083597
0.26112,0.24028,0.065269,0.26204,0.18192,0.053055,0.26189,0.1518,0.037905,0.26203,0.12479,0.025495,0.25867,0.10563,0.024137,0.2583,0.086994,0.019236,0.26039,0.073144,0.01253,0.26199,0.056032,0.0099365,0.26202,0.047225,0.0086863,0.26206,0.039762,0.0083859
0.26242,0.24057,0.0652,0.26335,0.18212,0.05315,0.26319,0.15183,0.038022,0.26333,0.1248,0.025572,0.25996,0.10564,0.024218,0.25959,0.087001,0.019301,0.26169,0.073145,0.012564,0.2633,0.056033,0.0099682,0.26333,0.047226,0.0087139,0.26337,0.039763,0.0084122
0.26373,0.24087,0.065129,0.26466,0.18232,0.053244,0.26451,0.15186,0.038141,0.26465,0.12481,0.02565,0.26126,0.10565,0.024299,0.26089,0.087008,0.019367,0.263,0.073147,0.012599,0.26461,0.056034,0.01,0.26464,0.047227,0.0087417,0.26468,0.039765,0.0084387
0.26505,0.24116,0.065058,0.26598,0.18252,0.053339,0.26583,0.15189,0.03826,0.26597,0.12482,0.025728,0.26257,0.10566,0.024381,0.2622,0.087015,0.019433,0.26431,0.073148,0.012634,0.26593,0.056035,0.010032,0.26596,0.047228,0.0087698,0.266,0.039766,0.0084655
0.26637,0.24145,0.064985,0.26731,0.18272,0.053433,0.26715,0.15192,0.038381,0.26729,0.12484,0.025807,0.26388,0.10567,0.024464,0.26351,0.087022,0.019499,0.26563,0.073149,0.012669,0.26726,0.056036,0.010065,0.26729,0.047229,0.008798,0.26733,0.039767,0.0084925
0.2677,0.24174,0.064911,0.26864,0.18292,0.053526,0.26849,0.15195,0.038502,0.26863,0.12485,0.025887,0.2652,0.10568,0.024547,0.26483,0.08703,0.019567,0.26696,0.07315,0.012704,0.26859,0.056037,0.010098,0.26862,0.04723,0.0088265,0.26866,0.039769,0.0085196
0.26904,0.24203,0.064836,0.26998,0.18313,0.053619,0.26983,0.15198,0.038624,0.26997,0.12486,0.025967,0.26653,0.10569,0.024631,0.26615,0.087037,0.019634,0.26829,0.073151,0.01274,0.26993,0.056039,0.01013,0.26996,0.047231,0.0088552,0.27,0.03977,0.008547
0.27038,0.24232,0.06476,0.27133,0.18333,0.053712,0.27117,0.15201,0.038748,0.27131,0.12487,0.026048,0.26786,0.1057,0.024715,0.26748,0.087044,0.019702,0.26963,0.073152,0.012775,0.27128,0.05604,0.010164,0.27131,0.047233,0.0088841,0.27135,0.039772,0.0085746
0.27173,0.2426,0.064682,0.27268,0.18354,0.053804,0.27253,0.15204,0.038872,0.27267,0.12489,0.02613,0.2692,0.10571,0.0248,0.26882,0.087051,0.019771,0.27098,0.073153,0.012812,0.27263,0.056041,0.010197,0.27266,0.047234,0.0089133,0.2727,0.039773,0.0086024
0.27309,0.24289,0.064604,0.27404,0.18375,0.053896,0.27388,0.15207,0.038997,0.27403,0.1249,0.026212,0.27055,0.10571,0.024886,0.27017,0.087059,0.01984,0.27233,0.073154,0.012848,0.27399,0.056042,0.010231,0.27402,0.047235,0.0089426,0.27407,0.039775,0.0086304
0.27445,0.24318,0.064524,0.27541,0.18395,0.053988,0.27525,0.1521,0.039122,0.27539,0.12491,0.026295,0.2719,0.10572,0.024972,0.27152,0.087066,0.01991,0.27369,0.073155,0.012885,0.27536,0.056043,0.010265,0.27539,0.047236,0.0089722,0.27543,0.039776,0.0086587
0.27582,0.24347,0.064443,0.27678,0.18416,0.054079,0.27662,0.15213,0.039249,0.27677,0.12493,0.026378,0.27326,0.10573,0.025059,0.27288,0.087074,0.01998,0.27506,0.073157,0.012922,0.27673,0.056044,0.010299,0.27676,0.047237,0.009002,0.27681,0.039778,0.0086871
0.2772,0.24375,0.064361,0.27816,0.18437,0.054169,0.278,0.15216,0.039377,0.27815,0.12494,0.026462,0.27463,0.10574,0.025146,0.27424,0.087081,0.02005,0.27643,0.073158,0.01296,0.27811,0.056045,0.010334,0.27814,0.047238,0.009032,0.27819,0.039779,0.0087158
0.27858,0.24404,0.064277,0.27955,0.18458,0.05426,0.27939,0.15219,0.039506,0.27954,0.12495,0.026547,0.276,0.10575,0.025234,0.27562,0.087089,0.020121,0.27781,0.073159,0.012998,0.2795,0.056046,0.010368,0.27953,0.047239,0.0090622,0.27957,0.03978,0.0087447
0.27997,0.24433,0.064193,0.28095,0.1848,0.054349,0.28079,0.15222,0.039635,0.28093,0.12497,0.026632,0.27739,0.10576,0.025323,0.277,0.087096,0.020193,0.2792,0.07316,0.013036,0.28089,0.056047,0.010403,0.28092,0.04724,0.0090927,0.28097,0.039782,0.0087737
0.28137,0.24461,0.064107,0.28235,0.18501,0.054439,0.28219,0.15226,0.039766,0.28233,0.12498,0.026718,0.27877,0.10577,0.025412,0.27838,0.087104,0.020265,0.2806,0.073161,0.013075,0.2823,0.056048,0.010439,0.28233,0.047241,0.0091234,0.28237,0.039783,0.0088031
0.28277,0.2449,0.06402,0.28376,0.18522,0.054527,0.28359,0.15229,0.039897,0.28374,0.125,0.026805,0.28017,0.10578,0.025502,0.27977,0.087112,0.020337,0.282,0.073162,0.013113,0.2837,0.056049,0.010474,0.28373,0.047242,0.0091543,0.28378,0.039785,0.0088326
0.28418,0.24518,0.063933,0.28517,0.18544,0.054616,0.28501,0.15232,0.04003,0.28516,0.12501,0.026892,0.28157,0.10579,0.025593,0.28117,0.08712,0.02041,0.28341,0.073163,0.013153,0.28512,0.056051,0.01051,0.28515,0.047243,0.0091855,0.2852,0.039786,0.0088623
0.2856,0.24547,0.063843,0.2866,0.18565,0.054703,0.28643,0.15235,0.040163,0.28658,0.12502,0.02698,0.28298,0.1058,0.025684,0.28258,0.087127,0.020484,0.28482,0.073164,0.013192,0.28654,0.056052,0.010546,0.28657,0.047245,0.0092168,0.28662,0.039788,0.0088923
0.28703,0.24575,0.063753,0.28802,0.18587,0.05479,0.28786,0.15239,0.040297,0.28801,0.12504,0.027068,0.28439,0.10581,0.025776,0.284,0.087135,0.020558,0.28625,0.073165,0.013232,0.28797,0.056053,0.010582,0.288,0.047246,0.0092484,0.28805,0.039789,0.0089225
0.28846,0.24603,0.063662,0.28946,0.18609,0.054877,0.2893,0.15242,0.040432,0.28945,0.12505,0.027158,0.28582,0.10582,0.025868,0.28542,0.087143,0.020632,0.28768,0.073166,0.013272,0.28941,0.056054,0.010619,0.28944,0.047247,0.0092803,0.28948,0.039791,0.0089529
0.2899,0.24631,0.063569,0.29091,0.18631,0.054963,0.29074,0.15245,0.040568,0.29089,0.12507,0.027248,0.28725,0.10583,0.025961,0.28685,0.087151,0.020707,0.28911,0.073167,0.013313,0.29085,0.056055,0.010655,0.29088,0.047248,0.0093123,0.29093,0.039792,0.0089835
0.29135,0.2466,0.063475,0.29236,0.18653,0.055049,0.29219,0.15249,0.040706,0.29234,0.12508,0.027338,0.28868,0.10584,0.026055,0.28828,0.087159,0.020783,0.29056,0.073168,0.013353,0.2923,0.056056,0.010692,0.29233,0.047249,0.0093446,0.29238,0.039794,0.0090143
0.2928,0.24688,0.06338,0.29382,0.18675,0.055134,0.29365,0.15252,0.040844,0.2938,0.1251,0.027429,0.29013,0.10585,0.02615,0.28972,0.087168,0.020859,0.29201,0.073169,0.013394,0.29376,0.056057,0.01073,0.29379,0.04725,0.0093771,0.29384,0.039795,0.0090454
0.29427,0.24716,0.063284,0.29528,0.18697,0.055218,0.29511,0.15256,0.040983,0.29526,0.12511,0.027521,0.29158,0.10586,0.026245,0.29117,0.087176,0.020936,0.29347,0.07317,0.013436,0.29523,0.056058,0.010767,0.29526,0.047251,0.0094099,0.2953,0.039797,0.0090767
0.29573,0.24744,0.063187,0.29675,0.18719,0.055302,0.29659,0.15259,0.041123,0.29674,0.12512,0.027614,0.29304,0.10587,0.02634,0.29263,0.087184,0.021013,0.29493,0.073171,0.013478,0.2967,0.05606,0.010805,0.29673,0.047252,0.0094428,0.29678,0.039798,0.0091082
0.29721,0.24772,0.063089,0.29823,0.18742,0.055385,0.29807,0.15262,0.041263,0.29822,0.12514,0.027707,0.2945,0.10588,0.026437,0.2941,0.087193,0.02109,0.29641,0.073172,0.01352,0.29818,0.056061,0.010843,0.29821,0.047253,0.0094761,0.29826,0.0398,0.00914
0.2987,0.24799,0.062989,0.29972,0.18764,0.055468,0.29955,0.15266,0.041405,0.29971,0.12515,0.027801,0.29598,0.10589,0.026534,0.29557,0.087201,0.021169,0.29789,0.073172,0.013562,0.29967,0.056062,0.010882,0.2997,0.047255,0.0095095,0.29975,0.039801,0.0091719
0.30019,0.24827,0.062889,0.30122,0.18787,0.05555,0.30105,0.1527,0.041548,0.3012,0.12517,0.027895,0.29746,0.1059,0.026631,0.29705,0.08721,0.021247,0.29938,0.073173,0.013605,0.30116,0.056063,0.01092,0.30119,0.047256,0.0095432,0.30124,0.039803,0.0092041
0.30169,0.24855,0.062787,0.30272,0.18809,0.055631,0.30255,0.15273,0.041692,0.3027,0.12519,0.027991,0.29895,0.10591,0.026729,0.29853,0.087218,0.021326,0.30087,0.073174,0.013648,0.30266,0.056064,0.010959,0.3027,0.047257,0.0095771,0.30274,0.039804,0.0092365
0.30319,0.24883,0.062684,0.30423,0.18832,0.055712,0.30406,0.15277,0.041837,0.30421,0.1252,0.028087,0.30044,0.10593,0.026828,0.30003,0.087227,0.021406,0.30237,0.073175,0.013692,0.30417,0.056065,0.010999,0.30421,0.047258,0.0096113,0.30425,0.039806,0.0092692
0.3047,0.2491,0.06258,0.30575,0.18855,0.055792,0.30558,0.1528,0.041982,0.30573,0.12522,0.028183,0.30194,0.10594,0.026928,0.30153,0.087235,0.021486,0.30388,0.073176,0.013736,0.30569,0.056066,0.011038,0.30572,0.047259,0.0096457,0.30577,0.039807,0.0093021
0.30623,0.24938,0.062475,0.30727,0.18878,0.055871,0.3071,0.15284,0.042129,0.30726,0.12523,0.02828,0.30345,0.10595,0.027028,0.30304,0.087244,0.021567,0.3054,0.073177,0.01378,0.30722,0.056067,0.011078,0.30725,0.04726,0.0096803,0.3073,0.039809,0.0093352
0.30775,0.24965,0.062368,0.30881,0.18901,0.05595,0.30863,0.15288,0.042277,0.30879,0.12525,0.028378,0.30497,0.10596,0.027129,0.30455,0.087253,0.021648,0.30693,0.073178,0.013824,0.30875,0.056069,0.011118,0.30878,0.047261,0.0097152,0.30883,0.03981,0.0093685
0.30929,0.24992,0.062261,0.31035,0.18924,0.056028,0.31017,0.15291,0.042425,0.31033,0.12526,0.028477,0.3065,0.10597,0.027231,0.30608,0.087262,0.02173,0.30846,0.073179,0.013869,0.31029,0.05607,0.011158,0.31032,0.047263,0.0097503,0.31037,0.039812,0.0094021
0.31084,0.2502,0.062152,0.31189,0.18947,0.056105,0.31172,0.15295,0.042575,0.31188,0.12528,0.028576,0.30803,0.10598,0.027333,0.30761,0.087271,0.021813,0.31,0.07318,0.013914,0.31184,0.056071,0.011199,0.31187,0.047264,0.0097856,0.31192,0.039814,0.0094359
0.31239,0.25047,0.062043,0.31345,0.18971,0.056182,0.31327,0.15299,0.042726,0.31343,0.1253,0.028676,0.30957,0.10599,0.027436,0.30915,0.08728,0.021896,0.31155,0.073181,0.01396,0.31339,0.056072,0.01124,0.31343,0.047265,0.0098212,0.31347,0.039815,0.0094699
0.31395,0.25074,0.061932,0.31501,0.18994,0.056258,0.31484,0.15303,0.042877,0.315,0.12531,0.028777,0.31112,0.106,0.02754,0.3107,0.087289,0.021979,0.31311,0.073181,0.014006,0.31496,0.056073,0.011281,0.31499,0.047266,0.0098571,0.31504,0.039817,0.0095042
0.31551,0.25101,0.06182,0.31659,0.19018,0.056333,0.31641,0.15307,0.04303,0.31657,0.12533,0.028878,0.31268,0.10601,0.027644,0.31225,0.087298,0.022063,0.31467,0.073182,0.014052,0.31653,0.056074,0.011322,0.31656,0.047267,0.0098931,0.31661,0.039818,0.0095387
0.31709,0.25128,0.061708,0.31816,0.19041,0.056407,0.31799,0.15311,0.043183,0.31815,0.12534,0.02898,0.31424,0.10603,0.027749,0.31381,0.087308,0.022148,0.31624,0.073183,0.014099,0.31811,0.056075,0.011364,0.31814,0.047268,0.0099295,0.31819,0.03982,0.0095734
0.31867,0.25155,0.061594,0.31975,0.19065,0.056481,0.31957,0.15315,0.043338,0.31973,0.12536,0.029083,0.31581,0.10604,0.027855,0.31538,0.087317,0.022233,0.31782,0.073184,0.014145,0.31969,0.056077,0.011406,0.31973,0.04727,0.009966,0.31978,0.039821,0.0096084
0.32026,0.25181,0.061479,0.32135,0.19089,0.056554,0.32117,0.15318,0.043494,0.32133,0.12538,0.029187,0.31739,0.10605,0.027961,0.31696,0.087327,0.022318,0.31941,0.073185,0.014193,0.32129,0.056078,0.011448,0.32132,0.047271,0.010003,0.32137,0.039823,0.0096436
0.32186,0.25208,0.061363,0.32295,0.19113,0.056626,0.32277,0.15322,0.04365,0.32293,0.1254,0.029291,0.31898,0.10606,0.028068,0.31855,0.087336,0.022404,0.32101,0.073186,0.01424,0.32289,0.056079,0.011491,0.32292,0.047272,0.01004,0.32297,0.039825,0.009679
0.32347,0.25235,0.061246,0.32456,0.19137,0.056697,0.32438,0.15326,0.043808,0.32454,0.12541,0.029396,0.32058,0.10607,0.028176,0.32014,0.087346,0.022491,0.32261,0.073186,0.014288,0.3245,0.05608,0.011534,0.32454,0.047273,0.010077,0.32459,0.039826,0.0097147
0.32508,0.25261,0.061128,0.32618,0.19161,0.056767,0.326,0.15331,0.043966,0.32616,0.12543,0.029501,0.32218,0.10609,0.028284,0.32174,0.087355,0.022578,0.32422,0.073187,0.014337,0.32612,0.056081,0.011577,0.32615,0.047274,0.010115,0.32621,0.039828,0.0097507
0.32671,0.25288,0.061009,0.32781,0.19185,0.056837,0.32763,0.15335,0.044126,0.32779,0.12545,0.029608,0.32379,0.1061,0.028393,0.32335,0.087365,0.022666,0.32584,0.073188,0.014385,0.32775,0.056083,0.01162,0.32778,0.047275,0.010153,0.32783,0.03983,0.0097868
0.32834,0.25314,0.060889,0.32944,0.19209,0.056906,0.32926,0.15339,0.044286,0.32943,0.12546,0.029715,0.32541,0.10611,0.028503,0.32497,0.087375,0.022755,0.32747,0.073189,0.014434,0.32938,0.056084,0.011664,0.32942,0.047277,0.010191,0.32947,0.039831,0.0098232
0.32998,0.2534,0.060768,0.33109,0.19233,0.056974,0.3309,0.15343,0.044448,0.33107,0.12548,0.029822,0.32704,0.10612,0.028614,0.3266,0.087385,0.022843,0.3291,0.07319,0.014484,0.33103,0.056085,0.011708,0.33106,0.047278,0.010229,0.33111,0.039833,0.0098599
0.33162,0.25366,0.060646,0.33274,0.19258,0.057041,0.33255,0.15347,0.044611,0.33272,0.1255,0.029931,0.32868,0.10614,0.028725,0.32823,0.087395,0.022933,0.33075,0.07319,0.014534,0.33268,0.056086,0.011752,0.33271,0.047279,0.010268,0.33276,0.039835,0.0098968
0.33328,0.25392,0.060524,0.3344,0.19282,0.057108,0.33421,0.15351,0.044774,0.33438,0.12552,0.03004,0.33032,0.10615,0.028837,0.32988,0.087405,0.023023,0.3324,0.073191,0.014584,0.33434,0.056087,0.011796,0.33437,0.04728,0.010306,0.33442,0.039836,0.0099339
0.33494,0.25418,0.0604,0.33607,0.19307,0.057173,0.33588,0.15356,0.044939,0.33605,0.12554,0.03015,0.33197,0.10616,0.028949,0.33153,0.087415,0.023114,0.33406,0.073192,0.014634,0.33601,0.056089,0.011841,0.33604,0.047282,0.010345,0.33609,0.039838,0.0099713
0.33662,0.25444,0.060275,0.33774,0.19331,0.057238,0.33756,0.1536,0.045105,0.33772,0.12555,0.03026,0.33363,0.10617,0.029063,0.33319,0.087426,0.023205,0.33573,0.073193,0.014685,0.33768,0.05609,0.011886,0.33772,0.047283,0.010385,0.33777,0.03984,0.010009
0.3383,0.2547,0.06015,0.33943,0.19356,0.057302,0.33924,0.15364,0.045272,0.33941,0.12557,0.030372,0.3353,0.10619,0.029177,0.33485,0.087436,0.023297,0.33741,0.073194,0.014736,0.33937,0.056091,0.011932,0.3394,0.047284,0.010424,0.33945,0.039841,0.010047
0.33999,0.25495,0.060023,0.34112,0.19381,0.057364,0.34093,0.15369,0.045439,0.3411,0.12559,0.030484,0.33698,0.1062,0.029291,0.33653,0.087447,0.023389,0.33909,0.073194,0.014788,0.34106,0.056092,0.011978,0.34109,0.047285,0.010464,0.34115,0.039843,0.010085
0.34168,0.25521,0.059896,0.34282,0.19406,0.057426,0.34263,0.15373,0.045608,0.3428,0.12561,0.030597,0.33867,0.10621,0.029407,0.33821,0.087457,0.023482,0.34079,0.073195,0.01484,0.34276,0.056093,0.012024,0.3428,0.047286,0.010504,0.34285,0.039845,0.010123
0.34339,0.25546,0.059768,0.34453,0.19431,0.057487,0.34434,0.15378,0.045778,0.34451,0.12563,0.03071,0.34036,0.10623,0.029523,0.33991,0.087468,0.023575,0.34249,0.073196,0.014892,0.34447,0.056095,0.01207,0.34451,0.047288,0.010545,0.34456,0.039847,0.010162
0.3451,0.25572,0.059639,0.34625,0.19456,0.057548,0.34606,0.15382,0.045949,0.34623,0.12565,0.030824,0.34206,0.10624,0.02964,0.34161,0.087479,0.023669,0.3442,0.073197,0.014945,0.34619,0.056096,0.012117,0.34622,0.047289,0.010585,0.34628,0.039848,0.010201
0.34683,0.25597,0.059509,0.34798,0.19481,0.057607,0.34779,0.15387,0.046121,0.34796,0.12567,0.030939,0.34378,0.10625,0.029758,0.34332,0.087489,0.023764,0.34592,0.073197,0.014998,0.34792,0.056097,0.012164,0.34795,0.04729,0.010626,0.348,0.03985,0.01024
0.34856,0.25622,0.059379,0.34971,0.19506,0.057665,0.34952,0.15391,0.046294,0.3497,0.12569,0.031055,0.3455,0.10627,0.029876,0.34503,0.0875,0.023859,0.34765,0.073198,0.015051,0.34965,0.056098,0.012211,0.34969,0.047292,0.010667,0.34974,0.039852,0.010279
0.3503,0.25647,0.059248,0.35146,0.19531,0.057722,0.35127,0.15396,0.046468,0.35144,0.12571,0.031172,0.34722,0.10628,0.029995,0.34676,0.087511,0.023955,0.34938,0.073199,0.015105,0.3514,0.0561,0.012258,0.35143,0.047293,0.010709,0.35149,0.039854,0.010319
0.35205,0.25672,0.059116,0.35321,0.19557,0.057779,0.35302,0.15401,0.046643,0.35319,0.12573,0.031289,0.34896,0.10629,0.030115,0.3485,0.087523,0.024052,0.35113,0.073199,0.015159,0.35315,0.056101,0.012306,0.35318,0.047294,0.010751,0.35324,0.039855,0.010359
0.3538,0.25697,0.058983,0.35497,0.19582,0.057834,0.35478,0.15406,0.046819,0.35496,0.12575,0.031407,0.35071,0.10631,0.030236,0.35024,0.087534,0.024149,0.35288,0.0732,0.015214,0.35491,0.056102,0.012354,0.35495,0.047295,0.010792,0.355,0.039857,0.010399
0.35557,0.25721,0.058849,0.35674,0.19607,0.057888,0.35655,0.1541,0.046996,0.35673,0.12577,0.031526,0.35246,0.10632,0.030357,0.35199,0.087545,0.024246,0.35465,0.073201,0.015269,0.35668,0.056103,0.012403,0.35672,0.047297,0.010835,0.35677,0.039859,0.010439
0.35735,0.25746,0.058715,0.35852,0.19633,0.057942,0.35833,0.15415,0.047174,0.35851,0.12579,0.031645,0.35422,0.10634,0.030479,0.35375,0.087557,0.024344,0.35642,0.073202,0.015324,0.35846,0.056105,0.012451,0.3585,0.047298,0.010877,0.35855,0.039861,0.01048
0.35913,0.2577,0.05858,0.36031,0.19659,0.057994,0.36012,0.1542,0.047354,0.36029,0.12581,0.031765,0.356,0.10635,0.030602,0.35552,0.087568,0.024443,0.3582,0.073202,0.01538,0.36025,0.056106,0.0125,0.36029,0.047299,0.01092,0.36034,0.039863,0.010521
0.36092,0.25795,0.058445,0.36211,0.19684,0.058046,0.36191,0.15425,0.047534,0.36209,0.12583,0.031886,0.35778,0.10637,0.030726,0.3573,0.08758,0.024542,0.35999,0.073203,0.015436,0.36205,0.056107,0.01255,0.36208,0.047301,0.010963,0.36214,0.039865,0.010562
0.36272,0.25819,0.058308,0.36392,0.1971,0.058096,0.36372,0.1543,0.047715,0.3639,0.12585,0.032008,0.35957,0.10638,0.03085,0.35909,0.087592,0.024642,0.36179,0.073204,0.015492,0.36385,0.056109,0.012599,0.36389,0.047302,0.011006,0.36394,0.039866,0.010604
0.36454,0.25843,0.058171,0.36573,0.19736,0.058146,0.36553,0.15435,0.047898,0.36571,0.12587,0.032131,0.36137,0.10639,0.030975,0.36089,0.087603,0.024743,0.36359,0.073204,0.015549,0.36567,0.05611,0.012649,0.3657,0.047303,0.01105,0.36576,0.039868,0.010645
0.36636,0.25867,0.058034,0.36756,0.19762,0.058194,0.36736,0.1544,0.048082,0.36754,0.12589,0.032254,0.36317,0.10641,0.031101,0.36269,0.087615,0.024844,0.36541,0.073205,0.015606,0.36749,0.056111,0.0127,0.36753,0.047305,0.011094,0.36758,0.03987,0.010687
0.36818,0.25891,0.057895,0.36939,0.19788,0.058241,0.36919,0.15445,0.048266,0.36937,0.12591,0.032378,0.36499,0.10642,0.031227,0.36451,0.087628,0.024946,0.36724,0.073206,0.015664,0.36933,0.056113,0.01275,0.36936,0.047306,0.011138,0.36942,0.039872,0.01073
0.37002,0.25915,0.057756,0.37123,0.19814,0.058288,0.37103,0.1545,0.048452,0.37121,0.12594,0.032503,0.36682,0.10644,0.031355,0.36633,0.08764,0.025048,0.36907,0.073206,0.015722,0.37117,0.056114,0.012801,0.3712,0.047307,0.011182,0.37126,0.039874,0.010772
0.37187,0.25939,0.057617,0.37308,0.1984,0.058333,0.37288,0.15455,0.048639,0.37307,0.12596,0.032628,0.36865,0.10646,0.031483,0.36817,0.087652,0.025151,0.37091,0.073207,0.01578,0.37302,0.056115,0.012853,0.37306,0.047309,0.011227,0.37311,0.039876,0.010815
0.37373,0.25963,0.057477,0.37495,0.19866,0.058377,0.37474,0.1546,0.048827,0.37493,0.12598,0.032755,0.3705,0.10647,0.031612,0.37001,0.087664,0.025255,0.37277,0.073208,0.015839,0.37488,0.056117,0.012904,0.37492,0.04731,0.011272,0.37497,0.039878,0.010858
0.37559,0.25986,0.057336,0.37682,0.19892,0.05842,0.37661,0.15466,0.049016,0.3768,0.126,0.032882,0.37235,0.10649,0.031742,0.37186,0.087677,0.025359,0.37463,0.073208,0.015898,0.37675,0.056118,0.012956,0.37679,0.047312,0.011317,0.37684,0.03988,0.010901
0.37747,0.2601,0.057194,0.3787,0.19919,0.058462,0.37849,0.15471,0.049206,0.37868,0.12602,0.03301,0.37421,0.1065,0.031872,0.37372,0.08769,0.025464,0.3765,0.073209,0.015958,0.37863,0.056119,0.013008,0.37867,0.047313,0.011362,0.37872,0.039882,0.010945
0.37935,0.26033,0.057052,0.38059,0.19945,0.058503,0.38038,0.15476,0.049397,0.38057,0.12605,0.033139,0.37608,0.10652,0.032003,0.37559,0.087702,0.02557,0.37838,0.07321,0.016018,0.38052,0.056121,0.013061,0.38056,0.047314,0.011408,0.38061,0.039884,0.010989
0.38125,0.26056,0.05691,0.38248,0.19971,0.058543,0.38228,0.15482,0.049589,0.38246,0.12607,0.033268,0.37797,0.10653,0.032135,0.37747,0.087715,0.025676,0.38027,0.07321,0.016078,0.38242,0.056122,0.013114,0.38245,0.047316,0.011454,0.38251,0.039886,0.011033
0.38315,0.26079,0.056767,0.38439,0.19998,0.058582,0.38419,0.15487,0.049783,0.38437,0.12609,0.033398,0.37986,0.10655,0.032268,0.37936,0.087728,0.025782,0.38217,0.073211,0.016139,0.38432,0.056124,0.013167,0.38436,0.047317,0.011501,0.38442,0.039888,0.011077
0.38506,0.26103,0.056623,0.38631,0.20024,0.058619,0.3861,0.15493,0.049977,0.38629,0.12612,0.03353,0.38176,0.10657,0.032402,0.38126,0.087741,0.02589,0.38408,0.073212,0.0162,0.38624,0.056125,0.01322,0.38628,0.047319,0.011547,0.38634,0.03989,0.011122
0.38698,0.26125,0.056478,0.38824,0.20051,0.058656,0.38803,0.15498,0.050173,0.38822,0.12614,0.033662,0.38367,0.10658,0.032536,0.38317,0.087754,0.025998,0.386,0.073212,0.016262,0.38817,0.056126,0.013274,0.38821,0.04732,0.011594,0.38827,0.039892,0.011167
0.38892,0.26148,0.056333,0.39017,0.20077,0.058691,0.38997,0.15504,0.05037,0.39015,0.12616,0.033794,0.38559,0.1066,0.032671,0.38508,0.087768,0.026106,0.38793,0.073213,0.016324,0.39011,0.056128,0.013328,0.39014,0.047322,0.011641,0.3902,0.039894,0.011212
0.39086,0.26171,0.056188,0.39212,0.20104,0.058725,0.39191,0.1551,0.050568,0.3921,0.12619,0.033928,0.38752,0.10662,0.032807,0.38701,0.087781,0.026216,0.38986,0.073214,0.016386,0.39205,0.056129,0.013383,0.39209,0.047323,0.011689,0.39215,0.039896,0.011257
0.39281,0.26194,0.056042,0.39408,0.20131,0.058759,0.39387,0.15515,0.050767,0.39406,0.12621,0.034062,0.38945,0.10663,0.032944,0.38895,0.087795,0.026326,0.39181,0.073214,0.016449,0.39401,0.056131,0.013437,0.39405,0.047325,0.011737,0.3941,0.039898,0.011303
0.39477,0.26216,0.055895,0.39604,0.20158,0.058791,0.39583,0.15521,0.050967,0.39602,0.12624,0.034197,0.3914,0.10665,0.033082,0.39089,0.087809,0.026436,0.39377,0.073215,0.016512,0.39597,0.056132,0.013493,0.39601,0.047326,0.011785,0.39607,0.0399,0.011349
0.39674,0.26239,0.055748,0.39802,0.20184,0.058821,0.39781,0.15527,0.051168,0.398,0.12626,0.034333,0.39336,0.10667,0.03322,0.39285,0.087822,0.026547,0.39574,0.073215,0.016576,0.39795,0.056134,0.013548,0.39799,0.047327,0.011833,0.39805,0.039902,0.011395
0.39872,0.26261,0.0556,0.4,0.20211,0.058851,0.39979,0.15533,0.05137,0.39998,0.12628,0.03447,0.39533,0.10668,0.033359,0.39482,0.087836,0.026659,0.39771,0.073216,0.01664,0.39993,0.056135,0.013604,0.39997,0.047329,0.011882,0.40003,0.039904,0.011442
0.40071,0.26283,0.055451,0.402,0.20238,0.058879,0.40179,0.15539,0.051574,0.40198,0.12631,0.034607,0.39731,0.1067,0.033499,0.39679,0.087851,0.026772,0.3997,0.073217,0.016704,0.40193,0.056136,0.01366,0.40197,0.047331,0.011931,0.40203,0.039907,0.011489
0.40271,0.26305,0.055302,0.404,0.20265,0.058907,0.40379,0.15545,0.051778,0.40398,0.12633,0.034746,0.39929,0.10672,0.03364,0.39878,0.087865,0.026885,0.4017,0.073217,0.016769,0.40393,0.056138,0.013717,0.40397,0.047332,0.01198,0.40403,0.039909,0.011536
0.40472,0.26327,0.055153,0.40602,0.20292,0.058933,0.4058,0.15551,0.051984,0.406,0.12636,0.034885,0.40129,0.10674,0.033782,0.40077,0.087879,0.026999,0.4037,0.073218,0.016834,0.40595,0.056139,0.013773,0.40599,0.047334,0.012029,0.40605,0.039911,0.011584
0.40674,0.26349,0.055003,0.40804,0.20319,0.058958,0.40783,0.15557,0.052191,0.40802,0.12639,0.035025,0.4033,0.10676,0.033924,0.40278,0.087894,0.027113,0.40572,0.073218,0.0169,0.40797,0.056141,0.013831,0.40801,0.047335,0.012079,0.40807,0.039913,0.011631
0.40877,0.26371,0.054852,0.41008,0.20346,0.058982,0.40986,0.15563,0.052399,0.41006,0.12641,0.035166,0.40532,0.10677,0.034068,0.40479,0.087908,0.027228,0.40775,0.073219,0.016966,0.41001,0.056142,0.013888,0.41005,0.047337,0.012129,0.41011,0.039915,0.011679
0.41081,0.26393,0.054701,0.41213,0.20373,0.059004,0.41191,0.15569,0.052608,0.4121,0.12644,0.035307,0.40734,0.10679,0.034212,0.40682,0.087923,0.027344,0.40978,0.07322,0.017032,0.41206,0.056144,0.013946,0.41209,0.047338,0.01218,0.41216,0.039918,0.011728
0.41287,0.26414,0.054549,0.41418,0.20401,0.059026,0.41396,0.15576,0.052818,0.41416,0.12646,0.03545,0.40938,0.10681,0.034357,0.40886,0.087938,0.027461,0.41183,0.07322,0.017099,0.41411,0.056146,0.014004,0.41415,0.04734,0.012231,0.41421,0.03992,0.011776
0.41493,0.26436,0.054397,0.41625,0.20428,0.059046,0.41603,0.15582,0.05303,0.41623,0.12649,0.035593,0.41143,0.10683,0.034503,0.4109,0.087953,0.027578,0.41389,0.073221,0.017167,0.41618,0.056147,0.014063,0.41622,0.047341,0.012282,0.41628,0.039922,0.011825
0.417,0.26457,0.054244,0.41832,0.20455,0.059065,0.4181,0.15588,0.053242,0.4183,0.12652,0.035738,0.41349,0.10685,0.034649,0.41296,0.087968,0.027695,0.41596,0.073221,0.017234,0.41825,0.056149,0.014122,0.41829,0.047343,0.012333,0.41835,0.039924,0.011874
0.41908,0.26478,0.054091,0.42041,0.20482,0.059083,0.42019,0.15595,0.053456,0.42039,0.12655,0.035883,0.41556,0.10687,0.034797,0.41503,0.087983,0.027814,0.41803,0.073222,0.017303,0.42034,0.05615,0.014181,0.42038,0.047345,0.012385,0.42044,0.039927,0.011924
0.42117,0.265,0.053937,0.42251,0.2051,0.059099,0.42229,0.15601,0.053671,0.42249,0.12657,0.036028,0.41764,0.10689,0.034945,0.4171,0.087999,0.027933,0.42012,0.073223,0.017371,0.42244,0.056152,0.01424,0.42248,0.047346,0.012437,0.42254,0.039929,0.011974
0.42328,0.26521,0.053782,0.42462,0.20537,0.059114,0.42439,0.15608,0.053887,0.42459,0.1266,0.036175,0.41973,0.10691,0.035095,0.41919,0.088015,0.028053,0.42222,0.073223,0.01744,0.42454,0.056153,0.0143,0.42458,0.047348,0.012489,0.42465,0.039931,0.012024
0.42539,0.26542,0.053628,0.42673,0.20564,0.059128,0.42651,0.15614,0.054104,0.42671,0.12663,0.036323,0.42182,0.10693,0.035245,0.42129,0.08803,0.028173,0.42433,0.073224,0.01751,0.42666,0.056155,0.014361,0.4267,0.04735,0.012541,0.42676,0.039934,0.012074
0.42751,0.26562,0.053472,0.42886,0.20592,0.059141,0.42864,0.15621,0.054323,0.42884,0.12666,0.036471,0.42394,0.10694,0.035396,0.4234,0.088046,0.028295,0.42645,0.073224,0.01758,0.42879,0.056157,0.014421,0.42883,0.047351,0.012594,0.42889,0.039936,0.012125
0.42965,0.26583,0.053317,0.431,0.20619,0.059153,0.43078,0.15628,0.054542,0.43098,0.12669,0.03662,0.42606,0.10696,0.035547,0.42551,0.088062,0.028417,0.42858,0.073225,0.01765,0.43093,0.056158,0.014482,0.43097,0.047353,0.012648,0.43103,0.039938,0.012176
0.43179,0.26604,0.053161,0.43315,0.20647,0.059163,0.43293,0.15635,0.054763,0.43313,0.12671,0.036771,0.42819,0.10698,0.0357,0.42764,0.088079,0.028539,0.43072,0.073225,0.017721,0.43308,0.05616,0.014544,0.43312,0.047355,0.012701,0.43318,0.039941,0.012227
0.43395,0.26624,0.053004,0.43531,0.20674,0.059172,0.43509,0.15642,0.054985,0.43529,0.12674,0.036922,0.43033,0.10701,0.035854,0.42978,0.088095,0.028662,0.43287,0.073226,0.017792,0.43524,0.056162,0.014605,0.43528,0.047356,0.012755,0.43534,0.039943,0.012278
0.43611,0.26644,0.052847,0.43748,0.20702,0.05918,0.43726,0.15649,0.055208,0.43746,0.12677,0.037073,0.43248,0.10703,0.036008,0.43193,0.088111,0.028786,0.43503,0.073227,0.017864,0.43741,0.056163,0.014667,0.43745,0.047358,0.012809,0.43752,0.039946,0.01233
0.43829,0.26664,0.05269,0.43967,0.20729,0.059187,0.43944,0.15656,0.055432,0.43965,0.1268,0.037226,0.43465,0.10705,0.036163,0.4341,0.088128,0.028911,0.43721,0.073227,0.017936,0.43959,0.056165,0.01473,0.43963,0.04736,0.012863,0.4397,0.039948,0.012382
0.44048,0.26685,0.052532,0.44186,0.20757,0.059192,0.44163,0.15663,0.055658,0.44184,0.12683,0.03738,0.43682,0.10707,0.036319,0.43627,0.088145,0.029036,0.43939,0.073228,0.018009,0.44179,0.056167,0.014793,0.44183,0.047362,0.012918,0.44189,0.039951,0.012435
0.44268,0.26704,0.052374,0.44406,0.20785,0.059196,0.44384,0.1567,0.055885,0.44404,0.12686,0.037534,0.43901,0.10709,0.036476,0.43845,0.088162,0.029162,0.44159,0.073228,0.018082,0.44399,0.056168,0.014856,0.44403,0.047363,0.012973,0.4441,0.039953,0.012488
0.44489,0.26724,0.052216,0.44628,0.20812,0.059199,0.44605,0.15677,0.056112,0.44626,0.12689,0.03769,0.4412,0.10711,0.036634,0.44065,0.088179,0.029289,0.44379,0.073229,0.018155,0.4462,0.05617,0.014919,0.44625,0.047365,0.013029,0.44631,0.039956,0.012541
0.44711,0.26744,0.052057,0.44851,0.2084,0.0592,0.44827,0.15684,0.056342,0.44848,0.12692,0.037846,0.44341,0.10713,0.036793,0.44285,0.088196,0.029417,0.44601,0.073229,0.018229,0.44843,0.056172,0.014983,0.44847,0.047367,0.013084,0.44854,0.039958,0.012594
0.44934,0.26764,0.051898,0.45074,0.20868,0.059201,0.45051,0.15692,0.056572,0.45072,0.12695,0.038003,0.44563,0.10715,0.036953,0.44507,0.088214,0.029545,0.44824,0.07323,0.018304,0.45067,0.056173,0.015048,0.45071,0.047369,0.013141,0.45078,0.039961,0.012648
0.45158,0.26783,0.051739,0.45299,0.20895,0.0592,0.45276,0.15699,0.056803,0.45297,0.12699,0.038161,0.44786,0.10717,0.037113,0.44729,0.088232,0.029674,0.45048,0.07323,0.018378,0.45292,0.056175,0.015112,0.45296,0.047371,0.013197,0.45302,0.039963,0.012702
0.45384,0.26802,0.05158,0.45525,0.20923,0.059197,0.45502,0.15706,0.057036,0.45523,0.12702,0.03832,0.4501,0.1072,0.037275,0.44953,0.088249,0.029804,0.45273,0.073231,0.018454,0.45518,0.056177,0.015177,0.45522,0.047372,0.013254,0.45528,0.039966,0.012756
0.4561,0.26822,0.05142,0.45752,0.20951,0.059194,0.45729,0.15714,0.05727,0.4575,0.12705,0.03848,0.45235,0.10722,0.037437,0.45178,0.088267,0.029934,0.45499,0.073232,0.018529,0.45745,0.056179,0.015243,0.45749,0.047374,0.013311,0.45756,0.039969,0.012811
0.45838,0.26841,0.05126,0.45981,0.20978,0.059189,0.45957,0.15722,0.057505,0.45978,0.12708,0.038641,0.45461,0.10724,0.037601,0.45404,0.088286,0.030065,0.45726,0.073232,0.018606,0.45973,0.056181,0.015309,0.45977,0.047376,0.013368,0.45984,0.039971,0.012866
0.46067,0.2686,0.0511,0.4621,0.21006,0.059183,0.46186,0.15729,0.057741,0.46208,0.12711,0.038802,0.45689,0.10726,0.037765,0.45632,0.088304,0.030197,0.45955,0.073233,0.018682,0.46202,0.056182,0.015375,0.46207,0.047378,0.013426,0.46213,0.039974,0.012921
0.46297,0.26879,0.05094,0.4644,0.21034,0.059175,0.46417,0.15737,0.057979,0.46438,0.12715,0.038965,0.45917,0.10729,0.03793,0.4586,0.088322,0.030329,0.46184,0.073233,0.018759,0.46433,0.056184,0.015441,0.46437,0.04738,0.013484,0.46444,0.039977,0.012977
0.46528,0.26897,0.050779,0.46672,0.21062,0.059167,0.46648,0.15745,0.058217,0.4667,0.12718,0.039128,0.46147,0.10731,0.038096,0.46089,0.088341,0.030463,0.46415,0.073234,0.018837,0.46664,0.056186,0.015508,0.46669,0.047382,0.013542,0.46675,0.03998,0.013033
0.4676,0.26916,0.050619,0.46905,0.21089,0.059157,0.46881,0.15753,0.058457,0.46903,0.12721,0.039292,0.46378,0.10733,0.038263,0.4632,0.08836,0.030597,0.46647,0.073234,0.018915,0.46897,0.056188,0.015576,0.46902,0.047384,0.013601,0.46908,0.039982,0.013089
0.46994,0.26934,0.050458,0.47139,0.21117,0.059145,0.47115,0.15761,0.058698,0.47137,0.12725,0.039458,0.4661,0.10736,0.038431,0.46552,0.088379,0.030731,0.4688,0.073235,0.018994,0.47131,0.05619,0.015643,0.47136,0.047386,0.01366,0.47142,0.039985,0.013146
0.47228,0.26953,0.050297,0.47374,0.21145,0.059133,0.4735,0.15769,0.058941,0.47372,0.12728,0.039624,0.46843,0.10738,0.0386,0.46785,0.088398,0.030867,0.47114,0.073235,0.019073,0.47366,0.056192,0.015711,0.47371,0.047388,0.013719,0.47377,0.039988,0.013202
0.47464,0.26971,0.050137,0.4761,0.21173,0.059119,0.47586,0.15777,0.059184,0.47608,0.12731,0.039791,0.47077,0.10741,0.03877,0.47019,0.088418,0.031003,0.47349,0.073236,0.019152,0.47603,0.056194,0.01578,0.47607,0.04739,0.013779,0.47614,0.039991,0.01326
0.47701,0.26989,0.049975,0.47848,0.212,0.059104,0.47824,0.15785,0.059429,0.47846,0.12735,0.039959,0.47313,0.10743,0.038941,0.47254,0.088437,0.03114,0.47586,0.073236,0.019232,0.4784,0.056195,0.015849,0.47844,0.047392,0.013839,0.47851,0.039994,0.013317
0.47939,0.27007,0.049814,0.48087,0.21228,0.059087,0.48062,0.15793,0.059675,0.48084,0.12738,0.040128,0.4755,0.10745,0.039112,0.47491,0.088457,0.031278,0.47824,0.073237,0.019313,0.48079,0.056197,0.015918,0.48083,0.047394,0.013899,0.4809,0.039996,0.013375
0.48179,0.27025,0.049653,0.48326,0.21256,0.05907,0.48302,0.15802,0.059923,0.48324,0.12742,0.040298,0.47787,0.10748,0.039285,0.47728,0.088477,0.031416,0.48062,0.073237,0.019393,0.48319,0.056199,0.015988,0.48323,0.047396,0.01396,0.4833,0.039999,0.013433
0.48419,0.27043,0.049492,0.48568,0.21284,0.05905,0.48543,0.1581,0.060171,0.48565,0.12746,0.040468,0.48026,0.1075,0.039458,0.47967,0.088497,0.031556,0.48303,0.073238,0.019475,0.4856,0.056201,0.016058,0.48564,0.047398,0.014021,0.48571,0.040002,0.013492
0.48661,0.27061,0.04933,0.4881,0.21312,0.05903,0.48785,0.15819,0.060421,0.48807,0.12749,0.04064,0.48267,0.10753,0.039633,0.48207,0.088518,0.031696,0.48544,0.073238,0.019557,0.48802,0.056203,0.016128,0.48806,0.0474,0.014083,0.48813,0.040005,0.013551
0.48904,0.27079,0.049169,0.49053,0.21339,0.059008,0.49029,0.15827,0.060672,0.49051,0.12753,0.040813,0.48508,0.10756,0.039808,0.48448,0.088538,0.031837,0.48786,0.073239,0.019639,0.49045,0.056205,0.016199,0.4905,0.047402,0.014144,0.49057,0.040008,0.01361
0.49148,0.27096,0.049007,0.49298,0.21367,0.058986,0.49273,0.15836,0.060924,0.49296,0.12756,0.040986,0.48751,0.10758,0.039985,0.48691,0.088559,0.031978,0.4903,0.07324,0.019722,0.4929,0.056207,0.01627,0.49294,0.047404,0.014206,0.49301,0.040011,0.013669
0.49393,0.27114,0.048845,0.49544,0.21395,0.058961,0.49519,0.15845,0.061178,0.49542,0.1276,0.041161,0.48995,0.10761,0.040162,0.48935,0.08858,0.032121,0.49275,0.07324,0.019805,0.49536,0.056209,0.016342,0.4954,0.047406,0.014269,0.49547,0.040014,0.013729
0.4964,0.27131,0.048683,0.49791,0.21423,0.058936,0.49766,0.15854,0.061432,0.49789,0.12764,0.041337,0.4924,0.10763,0.040341,0.49179,0.088601,0.032264,0.49521,0.073241,0.019889,0.49783,0.056211,0.016414,0.49788,0.047408,0.014332,0.49795,0.040017,0.01379
0.49888,0.27148,0.048521,0.50039,0.2145,0.058909,0.50014,0.15863,0.061688,0.50037,0.12768,0.041513,0.49486,0.10766,0.04052,0.49426,0.088622,0.032408,0.49769,0.073241,0.019973,0.50031,0.056213,0.016486,0.50036,0.04741,0.014395,0.50043,0.04002,0.01385
0.50137,0.27165,0.048359,0.50289,0.21478,0.058881,0.50264,0.15872,0.061946,0.50287,0.12771,0.04169,0.49734,0.10769,0.0407,0.49673,0.088644,0.032552,0.50017,0.073242,0.020058,0.50281,0.056216,0.016559,0.50286,0.047412,0.014458,0.50293,0.040024,0.013911
0.50387,0.27182,0.048197,0.5054,0.21506,0.058851,0.50515,0.15881,0.062204,0.50538,0.12775,0.041869,0.49983,0.10771,0.040882,0.49922,0.088666,0.032698,0.50267,0.073242,0.020144,0.50532,0.056218,0.016632,0.50536,0.047415,0.014522,0.50543,0.040027,0.013972
0.50639,0.27199,0.048035,0.50792,0.21533,0.058821,0.50767,0.1589,0.062464,0.5079,0.12779,0.042048,0.50233,0.10774,0.041064,0.50171,0.088688,0.032844,0.50518,0.073243,0.020229,0.50784,0.05622,0.016706,0.50788,0.047417,0.014587,0.50796,0.04003,0.014034
0.50892,0.27216,0.047872,0.51045,0.21561,0.058789,0.5102,0.15899,0.062725,0.51043,0.12783,0.042228,0.50484,0.10777,0.041247,0.50422,0.08871,0.032991,0.5077,0.073243,0.020316,0.51037,0.056222,0.01678,0.51042,0.047419,0.014651,0.51049,0.040033,0.014096
0.51146,0.27233,0.047709,0.513,0.21589,0.058756,0.51275,0.15908,0.062987,0.51298,0.12787,0.04241,0.50736,0.1078,0.041432,0.50675,0.088732,0.033139,0.51024,0.073244,0.020403,0.51292,0.056224,0.016855,0.51296,0.047421,0.014716,0.51304,0.040036,0.014158
0.51401,0.2725,0.047547,0.51556,0.21616,0.058721,0.5153,0.15918,0.063251,0.51554,0.12791,0.042592,0.5099,0.10782,0.041617,0.50928,0.088755,0.033287,0.51279,0.073244,0.02049,0.51548,0.056226,0.01693,0.51552,0.047423,0.014782,0.5156,0.04004,0.014221
0.51658,0.27266,0.047384,0.51813,0.21644,0.058685,0.51787,0.15927,0.063516,0.51811,0.12795,0.042775,0.51245,0.10785,0.041803,0.51183,0.088778,0.033437,0.51535,0.073245,0.020578,0.51805,0.056228,0.017005,0.5181,0.047426,0.014847,0.51817,0.040043,0.014284
0.51915,0.27282,0.047221,0.52072,0.21672,0.058648,0.52046,0.15937,0.063782,0.52069,0.12799,0.042959,0.51502,0.10788,0.041991,0.51439,0.088801,0.033587,0.51793,0.073245,0.020666,0.52063,0.056231,0.017081,0.52068,0.047428,0.014913,0.52075,0.040046,0.014347
0.52175,0.27299,0.047058,0.52331,0.21699,0.05861,0.52305,0.15947,0.064049,0.52329,0.12803,0.043144,0.51759,0.10791,0.042179,0.51697,0.088824,0.033738,0.52051,0.073246,0.020755,0.52323,0.056233,0.017157,0.52328,0.04743,0.01498,0.52335,0.040049,0.014411
0.52435,0.27315,0.046895,0.52592,0.21727,0.05857,0.52566,0.15956,0.064318,0.5259,0.12807,0.043331,0.52018,0.10794,0.042368,0.51955,0.088848,0.03389,0.52311,0.073246,0.020844,0.52584,0.056235,0.017234,0.52589,0.047433,0.015047,0.52596,0.040053,0.014475
0.52697,0.27331,0.046732,0.52855,0.21754,0.058529,0.52829,0.15966,0.064588,0.52852,0.12812,0.043518,0.52279,0.10797,0.042559,0.52215,0.088871,0.034043,0.52573,0.073247,0.020934,0.52846,0.056237,0.017311,0.52851,0.047435,0.015114,0.52858,0.040056,0.014539
0.5296,0.27347,0.046568,0.53118,0.21782,0.058487,0.53092,0.15976,0.064859,0.53116,0.12816,0.043706,0.5254,0.108,0.04275,0.52477,0.088895,0.034196,0.52835,0.073247,0.021025,0.5311,0.05624,0.017388,0.53115,0.047437,0.015181,0.53122,0.04006,0.014604
0.53224,0.27363,0.046405,0.53383,0.21809,0.058443,0.53357,0.15986,0.065132,0.53381,0.1282,0.043895,0.52803,0.10803,0.042942,0.52739,0.088919,0.03435,0.53099,0.073248,0.021116,0.53375,0.056242,0.017466,0.5338,0.04744,0.015249,0.53387,0.040063,0.014669
0.5349,0.27378,0.046242,0.5365,0.21837,0.058399,0.53623,0.15996,0.065406,0.53647,0.12824,0.044085,0.53067,0.10806,0.043136,0.53003,0.088944,0.034506,0.53364,0.073248,0.021207,0.53641,0.056244,0.017544,0.53646,0.047442,0.015318,0.53653,0.040067,0.014734
0.53757,0.27394,0.046078,0.53917,0.21864,0.058353,0.53891,0.16007,0.065681,0.53915,0.12829,0.044276,0.53333,0.10809,0.04333,0.53269,0.088969,0.034661,0.53631,0.073249,0.021299,0.53909,0.056247,0.017623,0.53914,0.047445,0.015386,0.53921,0.04007,0.0148
0.54026,0.2741,0.045915,0.54186,0.21892,0.058305,0.5416,0.16017,0.065957,0.54184,0.12833,0.044469,0.53599,0.10812,0.043526,0.53535,0.088993,0.034818,0.53899,0.073249,0.021392,0.54178,0.056249,0.017702,0.54183,0.047447,0.015455,0.5419,0.040074,0.014867
0.54295,0.27425,0.045751,0.54457,0.21919,0.058257,0.5443,0.16027,0.066235,0.54454,0.12838,0.044662,0.53868,0.10815,0.043722,0.53803,0.089019,0.034976,0.54168,0.07325,0.021485,0.54448,0.056251,0.017782,0.54453,0.04745,0.015525,0.5446,0.040077,0.014933
0.54566,0.2744,0.045588,0.54728,0.21946,0.058207,0.54702,0.16038,0.066514,0.54726,0.12842,0.044856,0.54137,0.10818,0.04392,0.54072,0.089044,0.035134,0.54439,0.07325,0.021578,0.5472,0.056254,0.017862,0.54725,0.047452,0.015595,0.54732,0.040081,0.015
0.54839,0.27455,0.045424,0.55001,0.21973,0.058156,0.54974,0.16049,0.066794,0.54999,0.12847,0.045051,0.54408,0.10821,0.044119,0.54343,0.08907,0.035294,0.54711,0.073251,0.021672,0.54993,0.056256,0.017943,0.54998,0.047455,0.015665,0.55005,0.040085,0.015067
0.55113,0.2747,0.045261,0.55276,0.22001,0.058104,0.55249,0.16059,0.067076,0.55273,0.12851,0.045247,0.5468,0.10825,0.044318,0.54615,0.089096,0.035454,0.54984,0.073251,0.021767,0.55267,0.056259,0.018024,0.55272,0.047457,0.015735,0.55279,0.040088,0.015135
0.55388,0.27485,0.045098,0.55551,0.22028,0.05805,0.55524,0.1607,0.067359,0.55549,0.12856,0.045445,0.54954,0.10828,0.044519,0.54888,0.089122,0.035615,0.55259,0.073252,0.021862,0.55543,0.056261,0.018105,0.55548,0.04746,0.015806,0.55555,0.040092,0.015203
0.55664,0.275,0.044935,0.55829,0.22055,0.057996,0.55801,0.16081,0.067643,0.55826,0.1286,0.045643,0.55229,0.10831,0.044721,0.55163,0.089148,0.035777,0.55535,0.073252,0.021958,0.5582,0.056264,0.018187,0.55825,0.047463,0.015878,0.55832,0.040096,0.015271
0.55942,0.27515,0.044771,0.56107,0.22082,0.05794,0.5608,0.16092,0.067928,0.56104,0.12865,0.045842,0.55505,0.10834,0.044924,0.55439,0.089175,0.035939,0.55812,0.073253,0.022054,0.56098,0.056266,0.018269,0.56103,0.047465,0.01595,0.56111,0.0401,0.01534
0.56221,0.2753,0.044608,0.56387,0.22109,0.057882,0.5636,0.16103,0.068215,0.56384,0.1287,0.046042,0.55783,0.10838,0.045128,0.55716,0.089202,0.036103,0.56091,0.073253,0.022151,0.56378,0.056269,0.018352,0.56383,0.047468,0.016022,0.56391,0.040104,0.015409
0.56502,0.27544,0.044446,0.56668,0.22136,0.057824,0.56641,0.16115,0.068503,0.56666,0.12875,0.046244,0.56062,0.10841,0.045333,0.55995,0.089229,0.036267,0.56371,0.073254,0.022249,0.56659,0.056271,0.018435,0.56664,0.047471,0.016094,0.56672,0.040107,0.015479
0.56784,0.27558,0.044283,0.56951,0.22163,0.057764,0.56923,0.16126,0.068793,0.56948,0.1288,0.046446,0.56342,0.10845,0.045539,0.56275,0.089256,0.036433,0.56653,0.073254,0.022346,0.56942,0.056274,0.018519,0.56947,0.047473,0.016167,0.56955,0.040111,0.015549
0.57068,0.27573,0.044121,0.57235,0.2219,0.057704,0.57207,0.16137,0.069083,0.57232,0.12884,0.04665,0.56624,0.10848,0.045747,0.56557,0.089284,0.036599,0.56936,0.073255,0.022445,0.57226,0.056277,0.018603,0.57231,0.047476,0.016241,0.57239,0.040115,0.015619
0.57353,0.27587,0.043958,0.57521,0.22217,0.057642,0.57493,0.16149,0.069376,0.57518,0.12889,0.046854,0.56907,0.10851,0.045955,0.5684,0.089312,0.036766,0.5722,0.073255,0.022544,0.57512,0.056279,0.018687,0.57517,0.047479,0.016314,0.57524,0.040119,0.01569
0.57639,0.27601,0.043796,0.57808,0.22244,0.057578,0.5778,0.16161,0.069669,0.57805,0.12894,0.04706,0.57192,0.10855,0.046165,0.57124,0.08934,0.036934,0.57506,0.073256,0.022644,0.57798,0.056282,0.018773,0.57804,0.047481,0.016389,0.57811,0.040123,0.015761
0.57927,0.27615,0.043634,0.58096,0.22271,0.057514,0.58068,0.16172,0.069964,0.58093,0.12899,0.047266,0.57478,0.10859,0.046375,0.5741,0.089369,0.037103,0.57793,0.073256,0.022744,0.58087,0.056284,0.018858,0.58092,0.047484,0.016463,0.581,0.040127,0.015833
0.58216,0.27629,0.043473,0.58386,0.22298,0.057448,0.58358,0.16184,0.07026,0.58383,0.12904,0.047474,0.57766,0.10862,0.046587,0.57698,0.089397,0.037272,0.58082,0.073257,0.022845,0.58377,0.056287,0.018944,0.58382,0.047487,0.016538,0.5839,0.040131,0.015904
0.58506,0.27643,0.043311,0.58677,0.22324,0.057381,0.58649,0.16196,0.070557,0.58674,0.1291,0.047683,0.58055,0.10866,0.0468,0.57986,0.089426,0.037443,0.58372,0.073257,0.022946,0.58668,0.05629,0.01903,0.58673,0.04749,0.016614,0.58681,0.040136,0.015977
0.58799,0.27656,0.04315,0.5897,0.22351,0.057313,0.58941,0.16208,0.070856,0.58967,0.12915,0.047893,0.58345,0.10869,0.047014,0.58277,0.089456,0.037614,0.58664,0.073258,0.023048,0.58961,0.056293,0.019117,0.58966,0.047493,0.016689,0.58974,0.04014,0.016049
0.59092,0.2767,0.042989,0.59264,0.22378,0.057244,0.59235,0.16221,0.071155,0.59261,0.1292,0.048103,0.58637,0.10873,0.047229,0.58568,0.089485,0.037787,0.58957,0.073258,0.02315,0.59255,0.056295,0.019205,0.5926,0.047496,0.016766,0.59268,0.040144,0.016122
0.59387,0.27683,0.042828,0.5956,0.22404,0.057174,0.59531,0.16233,0.071457,0.59557,0.12925,0.048315,0.5893,0.10877,0.047445,0.58861,0.089515,0.03796,0.59251,0.073259,0.023253,0.5955,0.056298,0.019293,0.59555,0.047499,0.016842,0.59563,0.040148,0.016196
0.59684,0.27697,0.042667,0.59857,0.22431,0.057102,0.59828,0.16245,0.071759,0.59854,0.12931,0.048528,0.59225,0.1088,0.047662,0.59156,0.089546,0.038134,0.59547,0.073259,0.023357,0.59847,0.056301,0.019381,0.59853,0.047502,0.016919,0.59861,0.040153,0.01627
0.59982,0.2771,0.042507,0.60155,0.22457,0.05703,0.60127,0.16258,0.072063,0.60152,0.12936,0.048742,0.59521,0.10884,0.047881,0.59452,0.089576,0.038309,0.59845,0.07326,0.023461,0.60146,0.056304,0.01947,0.60151,0.047505,0.016997,0.60159,0.040157,0.016344
0.60281,0.27723,0.042347,0.60455,0.22483,0.056956,0.60426,0.16271,0.072369,0.60453,0.12941,0.048958,0.59819,0.10888,0.0481,0.59749,0.089607,0.038485,0.60144,0.07326,0.023566,0.60446,0.056307,0.019559,0.60451,0.047508,0.017075,0.60459,0.040161,0.016419
0.60582,0.27736,0.042187,0.60757,0.2251,0.056881,0.60728,0.16283,0.072675,0.60754,0.12947,0.049174,0.60118,0.10892,0.048321,0.60048,0.089638,0.038662,0.60444,0.073261,0.023671,0.60747,0.05631,0.019649,0.60753,0.047511,0.017153,0.60761,0.040166,0.016494
0.60884,0.27749,0.042027,0.6106,0.22536,0.056805,0.61031,0.16296,0.072983,0.61057,0.12952,0.049391,0.60419,0.10896,0.048543,0.60349,0.089669,0.03884,0.60746,0.073262,0.023777,0.61051,0.056313,0.019739,0.61056,0.047514,0.017232,0.61064,0.04017,0.016569
0.61188,0.27762,0.041867,0.61365,0.22562,0.056728,0.61335,0.16309,0.073292,0.61362,0.12958,0.04961,0.60721,0.109,0.048766,0.60651,0.089701,0.039018,0.6105,0.073262,0.023884,0.61355,0.056316,0.01983,0.6136,0.047517,0.017311,0.61369,0.040175,0.016645
0.61494,0.27775,0.041707,0.61671,0.22588,0.05665,0.61641,0.16322,0.073603,0.61668,0.12964,0.049829,0.61025,0.10904,0.04899,0.60954,0.089733,0.039198,0.61355,0.073263,0.023991,0.61661,0.056319,0.019921,0.61667,0.04752,0.01739,0.61675,0.040179,0.016721
0.61801,0.27788,0.041548,0.61978,0.22614,0.05657,0.61949,0.16336,0.073915,0.61976,0.12969,0.05005,0.6133,0.10908,0.049215,0.61259,0.089766,0.039379,0.61661,0.073263,0.024098,0.61969,0.056322,0.020013,0.61974,0.047523,0.01747,0.61982,0.040184,0.016798
0.62109,0.27801,0.041389,0.62288,0.2264,0.05649,0.62258,0.16349,0.074228,0.62285,0.12975,0.050272,0.61637,0.10912,0.049442,0.61566,0.089798,0.03956,0.61969,0.073264,0.024207,0.62278,0.056325,0.020105,0.62283,0.047526,0.017551,0.62292,0.040188,0.016875
0.62419,0.27813,0.041229,0.62598,0.22666,0.056408,0.62569,0.16363,0.074543,0.62595,0.12981,0.050495,0.61946,0.10916,0.04967,0.61874,0.089831,0.039743,0.62279,0.073264,0.024316,0.62589,0.056328,0.020198,0.62594,0.04753,0.017632,0.62602,0.040193,0.016953
0.62731,0.27826,0.04107,0.62911,0.22692,0.056325,0.62881,0.16376,0.074859,0.62908,0.12987,0.050719,0.62255,0.1092,0.049898,0.62184,0.089864,0.039926,0.6259,0.073265,0.024425,0.62901,0.056331,0.020291,0.62906,0.047533,0.017713,0.62915,0.040198,0.017031
0.63044,0.27838,0.040912,0.63224,0.22718,0.056242,0.63195,0.1639,0.075176,0.63221,0.12993,0.050944,0.62567,0.10924,0.050129,0.62495,0.089898,0.04011,0.62902,0.073265,0.024535,0.63215,0.056334,0.020385,0.6322,0.047536,0.017795,0.63228,0.040203,0.017109
0.63359,0.2785,0.040753,0.6354,0.22744,0.056157,0.6351,0.16404,0.075495,0.63537,0.12998,0.05117,0.6288,0.10928,0.05036,0.62808,0.089932,0.040296,0.63217,0.073266,0.024646,0.6353,0.056337,0.020479,0.63536,0.04754,0.017877,0.63544,0.040207,0.017188
0.63675,0.27863,0.040594,0.63857,0.22769,0.056071,0.63827,0.16418,0.075814,0.63854,0.13005,0.051397,0.63194,0.10933,0.050592,0.63122,0.089966,0.040482,0.63532,0.073266,0.024757,0.63847,0.056341,0.020574,0.63852,0.047543,0.01796,0.63861,0.040212,0.017267
0.63993,0.27875,0.040436,0.64175,0.22795,0.055984,0.64145,0.16432,0.076136,0.64172,0.13011,0.051626,0.63511,0.10937,0.050826,0.63438,0.090001,0.040669,0.6385,0.073267,0.024869,0.64165,0.056344,0.020669,0.64171,0.047546,0.018043,0.64179,0.040217,0.017347
0.64313,0.27887,0.040278,0.64495,0.2282,0.055896,0.64465,0.16446,0.076458,0.64493,0.13017,0.051855,0.63828,0.10941,0.051061,0.63755,0.090036,0.040857,0.64169,0.073267,0.024982,0.64486,0.056347,0.020765,0.64491,0.04755,0.018126,0.645,0.040222,0.017427
0.64634,0.27899,0.04012,0.64817,0.22846,0.055807,0.64787,0.16461,0.076782,0.64814,0.13023,0.052086,0.64148,0.10946,0.051297,0.64074,0.090071,0.041046,0.64489,0.073268,0.025095,0.64807,0.05635,0.020861,0.64813,0.047553,0.01821,0.64821,0.040227,0.017507
0.64956,0.27911,0.039962,0.6514,0.22871,0.055717,0.6511,0.16475,0.077108,0.65138,0.13029,0.052318,0.64469,0.1095,0.051534,0.64395,0.090107,0.041236,0.64812,0.073268,0.025209,0.65131,0.056354,0.020958,0.65136,0.047557,0.018295,0.65145,0.040232,0.017588
0.65281,0.27922,0.039804,0.65465,0.22897,0.055625,0.65435,0.1649,0.077434,0.65463,0.13035,0.052551,0.64791,0.10955,0.051773,0.64717,0.090143,0.041427,0.65135,0.073269,0.025323,0.65456,0.056357,0.021055,0.65461,0.04756,0.018379,0.6547,0.040237,0.017669
0.65607,0.27934,0.039647,0.65792,0.22922,0.055533,0.65761,0.16505,0.077762,0.65789,0.13042,0.052785,0.65115,0.10959,0.052012,0.65041,0.090179,0.041619,0.65461,0.073269,0.025438,0.65782,0.05636,0.021153,0.65788,0.047564,0.018465,0.65796,0.040242,0.017751
0.65934,0.27945,0.03949,0.6612,0.22947,0.05544,0.66089,0.16519,0.078092,0.66117,0.13048,0.05302,0.65441,0.10964,0.052253,0.65367,0.090216,0.041812,0.65788,0.07327,0.025554,0.6611,0.056364,0.021251,0.66116,0.047567,0.01855,0.66124,0.040248,0.017833
0.66263,0.27957,0.039333,0.6645,0.22972,0.055346,0.66419,0.16535,0.078422,0.66447,0.13055,0.053257,0.65768,0.10968,0.052496,0.65694,0.090253,0.042006,0.66116,0.073271,0.02567,0.6644,0.056367,0.02135,0.66446,0.047571,0.018637,0.66454,0.040253,0.017916
0.66594,0.27968,0.039177,0.66782,0.22997,0.055251,0.66751,0.1655,0.078754,0.66779,0.13061,0.053494,0.66097,0.10973,0.052739,0.66022,0.09029,0.042201,0.66447,0.073271,0.025787,0.66771,0.056371,0.02145,0.66777,0.047574,0.018723,0.66786,0.040258,0.017999
0.66927,0.27979,0.039021,0.67115,0.23022,0.055155,0.67084,0.16565,0.079088,0.67112,0.13068,0.053733,0.66428,0.10978,0.052984,0.66353,0.090328,0.042397,0.66779,0.073272,0.025905,0.67105,0.056374,0.02155,0.6711,0.047578,0.018811,0.67119,0.040263,0.018083
0.67261,0.27991,0.038865,0.6745,0.23047,0.055058,0.67418,0.16581,0.079422,0.67447,0.13075,0.053973,0.6676,0.10982,0.05323,0.66685,0.090366,0.042594,0.67112,0.073272,0.026023,0.67439,0.056378,0.02165,0.67445,0.047582,0.018898,0.67454,0.040269,0.018167
0.67597,0.28002,0.03871,0.67786,0.23071,0.05496,0.67755,0.16596,0.079758,0.67783,0.13081,0.054214,0.67094,0.10987,0.053477,0.67019,0.090405,0.042792,0.67447,0.073273,0.026142,0.67776,0.056381,0.021751,0.67782,0.047586,0.018986,0.6779,0.040274,0.018251
0.67934,0.28013,0.038555,0.68124,0.23096,0.05486,0.68093,0.16612,0.080096,0.68121,0.13088,0.054456,0.6743,0.10992,0.053725,0.67354,0.090443,0.042991,0.67784,0.073273,0.026262,0.68114,0.056385,0.021853,0.6812,0.047589,0.019075,0.68128,0.04028,0.018336
0.68273,0.28023,0.0384,0.68464,0.23121,0.054761,0.68432,0.16628,0.080434,0.68461,0.13095,0.0547,0.67767,0.10997,0.053975,0.67691,0.090483,0.043191,0.68123,0.073274,0.026382,0.68454,0.056389,0.021955,0.6846,0.047593,0.019164,0.68468,0.040285,0.018421
0.68614,0.28034,0.038246,0.68806,0.23145,0.05466,0.68774,0.16644,0.080774,0.68802,0.13102,0.054944,0.68106,0.11002,0.054226,0.6803,0.090522,0.043392,0.68463,0.073274,0.026503,0.68795,0.056392,0.022057,0.68801,0.047597,0.019253,0.6881,0.040291,0.018507
0.68957,0.28045,0.038092,0.69149,0.2317,0.054558,0.69117,0.1666,0.081116,0.69146,0.13109,0.05519,0.68447,0.11007,0.054478,0.6837,0.090562,0.043594,0.68805,0.073275,0.026624,0.69138,0.056396,0.022161,0.69144,0.047601,0.019343,0.69153,0.040297,0.018593
0.69301,0.28056,0.037938,0.69494,0.23194,0.054455,0.69462,0.16676,0.081459,0.69491,0.13116,0.055437,0.6879,0.11012,0.054732,0.68712,0.090603,0.043797,0.69149,0.073276,0.026747,0.69483,0.0564,0.022264,0.69489,0.047605,0.019434,0.69498,0.040302,0.01868
0.69647,0.28066,0.037785,0.6984,0.23218,0.054351,0.69808,0.16693,0.081803,0.69837,0.13123,0.055685,0.69134,0.11017,0.054987,0.69056,0.090644,0.044001,0.69494,0.073276,0.026869,0.6983,0.056404,0.022369,0.69836,0.047609,0.019525,0.69845,0.040308,0.018767
0.69994,0.28077,0.037633,0.70189,0.23242,0.054247,0.70157,0.1671,0.082148,0.70186,0.13131,0.055934,0.6948,0.11022,0.055243,0.69402,0.090685,0.044206,0.69842,0.073277,0.026993,0.70178,0.056407,0.022473,0.70184,0.047613,0.019616,0.70193,0.040314,0.018855
0.70344,0.28087,0.03748,0.70539,0.23266,0.054141,0.70507,0.16726,0.082495,0.70536,0.13138,0.056185,0.69827,0.11027,0.0555,0.69749,0.090726,0.044412,0.7019,0.073277,0.027117,0.70528,0.056411,0.022579,0.70534,0.047617,0.019708,0.70543,0.04032,0.018943
0.70695,0.28097,0.037328,0.70891,0.2329,0.054035,0.70858,0.16743,0.082843,0.70888,0.13145,0.056437,0.70176,0.11032,0.055759,0.70098,0.090768,0.04462,0.70541,0.073278,0.027242,0.7088,0.056415,0.022685,0.70886,0.047621,0.0198,0.70895,0.040326,0.019031
0.71048,0.28108,0.037176,0.71244,0.23314,0.053928,0.71212,0.1676,0.083192,0.71241,0.13153,0.05669,0.70528,0.11038,0.056019,0.70449,0.090811,0.044828,0.70893,0.073278,0.027368,0.71234,0.056419,0.022791,0.7124,0.047625,0.019893,0.71249,0.040332,0.01912
0.71403,0.28118,0.037025,0.716,0.23338,0.05382,0.71567,0.16778,0.083543,0.71597,0.1316,0.056944,0.7088,0.11043,0.05628,0.70802,0.090854,0.045037,0.71248,0.073279,0.027494,0.71589,0.056423,0.022898,0.71595,0.047629,0.019987,0.71604,0.040338,0.01921
0.71759,0.28128,0.036874,0.71957,0.23362,0.053711,0.71924,0.16795,0.083895,0.71954,0.13168,0.057199,0.71235,0.11048,0.056543,0.71156,0.090897,0.045247,0.71603,0.07328,0.027621,0.71946,0.056427,0.023006,0.71952,0.047634,0.020081,0.71962,0.040344,0.0193
0.72117,0.28138,0.036723,0.72316,0.23385,0.053601,0.72283,0.16813,0.084248,0.72313,0.13175,0.057455,0.71591,0.11054,0.056807,0.71512,0.090941,0.045459,0.71961,0.07328,0.027748,0.72305,0.056431,0.023114,0.72311,0.047638,0.020175,0.72321,0.04035,0.01939
0.72477,0.28148,0.036573,0.72677,0.23409,0.05349,0.72644,0.1683,0.084603,0.72674,0.13183,0.057713,0.71949,0.11059,0.057072,0.7187,0.090985,0.045671,0.72321,0.073281,0.027877,0.72666,0.056435,0.023223,0.72672,0.047642,0.02027,0.72681,0.040356,0.019481
0.72839,0.28158,0.036422,0.73039,0.23432,0.053379,0.73006,0.16848,0.084959,0.73036,0.13191,0.057972,0.72309,0.11065,0.057339,0.72229,0.091029,0.045884,0.72682,0.073281,0.028005,0.73029,0.056439,0.023332,0.73035,0.047646,0.020365,0.73044,0.040363,0.019573
0.73203,0.28167,0.036272,0.73404,0.23456,0.053267,0.7337,0.16866,0.085317,0.734,0.13199,0.058232,0.72671,0.1107,0.057607,0.72591,0.091074,0.046099,0.73045,0.073282,0.028135,0.73393,0.056444,0.023442,0.73399,0.047651,0.020461,0.73408,0.040369,0.019664
0.73568,0.28177,0.036123,0.7377,0.23479,0.053154,0.73737,0.16884,0.085675,0.73767,0.13207,0.058494,0.73035,0.11076,0.057876,0.72954,0.09112,0.046315,0.7341,0.073282,0.028265,0.73759,0.056448,0.023553,0.73765,0.047655,0.020557,0.73774,0.040375,0.019757
0.73936,0.28187,0.035973,0.74138,0.23502,0.05304,0.74104,0.16903,0.086035,0.74135,0.13215,0.058756,0.734,0.11082,0.058147,0.73319,0.091165,0.046531,0.73777,0.073283,0.028397,0.74127,0.056452,0.023664,0.74133,0.04766,0.020654,0.74142,0.040382,0.01985
0.74305,0.28196,0.035824,0.74508,0.23525,0.052925,0.74474,0.16921,0.086397,0.74504,0.13223,0.05902,0.73767,0.11087,0.058419,0.73686,0.091212,0.046749,0.74145,0.073284,0.028528,0.74497,0.056456,0.023775,0.74503,0.047664,0.020752,0.74512,0.040388,0.019943
0.74676,0.28206,0.035675,0.74879,0.23548,0.05281,0.74846,0.1694,0.086759,0.74876,0.13231,0.059285,0.74136,0.11093,0.058692,0.74055,0.091258,0.046968,0.74516,0.073284,0.028661,0.74868,0.056461,0.023888,0.74875,0.047669,0.020849,0.74884,0.040395,0.020037
0.75049,0.28215,0.035526,0.75253,0.23571,0.052694,0.75219,0.16959,0.087123,0.7525,0.13239,0.059552,0.74507,0.11099,0.058967,0.74425,0.091306,0.047188,0.74888,0.073285,0.028794,0.75242,0.056465,0.024,0.75248,0.047673,0.020948,0.75258,0.040402,0.020131
0.75423,0.28225,0.035378,0.75628,0.23594,0.052577,0.75594,0.16978,0.087489,0.75625,0.13247,0.059819,0.7488,0.11105,0.059243,0.74798,0.091353,0.047409,0.75262,0.073286,0.028928,0.75617,0.05647,0.024114,0.75623,0.047678,0.021047,0.75633,0.040408,0.020226
0.758,0.28234,0.03523,0.76006,0.23617,0.052459,0.75972,0.16997,0.087855,0.76002,0.13256,0.060088,0.75255,0.11111,0.059521,0.75172,0.091401,0.047631,0.75638,0.073286,0.029063,0.75994,0.056474,0.024228,0.76001,0.047683,0.021146,0.7601,0.040415,0.020321
0.76178,0.28243,0.035082,0.76385,0.23639,0.052341,0.76351,0.17016,0.088223,0.76381,0.13264,0.060358,0.75631,0.11117,0.0598,0.75548,0.09145,0.047854,0.76016,0.073287,0.029198,0.76374,0.056478,0.024343,0.7638,0.047687,0.021246,0.76389,0.040422,0.020417
0.76559,0.28252,0.034935,0.76766,0.23662,0.052221,0.76731,0.17036,0.088592,0.76762,0.13273,0.060629,0.76009,0.11123,0.06008,0.75927,0.091499,0.048078,0.76395,0.073287,0.029334,0.76755,0.056483,0.024458,0.76761,0.047692,0.021347,0.7677,0.040429,0.020513
0.76941,0.28261,0.034788,0.77149,0.23684,0.052102,0.77114,0.17056,0.088963,0.77145,0.13282,0.060902,0.7639,0.11129,0.060362,0.76306,0.091549,0.048304,0.76777,0.073288,0.029471,0.77138,0.056488,0.024574,0.77144,0.047697,0.021448,0.77153,0.040436,0.02061
0.77325,0.2827,0.034642,0.77534,0.23706,0.051981,0.77499,0.17075,0.089335,0.7753,0.1329,0.061176,0.76772,0.11135,0.060645,0.76688,0.091599,0.04853,0.77161,0.073289,0.029608,0.77522,0.056492,0.02469,0.77529,0.047702,0.021549,0.77538,0.040443,0.020707
0.77711,0.28279,0.034495,0.7792,0.23729,0.05186,0.77886,0.17095,0.089708,0.77917,0.13299,0.061451,0.77156,0.11142,0.060929,0.77072,0.091649,0.048758,0.77546,0.073289,0.029747,0.77909,0.056497,0.024807,0.77915,0.047707,0.021651,0.77925,0.04045,0.020805
0.78099,0.28288,0.03435,0.78309,0.23751,0.051738,0.78274,0.17116,0.090082,0.78306,0.13308,0.061727,0.77542,0.11148,0.061215,0.77458,0.0917,0.048987,0.77933,0.07329,0.029886,0.78298,0.056502,0.024925,0.78304,0.047712,0.021754,0.78314,0.040457,0.020903
0.78489,0.28296,0.034204,0.787,0.23773,0.051615,0.78665,0.17136,0.090458,0.78696,0.13317,0.062005,0.7793,0.11154,0.061503,0.77845,0.091752,0.049217,0.78323,0.073291,0.030025,0.78688,0.056506,0.025043,0.78695,0.047717,0.021857,0.78705,0.040465,0.021002
0.78881,0.28305,0.03406,0.79092,0.23795,0.051492,0.79057,0.17157,0.090835,0.79089,0.13326,0.062283,0.7832,0.11161,0.061791,0.78235,0.091804,0.049448,0.78714,0.073291,0.030166,0.79081,0.056511,0.025162,0.79087,0.047722,0.021961,0.79097,0.040472,0.021102
0.79274,0.28313,0.033915,0.79487,0.23816,0.051368,0.79452,0.17177,0.091213,0.79483,0.13335,0.062564,0.78711,0.11167,0.062082,0.78626,0.091856,0.04968,0.79107,0.073292,0.030307,0.79475,0.056516,0.025281,0.79482,0.047727,0.022065,0.79492,0.04048,0.021201
0.7967,0.28322,0.033771,0.79883,0.23838,0.051244,0.79848,0.17198,0.091593,0.7988,0.13344,0.062845,0.79105,0.11174,0.062373,0.7902,0.091909,0.049913,0.79502,0.073292,0.030449,0.79872,0.056521,0.025402,0.79878,0.047732,0.02217,0.79888,0.040487,0.021302
0.80068,0.2833,0.033628,0.80282,0.2386,0.051118,0.80246,0.1722,0.091974,0.80278,0.13354,0.063128,0.79501,0.11181,0.062666,0.79415,0.091963,0.050148,0.799,0.073293,0.030592,0.8027,0.056526,0.025522,0.80277,0.047737,0.022275,0.80287,0.040495,0.021403
0.80468,0.28339,0.033485,0.80682,0.23881,0.050993,0.80647,0.17241,0.092356,0.80679,0.13363,0.063412,0.79899,0.11187,0.062961,0.79813,0.092017,0.050383,0.80299,0.073294,0.030735,0.80671,0.056531,0.025644,0.80677,0.047742,0.022381,0.80687,0.040502,0.021504
0.80869,0.28347,0.033343,0.81085,0.23903,0.050866,0.81049,0.17262,0.092739,0.81081,0.13373,0.063697,0.80298,0.11194,0.063257,0.80212,0.092071,0.05062,0.807,0.073294,0.03088,0.81073,0.056536,0.025766,0.8108,0.047748,0.022487,0.8109,0.04051,0.021606
0.81273,0.28355,0.0332,0.81489,0.23924,0.050739,0.81454,0.17284,0.093124,0.81486,0.13382,0.063983,0.807,0.11201,0.063554,0.80614,0.092126,0.050858,0.81103,0.073295,0.031025,0.81478,0.056541,0.025888,0.81484,0.047753,0.022594,0.81494,0.040518,0.021709
0.81679,0.28363,0.033059,0.81896,0.23945,0.050611,0.8186,0.17306,0.09351,0.81892,0.13392,0.064271,0.81104,0.11208,0.063853,0.81017,0.092182,0.051097,0.81508,0.073296,0.03117,0.81884,0.056546,0.026012,0.81891,0.047759,0.022702,0.81901,0.040526,0.021812
0.82087,0.28371,0.032917,0.82304,0.23966,0.050483,0.82268,0.17328,0.093897,0.82301,0.13402,0.06456,0.8151,0.11215,0.064153,0.81422,0.092238,0.051337,0.81915,0.073297,0.031317,0.82293,0.056552,0.026136,0.82299,0.047764,0.02281,0.82309,0.040534,0.021915
0.82496,0.28379,0.032776,0.82715,0.23987,0.050354,0.82679,0.1735,0.094286,0.82711,0.13412,0.064851,0.81917,0.11222,0.064455,0.8183,0.092295,0.051579,0.82325,0.073297,0.031464,0.82703,0.056557,0.02626,0.8271,0.04777,0.022919,0.8272,0.040542,0.022019
0.82908,0.28387,0.032636,0.83128,0.24008,0.050225,0.83091,0.17373,0.094675,0.83124,0.13421,0.065142,0.82327,0.11229,0.064759,0.82239,0.092352,0.051821,0.82736,0.073298,0.031612,0.83116,0.056562,0.026386,0.83122,0.047775,0.023028,0.83133,0.04055,0.022124
0.83322,0.28395,0.032496,0.83542,0.24029,0.050095,0.83506,0.17395,0.095066,0.83539,0.13432,0.065435,0.82739,0.11236,0.065063,0.82651,0.09241,0.052065,0.83149,0.073299,0.031761,0.8353,0.056568,0.026511,0.83537,0.047781,0.023138,0.83547,0.040558,0.022229
0.83738,0.28403,0.032356,0.83959,0.2405,0.049965,0.83923,0.17418,0.095458,0.83956,0.13442,0.06573,0.83153,0.11243,0.06537,0.83065,0.092468,0.05231,0.83564,0.073299,0.031911,0.83947,0.056573,0.026638,0.83954,0.047786,0.023248,0.83964,0.040566,0.022335
0.84156,0.28411,0.032216,0.84378,0.2407,0.049834,0.84341,0.17441,0.095852,0.84374,0.13452,0.066025,0.83569,0.11251,0.065678,0.8348,0.092527,0.052556,0.83982,0.0733,0.032062,0.84366,0.056578,0.026765,0.84373,0.047792,0.023359,0.84383,0.040575,0.022441
0.84576,0.28418,0.032076,0.84799,0.24091,0.049702,0.84762,0.17465,0.096246,0.84795,0.13462,0.066322,0.83987,0.11258,0.065987,0.83898,0.092587,0.052804,0.84401,0.073301,0.032213,0.84787,0.056584,0.026893,0.84794,0.047798,0.02347,0.84804,0.040583,0.022548
0.84999,0.28426,0.031937,0.85222,0.24111,0.04957,0.85185,0.17488,0.096642,0.85218,0.13473,0.06662,0.84407,0.11266,0.066298,0.84318,0.092647,0.053052,0.84823,0.073301,0.032365,0.8521,0.05659,0.027022,0.85217,0.047804,0.023582,0.85227,0.040592,0.022655
0.85423,0.28434,0.031799,0.85647,0.24131,0.049438,0.8561,0.17512,0.09704,0.85643,0.13483,0.06692,0.84829,0.11273,0.06661,0.8474,0.092708,0.053302,0.85247,0.073302,0.032518,0.85635,0.056595,0.027151,0.85642,0.04781,0.023695,0.85652,0.0406,0.022763
0.85849,0.28441,0.03166,0.86074,0.24151,0.049305,0.86037,0.17535,0.097438,0.86071,0.13494,0.067221,0.85254,0.11281,0.066924,0.85164,0.092769,0.053553,0.85673,0.073303,0.032672,0.86062,0.056601,0.027281,0.86069,0.047816,0.023808,0.86079,0.040609,0.022872
0.86278,0.28449,0.031522,0.86504,0.24171,0.049171,0.86466,0.1756,0.097837,0.865,0.13505,0.067523,0.8568,0.11289,0.067239,0.8559,0.092831,0.053805,0.86101,0.073304,0.032826,0.86491,0.056607,0.027411,0.86498,0.047822,0.023922,0.86509,0.040618,0.022981
0.86709,0.28456,0.031384,0.86935,0.24191,0.049038,0.86898,0.17584,0.098238,0.86931,0.13515,0.067826,0.86109,0.11296,0.067556,0.86018,0.092893,0.054059,0.86531,0.073304,0.032981,0.86923,0.056612,0.027542,0.8693,0.047828,0.024037,0.8694,0.040626,0.02309
0.87142,0.28463,0.031247,0.87369,0.24211,0.048903,0.87331,0.17608,0.09864,0.87365,0.13526,0.068131,0.8654,0.11304,0.067875,0.86449,0.092956,0.054313,0.86963,0.073305,0.033138,0.87357,0.056618,0.027674,0.87363,0.047834,0.024152,0.87374,0.040635,0.0232
0.87577,0.2847,0.03111,0.87805,0.24231,0.048768,0.87767,0.17633,0.099043,0.87801,0.13537,0.068437,0.86973,0.11312,0.068195,0.86882,0.09302,0.054569,0.87397,0.073306,0.033295,0.87792,0.056624,0.027807,0.87799,0.04784,0.024267,0.8781,0.040644,0.023311
0.88014,0.28477,0.030974,0.88243,0.24251,0.048633,0.88205,0.17658,0.099448,0.88239,0.13549,0.068745,0.87408,0.1132,0.068516,0.87316,0.093085,0.054826,0.87834,0.073307,0.033452,0.8823,0.05663,0.02794,0.88237,0.047846,0.024383,0.88248,0.040654,0.023422
0.88453,0.28485,0.030838,0.88683,0.2427,0.048497,0.88645,0.17683,0.099853,0.88679,0.1356,0.069053,0.87845,0.11328,0.068839,0.87753,0.093149,0.055084,0.88273,0.073307,0.033611,0.8867,0.056636,0.028074,0.88677,0.047853,0.0245,0.88688,0.040663,0.023534
0.88895,0.28492,0.030703,0.89125,0.2429,0.048361,0.89087,0.17708,0.10026,0.89122,0.13571,0.069363,0.88285,0.11336,0.069164,0.88192,0.093215,0.055344,0.88714,0.073308,0.033771,0.89113,0.056642,0.028209,0.8912,0.047859,0.024618,0.8913,0.040672,0.023647
0.89339,0.28498,0.030568,0.8957,0.24309,0.048225,0.89532,0.17734,0.10067,0.89566,0.13583,0.069675,0.88726,0.11345,0.06949,0.88634,0.093281,0.055605,0.89157,0.073309,0.033931,0.89557,0.056648,0.028344,0.89564,0.047866,0.024736,0.89575,0.040681,0.02376
0.89785,0.28505,0.030433,0.90017,0.24328,0.048088,0.89978,0.1776,0.10108,0.90013,0.13594,0.069988,0.8917,0.11353,0.069818,0.89077,0.093348,0.055867,0.89602,0.07331,0.034092,0.90004,0.056655,0.02848,0.90011,0.047872,0.024854,0.90022,0.040691,0.023873
0.90233,0.28512,0.030299,0.90466,0.24347,0.04795,0.90427,0.17786,0.10149,0.90462,0.13606,0.070302,0.89616,0.11361,0.070148,0.89523,0.093416,0.05613,0.9005,0.07331,0.034254,0.90453,0.056661,0.028617,0.9046,0.047879,0.024973,0.90471,0.0407,0.023987
0.90683,0.28519,0.030166,0.90917,0.24366,0.047813,0.90878,0.17812,0.1019,0.90913,0.13618,0.070617,0.90065,0.1137,0.070479,0.89971,0.093484,0.056395,0.905,0.073311,0.034417,0.90904,0.056667,0.028754,0.90912,0.047885,0.025093,0.90922,0.04071,0.024102
0.91136,0.28526,0.030033,0.91371,0.24385,0.047675,0.91332,0.17838,0.10231,0.91367,0.1363,0.070934,0.90515,0.11378,0.070811,0.90421,0.093553,0.056661,0.90952,0.073312,0.034581,0.91358,0.056674,0.028892,0.91365,0.047892,0.025214,0.91376,0.04072,0.024218
0.91591,0.28532,0.029901,0.91826,0.24404,0.047536,0.91787,0.17865,0.10272,0.91823,0.13642,0.071252,0.90968,0.11387,0.071146,0.90874,0.093622,0.056928,0.91406,0.073313,0.034745,0.91814,0.05668,0.029031,0.91821,0.047899,0.025335,0.91832,0.04073,0.024334
0.92048,0.28539,0.029769,0.92284,0.24422,0.047397,0.92245,0.17892,0.10314,0.92281,0.13654,0.071572,0.91423,0.11396,0.071481,0.91329,0.093692,0.057196,0.91863,0.073314,0.034911,0.92272,0.056687,0.029171,0.92279,0.047906,0.025457,0.9229,0.04074,0.02445
0.92508,0.28545,0.029637,0.92745,0.24441,0.047258,0.92706,0.17919,0.10355,0.92741,0.13666,0.071893,0.9188,0.11405,0.071819,0.91786,0.093763,0.057466,0.92322,0.073314,0.035077,0.92732,0.056693,0.029311,0.92739,0.047913,0.025579,0.9275,0.04075,0.024567
0.9297,0.28552,0.029506,0.93207,0.24459,0.047119,0.93168,0.17946,0.10397,0.93204,0.13678,0.072215,0.9234,0.11414,0.072158,0.92245,0.093835,0.057737,0.92783,0.073315,0.035244,0.93195,0.0567,0.029452,0.93202,0.04792,0.025702,0.93213,0.04076,0.024685
0.93434,0.28558,0.029375,0.93672,0.24478,0.046979,0.93633,0.17974,0.10439,0.93669,0.13691,0.072538,0.92802,0.11423,0.072499,0.92707,0.093907,0.058009,0.93246,0.073316,0.035412,0.9366,0.056707,0.029594,0.93667,0.047927,0.025826,0.93678,0.04077,0.024803
0.939,0.28565,0.029245,0.9414,0.24496,0.046839,0.941,0.18001,0.10481,0.94136,0.13703,0.072863,0.93266,0.11432,0.072841,0.9317,0.09398,0.058282,0.93712,0.073317,0.035581,0.94127,0.056713,0.029737,0.94134,0.047934,0.02595,0.94145,0.040781,0.024922
0.94369,0.28571,0.029115,0.94609,0.24514,0.046698,0.9457,0.18029,0.10523,0.94605,0.13716,0.07319,0.93733,0.11441,0.073185,0.93637,0.094053,0.058557,0.9418,0.073318,0.035751,0.94596,0.05672,0.02988,0.94604,0.047941,0.026075,0.94615,0.040791,0.025042
0.9484,0.28577,0.028986,0.95081,0.24532,0.046558,0.95041,0.18058,0.10565,0.95077,0.13729,0.073517,0.94202,0.1145,0.07353,0.94105,0.094128,0.058833,0.94651,0.073318,0.035922,0.95068,0.056727,0.030024,0.95076,0.047948,0.0262,0.95087,0.040802,0.025162
0.95314,0.28583,0.028857,0.95556,0.2455,0.046417,0.95516,0.18086,0.10607,0.95552,0.13742,0.073846,0.94673,0.11459,0.073878,0.94576,0.094203,0.059111,0.95124,0.073319,0.036093,0.95543,0.056734,0.030168,0.9555,0.047956,0.026326,0.95561,0.040812,0.025283
0.9579,0.2859,0.028728,0.96032,0.24568,0.046275,0.95992,0.18115,0.1065,0.96028,0.13755,0.074177,0.95147,0.11469,0.074227,0.9505,0.094279,0.05939,0.95599,0.07332,0.036266,0.96019,0.056741,0.030314,0.96027,0.047963,0.026453,0.96038,0.040823,0.025404
0.96268,0.28596,0.028599,0.96511,0.24586,0.046134,0.96471,0.18144,0.10692,0.96507,0.13768,0.074508,0.95623,0.11478,0.074577,0.95525,0.094355,0.05967,0.96076,0.073321,0.036439,0.96498,0.056748,0.03046,0.96506,0.04797,0.026581,0.96517,0.040834,0.025526
0.96749,0.28602,0.028471,0.96993,0.24603,0.045992,0.96952,0.18173,0.10735,0.96989,0.13781,0.074841,0.96101,0.11488,0.07493,0.96003,0.094432,0.059951,0.96556,0.073322,0.036613,0.9698,0.056756,0.030607,0.96987,0.047978,0.026709,0.96998,0.040845,0.025649
0.97232,0.28608,0.028344,0.97477,0.24621,0.04585,0.97436,0.18202,0.10777,0.97473,0.13795,0.075176,0.96582,0.11498,0.075283,0.96484,0.09451,0.060234,0.97039,0.073323,0.036788,0.97463,0.056763,0.030755,0.97471,0.047986,0.026838,0.97482,0.040856,0.025772
0.97717,0.28614,0.028216,0.97963,0.24638,0.045708,0.97922,0.18232,0.1082,0.97959,0.13808,0.075512,0.97065,0.11508,0.075639,0.96966,0.094589,0.060518,0.97523,0.073324,0.036965,0.9795,0.05677,0.030903,0.97957,0.047993,0.026967,0.97969,0.040867,0.025896
0.98205,0.28619,0.02809,0.98452,0.24656,0.045565,0.98411,0.18262,0.10863,0.98448,0.13822,0.075849,0.97551,0.11517,0.075996,0.97452,0.094669,0.060803,0.98011,0.073325,0.037142,0.98438,0.056778,0.031052,0.98446,0.048001,0.027097,0.98457,0.040879,0.026021
0.98695,0.28625,0.027963,0.98943,0.24673,0.045422,0.98902,0.18292,0.10906,0.98939,0.13836,0.076188,0.98039,0.11527,0.076355,0.97939,0.094749,0.06109,0.985,0.073325,0.03732,0.98929,0.056785,0.031202,0.98937,0.048009,0.027228,0.98948,0.04089,0.026146
0.99188,0.28631,0.027838,0.99436,0.2469,0.045279,0.99395,0.18323,0.10949,0.99432,0.1385,0.076528,0.98529,0.11538,0.076716,0.9843,0.09483,0.061378,0.98992,0.073326,0.037498,0.99423,0.056793,0.031353,0.9943,0.048017,0.027359,0.99442,0.040902,0.026272
0.99683,0.28637,0.027712,0.99932,0.24707,0.045136,0.99891,0.18353,0.10992,0.99928,0.13864,0.076869,0.99022,0.11548,0.077078,0.98922,0.094912,0.061667,0.99487,0.073327,0.037678,0.99919,0.0568,0.031505,0.99927,0.048025,0.027491,0.99938,0.040913,0.026398
1.0018,0.28642,0.027588,1.0043,0.24724,0.044993,1.0039,0.18384,0.11035,1.0043,0.13878,0.077212,0.99517,0.11558,0.077443,0.99417,0.094995,0.061958,0.99984,0.073328,0.037859,1.0042,0.056808,0.031657,1.0042,0.048033,0.027624,1.0044,0.040925,0.026525
1.0068,0.28648,0.027464,1.0093,0.2474,0.044849,1.0089,0.18415,0.11079,1.0093,0.13892,0.077556,1.0002,0.11569,0.077808,0.99915,0.095078,0.06225,1.0048,0.073329,0.038041,1.0092,0.056816,0.03181,1.0093,0.048041,0.027758,1.0094,0.040937,0.026653
1.0118,0.28653,0.02734,1.0144,0.24757,0.044705,1.0139,0.18447,0.11122,1.0143,0.13907,0.077901,1.0052,0.11579,0.078176,1.0041,0.095162,0.062544,1.0099,0.07333,0.038223,1.0142,0.056824,0.031964,1.0143,0.048049,0.027892,1.0144,0.040949,0.026781
1.0169,0.28659,0.027217,1.0194,0.24774,0.044561,1.019,0.18479,0.11166,1.0194,0.13921,0.078248,1.0102,0.1159,0.078545,1.0092,0.095247,0.062839,1.0149,0.073331,0.038407,1.0193,0.056832,0.032119,1.0194,0.048058,0.028027,1.0195,0.040961,0.02691
1.022,0.28664,0.027095,1.0245,0.2479,0.044417,1.0241,0.1851,0.11209,1.0245,0.13936,0.078596,1.0152,0.116,0.078916,1.0142,0.095333,0.063135,1.02,0.073332,0.038591,1.0244,0.05684,0.032274,1.0244,0.048066,0.028162,1.0246,0.040973,0.02704
1.0271,0.2867,0.026973,1.0296,0.24806,0.044273,1.0292,0.18543,0.11253,1.0296,0.13951,0.078946,1.0203,0.11611,0.079289,1.0193,0.09542,0.063433,1.0251,0.073333,0.038777,1.0295,0.056848,0.03243,1.0296,0.048075,0.028298,1.0297,0.040986,0.02717
1.0322,0.28675,0.026851,1.0347,0.24823,0.044129,1.0343,0.18575,0.11297,1.0347,0.13966,0.079297,1.0254,0.11622,0.079664,1.0244,0.095508,0.063732,1.0302,0.073334,0.038963,1.0346,0.056856,0.032587,1.0347,0.048083,0.028435,1.0348,0.040998,0.027301
1.0373,0.2868,0.02673,1.0399,0.24839,0.043984,1.0395,0.18608,0.11341,1.0399,0.13981,0.079649,1.0306,0.11633,0.08004,1.0295,0.095596,0.064032,1.0353,0.073335,0.039151,1.0398,0.056864,0.032745,1.0398,0.048092,0.028573,1.04,0.041011,0.027433
1.0425,0.28686,0.02661,1.0451,0.24855,0.04384,1.0447,0.18641,0.11385,1.0451,0.13996,0.080003,1.0357,0.11644,0.080418,1.0347,0.095685,0.064334,1.0405,0.073336,0.039339,1.045,0.056873,0.032904,1.045,0.048101,0.028711,1.0452,0.041023,0.027565
1.0477,0.28691,0.026489,1.0503,0.24871,0.043695,1.0499,0.18674,0.11429,1.0503,0.14012,0.080358,1.0409,0.11656,0.080798,1.0399,0.095775,0.064637,1.0457,0.073337,0.039529,1.0502,0.056881,0.033063,1.0502,0.04811,0.02885,1.0504,0.041036,0.027698
1.053,0.28696,0.02637,1.0555,0.24887,0.04355,1.0551,0.18708,0.11473,1.0555,0.14027,0.080715,1.0461,0.11667,0.081179,1.0451,0.095866,0.064941,1.0509,0.073338,0.039719,1.0554,0.056889,0.033224,1.0555,0.048118,0.02899,1.0556,0.041049,0.027832
1.0582,0.28701,0.02625,1.0608,0.24902,0.043405,1.0604,0.18741,0.11517,1.0608,0.14043,0.081073,1.0513,0.11678,0.081563,1.0503,0.095958,0.065247,1.0562,0.073339,0.03991,1.0607,0.056898,0.033385,1.0608,0.048127,0.02913,1.0609,0.041062,0.027966
1.0635,0.28706,0.026131,1.0661,0.24918,0.04326,1.0657,0.18775,0.11562,1.0661,0.14059,0.081432,1.0566,0.1169,0.081948,1.0555,0.096051,0.065555,1.0614,0.07334,0.040103,1.066,0.056907,0.033547,1.066,0.048137,0.029272,1.0662,0.041076,0.028101
1.0688,0.28711,0.026012,1.0714,0.24933,0.043115,1.071,0.1881,0.11606,1.0714,0.14075,0.081793,1.0619,0.11702,0.082335,1.0608,0.096145,0.065864,1.0667,0.073341,0.040296,1.0713,0.056916,0.033709,1.0714,0.048146,0.029413,1.0715,0.041089,0.028237
1.0741,0.28716,0.025894,1.0768,0.24949,0.042969,1.0763,0.18844,0.1165,1.0767,0.14091,0.082155,1.0672,0.11713,0.082724,1.0661,0.096239,0.066174,1.0721,0.073342,0.04049,1.0766,0.056924,0.033873,1.0767,0.048155,0.029556,1.0768,0.041103,0.028374
1.0795,0.28721,0.025776,1.0821,0.24964,0.042824,1.0817,0.18879,0.11695,1.0821,0.14107,0.082518,1.0725,0.11725,0.083114,1.0715,0.096335,0.066486,1.0774,0.073343,0.040686,1.082,0.056933,0.034037,1.0821,0.048164,0.029699,1.0822,0.041116,0.028511
1.0849,0.28726,0.025658,1.0875,0.24979,0.042679,1.0871,0.18914,0.1174,1.0875,0.14123,0.082883,1.0779,0.11737,0.083507,1.0768,0.096431,0.066799,1.0828,0.073344,0.040882,1.0874,0.056942,0.034203,1.0875,0.048174,0.029843,1.0876,0.04113,0.028649
1.0903,0.28731,0.025541,1.093,0.24995,0.042533,1.0925,0.1895,0.11784,1.0929,0.1414,0.083249,1.0833,0.1175,0.083901,1.0822,0.096528,0.067113,1.0882,0.073345,0.041079,1.0928,0.056951,0.034369,1.0929,0.048183,0.029988,1.093,0.041144,0.028787
1.0958,0.28736,0.025424,1.0984,0.2501,0.042388,1.098,0.18985,0.11829,1.0984,0.14157,0.083617,1.0887,0.11762,0.084297,1.0876,0.096627,0.067429,1.0937,0.073346,0.041278,1.0983,0.056961,0.034536,1.0984,0.048193,0.030134,1.0985,0.041158,0.028926
1.1012,0.28741,0.025308,1.1039,0.25024,0.042242,1.1035,0.19021,0.11874,1.1039,0.14174,0.083986,1.0941,0.11774,0.084695,1.0931,0.096726,0.067747,1.0991,0.073347,0.041477,1.1038,0.05697,0.034703,1.1038,0.048203,0.03028,1.104,0.041172,0.029066
1.1067,0.28745,0.025193,1.1094,0.25039,0.042097,1.109,0.19058,0.11919,1.1094,0.14191,0.084356,1.0996,0.11787,0.085095,1.0985,0.096826,0.068066,1.1046,0.073348,0.041678,1.1093,0.056979,0.034872,1.1093,0.048213,0.030427,1.1095,0.041186,0.029207
1.1122,0.2875,0.025078,1.1149,0.25054,0.041951,1.1145,0.19094,0.11964,1.1149,0.14208,0.084728,1.1051,0.11799,0.085496,1.104,0.096927,0.068386,1.1101,0.073349,0.041879,1.1148,0.056989,0.035042,1.1149,0.048223,0.030575,1.115,0.041201,0.029348
1.1178,0.28755,0.024963,1.1205,0.25069,0.041805,1.1201,0.19131,0.12009,1.1205,0.14225,0.085101,1.1107,0.11812,0.0859,1.1096,0.097029,0.068708,1.1157,0.07335,0.042082,1.1204,0.056998,0.035212,1.1204,0.048233,0.030723,1.1206,0.041216,0.02949
1.1234,0.28759,0.024849,1.1261,0.25083,0.04166,1.1256,0.19168,0.12054,1.126,0.14243,0.085476,1.1162,0.11825,0.086305,1.1151,0.097132,0.069031,1.1213,0.073352,0.042285,1.1259,0.057008,0.035383,1.126,0.048243,0.030873,1.1262,0.04123,0.029633
1.129,0.28764,0.024735,1.1317,0.25098,0.041514,1.1313,0.19206,0.12099,1.1317,0.1426,0.085852,1.1218,0.11838,0.086712,1.1207,0.097236,0.069356,1.1269,0.073353,0.04249,1.1316,0.057018,0.035555,1.1316,0.048253,0.031023,1.1318,0.041245,0.029776
1.1346,0.28769,0.024622,1.1374,0.25112,0.041368,1.1369,0.19243,0.12145,1.1373,0.14278,0.086229,1.1274,0.11851,0.087121,1.1263,0.097341,0.069682,1.1325,0.073354,0.042695,1.1372,0.057028,0.035728,1.1373,0.048264,0.031173,1.1374,0.04126,0.02992
1.1403,0.28773,0.02451,1.143,0.25126,0.041223,1.1426,0.19281,0.1219,1.143,0.14296,0.086608,1.133,0.11865,0.087532,1.132,0.097448,0.07001,1.1381,0.073355,0.042902,1.1429,0.057038,0.035902,1.143,0.048274,0.031325,1.1431,0.041276,0.030065
1.146,0.28778,0.024397,1.1487,0.2514,0.041077,1.1483,0.1932,0.12235,1.1487,0.14314,0.086988,1.1387,0.11878,0.087945,1.1376,0.097555,0.070339,1.1438,0.073356,0.04311,1.1486,0.057048,0.036077,1.1487,0.048285,0.031477,1.1488,0.041291,0.030211
1.1517,0.28782,0.024285,1.1545,0.25154,0.040932,1.154,0.19358,0.12281,1.1544,0.14333,0.087369,1.1444,0.11891,0.08836,1.1433,0.097663,0.070669,1.1495,0.073357,0.043319,1.1543,0.057058,0.036253,1.1544,0.048295,0.03163,1.1545,0.041306,0.030357
1.1575,0.28786,0.024174,1.1602,0.25168,0.040786,1.1598,0.19397,0.12326,1.1602,0.14351,0.087752,1.1501,0.11905,0.088776,1.149,0.097772,0.071002,1.1553,0.073358,0.043529,1.1601,0.057068,0.036429,1.1602,0.048306,0.031784,1.1603,0.041322,0.030504
1.1632,0.28791,0.024062,1.166,0.25182,0.04064,1.1655,0.19436,0.12372,1.166,0.1437,0.088136,1.1559,0.11919,0.089195,1.1548,0.097882,0.071335,1.1611,0.07336,0.04374,1.1659,0.057079,0.036606,1.1659,0.048317,0.031939,1.1661,0.041338,0.030652
1.169,0.28795,0.023951,1.1718,0.25196,0.040495,1.1714,0.19476,0.12418,1.1718,0.14388,0.088522,1.1617,0.11933,0.089615,1.1606,0.097994,0.07167,1.1669,0.073361,0.043952,1.1717,0.057089,0.036785,1.1718,0.048328,0.032094,1.1719,0.041354,0.030801
1.1749,0.288,0.023841,1.1777,0.25209,0.040349,1.1772,0.19515,0.12463,1.1776,0.14407,0.088909,1.1675,0.11947,0.090038,1.1664,0.098106,0.072007,1.1727,0.073362,0.044165,1.1775,0.0571,0.036964,1.1776,0.048339,0.032251,1.1777,0.04137,0.03095
1.1807,0.28804,0.02373,1.1835,0.25223,0.040204,1.1831,0.19555,0.12509,1.1835,0.14427,0.089297,1.1733,0.11961,0.090462,1.1722,0.098219,0.072345,1.1785,0.073363,0.044379,1.1834,0.05711,0.037144,1.1835,0.04835,0.032408,1.1836,0.041386,0.0311
1.1866,0.28808,0.02362,1.1894,0.25236,0.040059,1.189,0.19596,0.12555,1.1894,0.14446,0.089687,1.1792,0.11975,0.090888,1.1781,0.098334,0.072685,1.1844,0.073365,0.044595,1.1893,0.057121,0.037325,1.1894,0.048361,0.032565,1.1895,0.041403,0.031251
1.1926,0.28812,0.02351,1.1954,0.2525,0.039913,1.1949,0.19636,0.12601,1.1953,0.14465,0.090078,1.1851,0.1199,0.091316,1.184,0.09845,0.073026,1.1903,0.073366,0.044811,1.1952,0.057132,0.037507,1.1953,0.048373,0.032724,1.1954,0.041419,0.031403
1.1985,0.28816,0.023401,1.2013,0.25263,0.039768,1.2009,0.19677,0.12646,1.2013,0.14485,0.090471,1.191,0.12005,0.091746,1.1899,0.098566,0.073369,1.1963,0.073367,0.045029,1.2012,0.057143,0.03769,1.2013,0.048384,0.032883,1.2014,0.041436,0.031555
1.2045,0.2882,0.023292,1.2073,0.25276,0.039623,1.2069,0.19719,0.12692,1.2073,0.14505,0.090864,1.197,0.12019,0.092178,1.1958,0.098684,0.073713,1.2023,0.073368,0.045248,1.2072,0.057154,0.037874,1.2073,0.048396,0.033044,1.2074,0.041453,0.031708
1.2105,0.28824,0.023184,1.2134,0.25289,0.039478,1.2129,0.1976,0.12738,1.2133,0.14525,0.09126,1.203,0.12034,0.092612,1.2018,0.098803,0.074059,1.2083,0.07337,0.045468,1.2132,0.057165,0.038059,1.2133,0.048408,0.033205,1.2134,0.04147,0.031862
1.2166,0.28828,0.023076,1.2194,0.25302,0.039333,1.2189,0.19802,0.12784,1.2194,0.14545,0.091656,1.209,0.12049,0.093048,1.2078,0.098923,0.074406,1.2143,0.073371,0.045689,1.2193,0.057177,0.038244,1.2193,0.04842,0.033366,1.2195,0.041487,0.032017
1.2226,0.28832,0.022968,1.2255,0.25315,0.039188,1.225,0.19844,0.1283,1.2254,0.14565,0.092054,1.215,0.12065,0.093486,1.2139,0.099045,0.074755,1.2204,0.073372,0.045911,1.2253,0.057188,0.038431,1.2254,0.048432,0.033529,1.2256,0.041505,0.032172
1.2287,0.28836,0.022861,1.2316,0.25328,0.039044,1.2311,0.19887,0.12876,1.2316,0.14586,0.092453,1.2211,0.1208,0.093926,1.22,0.099167,0.075106,1.2265,0.073373,0.046134,1.2315,0.0572,0.038619,1.2315,0.048444,0.033693,1.2317,0.041523,0.032328
1.2349,0.2884,0.022755,1.2378,0.2534,0.038899,1.2373,0.1993,0.12922,1.2377,0.14607,0.092854,1.2272,0.12095,0.094368,1.2261,0.099291,0.075458,1.2326,0.073375,0.046358,1.2376,0.057211,0.038807,1.2377,0.048456,0.033857,1.2378,0.04154,0.032485
1.241,0.28844,0.022649,1.2439,0.25353,0.038754,1.2434,0.19973,0.12969,1.2439,0.14628,0.093256,1.2334,0.12111,0.094812,1.2322,0.099415,0.075811,1.2388,0.073376,0.046584,1.2438,0.057223,0.038997,1.2439,0.048469,0.034022,1.244,0.041558,0.032643
1.2472,0.28848,0.022543,1.2501,0.25365,0.03861,1.2497,0.20016,0.13015,1.2501,0.14649,0.093659,1.2395,0.12127,0.095258,1.2384,0.099541,0.076166,1.2449,0.073378,0.046811,1.25,0.057235,0.039187,1.2501,0.048481,0.034188,1.2502,0.041577,0.032802
1.2535,0.28852,0.022438,1.2564,0.25378,0.038466,1.2559,0.2006,0.13061,1.2563,0.1467,0.094064,1.2457,0.12143,0.095705,1.2446,0.099669,0.076523,1.2512,0.073379,0.047038,1.2562,0.057247,0.039378,1.2563,0.048494,0.034355,1.2564,0.041595,0.032961
1.2597,0.28855,0.022333,1.2626,0.2539,0.038322,1.2622,0.20104,0.13107,1.2626,0.14691,0.09447,1.252,0.12159,0.096155,1.2508,0.099797,0.076881,1.2574,0.07338,0.047268,1.2625,0.057259,0.039571,1.2626,0.048506,0.034522,1.2627,0.041613,0.033121
1.266,0.28859,0.022229,1.2689,0.25402,0.038178,1.2684,0.20149,0.13153,1.2689,0.14713,0.094878,1.2582,0.12175,0.096607,1.2571,0.099927,0.077241,1.2637,0.073382,0.047498,1.2688,0.057271,0.039764,1.2689,0.048519,0.034691,1.269,0.041632,0.033282
1.2723,0.28863,0.022124,1.2753,0.25414,0.038034,1.2748,0.20193,0.132,1.2752,0.14735,0.095286,1.2645,0.12192,0.097061,1.2633,0.10006,0.077602,1.27,0.073383,0.047729,1.2751,0.057284,0.039958,1.2752,0.048532,0.03486,1.2753,0.041651,0.033444
1.2787,0.28866,0.02202,1.2816,0.25426,0.03789,1.2811,0.20238,0.13246,1.2816,0.14757,0.095696,1.2708,0.12208,0.097517,1.2697,0.10019,0.077966,1.2764,0.073384,0.047962,1.2815,0.057296,0.040154,1.2816,0.048545,0.035031,1.2817,0.04167,0.033606
1.2851,0.2887,0.021917,1.288,0.25438,0.037747,1.2875,0.20284,0.13292,1.288,0.14779,0.096108,1.2772,0.12225,0.097975,1.276,0.10032,0.07833,1.2827,0.073386,0.048196,1.2879,0.057309,0.04035,1.2879,0.048559,0.035202,1.2881,0.041689,0.03377
1.2915,0.28874,0.021813,1.2944,0.2545,0.037603,1.294,0.2033,0.13338,1.2944,0.14802,0.096521,1.2836,0.12242,0.098435,1.2824,0.10046,0.078696,1.2891,0.073387,0.048431,1.2943,0.057322,0.040547,1.2944,0.048572,0.035373,1.2945,0.041709,0.033934
1.2979,0.28877,0.021711,1.3009,0.25462,0.03746,1.3004,0.20376,0.13385,1.3009,0.14824,0.096935,1.29,0.12259,0.098897,1.2888,0.10059,0.079064,1.2956,0.073389,0.048667,1.3007,0.057335,0.040746,1.3008,0.048586,0.035546,1.301,0.041728,0.034099
1.3044,0.28881,0.021608,1.3074,0.25474,0.037317,1.3069,0.20422,0.13431,1.3073,0.14847,0.09735,1.2965,0.12276,0.099361,1.2953,0.10073,0.079433,1.302,0.07339,0.048904,1.3072,0.057348,0.040945,1.3073,0.048599,0.03572,1.3075,0.041748,0.034265
1.3109,0.28884,0.021506,1.3139,0.25485,0.037174,1.3134,0.20469,0.13477,1.3139,0.1487,0.097767,1.303,0.12294,0.099827,1.3018,0.10087,0.079804,1.3086,0.073392,0.049143,1.3138,0.057361,0.041145,1.3138,0.048613,0.035894,1.314,0.041768,0.034431
1.3175,0.28887,0.021405,1.3205,0.25497,0.037031,1.32,0.20516,0.13524,1.3204,0.14894,0.098185,1.3095,0.12311,0.1003,1.3083,0.10101,0.080177,1.3151,0.073393,0.049383,1.3203,0.057374,0.041346,1.3204,0.048627,0.03607,1.3205,0.041789,0.034599
1.324,0.28891,0.021304,1.3271,0.25508,0.036889,1.3266,0.20563,0.1357,1.327,0.14917,0.098604,1.316,0.12329,0.10077,1.3148,0.10115,0.080551,1.3217,0.073395,0.049624,1.3269,0.057387,0.041549,1.327,0.048641,0.036246,1.3271,0.041809,0.034767
1.3306,0.28894,0.021204,1.3337,0.25519,0.036747,1.3332,0.20611,0.13616,1.3336,0.14941,0.099025,1.3226,0.12347,0.10124,1.3214,0.10129,0.080927,1.3283,0.073396,0.049866,1.3335,0.057401,0.041752,1.3336,0.048655,0.036423,1.3337,0.04183,0.034936
1.3373,0.28897,0.021104,1.3403,0.25531,0.036604,1.3398,0.20659,0.13663,1.3403,0.14965,0.099447,1.3292,0.12365,0.10171,1.328,0.10144,0.081305,1.3349,0.073398,0.050109,1.3402,0.057415,0.041957,1.3403,0.04867,0.036601,1.3404,0.041851,0.035106
1.344,0.289,0.021005,1.347,0.25542,0.036462,1.3465,0.20707,0.13709,1.347,0.14989,0.09987,1.3359,0.12384,0.10219,1.3347,0.10158,0.081684,1.3416,0.073399,0.050354,1.3469,0.057428,0.042162,1.3469,0.048684,0.03678,1.3471,0.041872,0.035277
1.3507,0.28904,0.020906,1.3537,0.25553,0.036321,1.3532,0.20756,0.13755,1.3537,0.15013,0.10029,1.3426,0.12402,0.10267,1.3413,0.10173,0.082065,1.3483,0.073401,0.0506,1.3536,0.057442,0.042368,1.3537,0.048699,0.03696,1.3538,0.041893,0.035449
1.3574,0.28907,0.020808,1.3605,0.25564,0.036179,1.36,0.20805,0.13802,1.3604,0.15037,0.10072,1.3493,0.12421,0.10315,1.348,0.10188,0.082447,1.355,0.073403,0.050848,1.3603,0.057456,0.042576,1.3604,0.048713,0.037141,1.3606,0.041914,0.035621
1.3642,0.2891,0.02071,1.3673,0.25575,0.036038,1.3668,0.20854,0.13848,1.3672,0.15062,0.10115,1.356,0.1244,0.10363,1.3548,0.10203,0.082831,1.3618,0.073404,0.051096,1.3671,0.057471,0.042784,1.3672,0.048728,0.037323,1.3673,0.041936,0.035795
1.371,0.28913,0.020612,1.3741,0.25586,0.035897,1.3736,0.20904,0.13894,1.374,0.15087,0.10158,1.3628,0.12459,0.10412,1.3616,0.10218,0.083217,1.3686,0.073406,0.051346,1.3739,0.057485,0.042994,1.374,0.048743,0.037505,1.3742,0.041958,0.035969
1.3778,0.28916,0.020515,1.3809,0.25596,0.035756,1.3804,0.20954,0.1394,1.3809,0.15112,0.10201,1.3696,0.12478,0.1046,1.3684,0.10233,0.083604,1.3754,0.073407,0.051597,1.3808,0.0575,0.043205,1.3809,0.048759,0.037689,1.381,0.04198,0.036144
1.3847,0.28919,0.020419,1.3878,0.25607,0.035615,1.3873,0.21004,0.13987,1.3878,0.15137,0.10244,1.3765,0.12497,0.10509,1.3752,0.10249,0.083993,1.3823,0.073409,0.051849,1.3877,0.057514,0.043416,1.3878,0.048774,0.037873,1.3879,0.042002,0.03632
1.3916,0.28922,0.020322,1.3948,0.25618,0.035475,1.3942,0.21055,0.14033,1.3947,0.15163,0.10287,1.3834,0.12517,0.10558,1.3821,0.10264,0.084384,1.3892,0.073411,0.052103,1.3946,0.057529,0.043629,1.3947,0.04879,0.038059,1.3948,0.042025,0.036497
1.3986,0.28926,0.020226,1.4017,0.25628,0.035335,1.4012,0.21106,0.14079,1.4017,0.15189,0.1033,1.3903,0.12537,0.10608,1.389,0.1028,0.084776,1.3961,0.073412,0.052358,1.4016,0.057544,0.043843,1.4016,0.048805,0.038245,1.4018,0.042048,0.036675
1.4056,0.28929,0.020131,1.4087,0.25638,0.035195,1.4082,0.21158,0.14125,1.4087,0.15215,0.10374,1.3972,0.12557,0.10657,1.396,0.10296,0.08517,1.4031,0.073414,0.052614,1.4085,0.057559,0.044058,1.4086,0.048821,0.038432,1.4088,0.042071,0.036853
1.4126,0.28931,0.020036,1.4157,0.25649,0.035055,1.4152,0.21209,0.14171,1.4157,0.15241,0.10417,1.4042,0.12577,0.10707,1.403,0.10312,0.085566,1.4101,0.073416,0.052872,1.4156,0.057574,0.044274,1.4157,0.048837,0.03862,1.4158,0.042094,0.037033
1.4196,0.28934,0.019941,1.4228,0.25659,0.034916,1.4223,0.21261,0.14217,1.4228,0.15268,0.10461,1.4113,0.12597,0.10757,1.41,0.10328,0.085963,1.4172,0.073417,0.053131,1.4226,0.05759,0.044491,1.4227,0.048853,0.038809,1.4229,0.042117,0.037213
1.4267,0.28937,0.019847,1.4299,0.25669,0.034777,1.4294,0.21314,0.14263,1.4298,0.15294,0.10505,1.4183,0.12618,0.10807,1.417,0.10344,0.086362,1.4242,0.073419,0.053391,1.4297,0.057605,0.044709,1.4298,0.04887,0.038999,1.43,0.042141,0.037394
1.4339,0.2894,0.019754,1.437,0.25679,0.034638,1.4365,0.21367,0.14309,1.437,0.15321,0.10549,1.4254,0.12639,0.10858,1.4241,0.10361,0.086763,1.4313,0.073421,0.053652,1.4369,0.057621,0.044928,1.437,0.048886,0.03919,1.4371,0.042165,0.037577
1.441,0.28943,0.019661,1.4442,0.25689,0.034499,1.4437,0.2142,0.14355,1.4442,0.15348,0.10593,1.4325,0.1266,0.10908,1.4313,0.10377,0.087165,1.4385,0.073423,0.053915,1.444,0.057637,0.045148,1.4441,0.048903,0.039382,1.4443,0.042189,0.03776
1.4482,0.28946,0.019569,1.4514,0.25699,0.03436,1.4509,0.21473,0.14401,1.4514,0.15376,0.10637,1.4397,0.12681,0.10959,1.4384,0.10394,0.087569,1.4457,0.073424,0.054179,1.4512,0.057653,0.04537,1.4513,0.048919,0.039575,1.4515,0.042214,0.037944
1.4554,0.28949,0.019477,1.4586,0.25709,0.034222,1.4581,0.21527,0.14447,1.4586,0.15403,0.10681,1.4469,0.12702,0.1101,1.4456,0.10411,0.087975,1.4529,0.073426,0.054445,1.4585,0.057669,0.045593,1.4586,0.048936,0.039769,1.4587,0.042238,0.038129
1.4627,0.28951,0.019386,1.4659,0.25719,0.034084,1.4654,0.21581,0.14493,1.4659,0.15431,0.10726,1.4542,0.12724,0.11061,1.4529,0.10428,0.088383,1.4602,0.073428,0.054712,1.4657,0.057685,0.045816,1.4658,0.048954,0.039964,1.466,0.042263,0.038314
1.47,0.28954,0.019295,1.4732,0.25728,0.033947,1.4727,0.21636,0.14539,1.4732,0.15459,0.1077,1.4614,0.12746,0.11113,1.4601,0.10445,0.088792,1.4675,0.07343,0.05498,1.4731,0.057702,0.046041,1.4732,0.048971,0.04016,1.4733,0.042288,0.038501
1.4773,0.28957,0.019204,1.4806,0.25738,0.03381,1.48,0.21691,0.14585,1.4805,0.15487,0.10815,1.4687,0.12768,0.11164,1.4674,0.10463,0.089203,1.4748,0.073432,0.05525,1.4804,0.057718,0.046267,1.4805,0.048988,0.040357,1.4807,0.042314,0.038689
1.4847,0.2896,0.019113,1.488,0.25748,0.033672,1.4874,0.21746,0.1463,1.4879,0.15516,0.1086,1.4761,0.1279,0.11216,1.4748,0.1048,0.089615,1.4822,0.073434,0.055521,1.4878,0.057735,0.046494,1.4879,0.049006,0.040555,1.488,0.042339,0.038877
1.4921,0.28963,0.019023,1.4954,0.25757,0.033536,1.4949,0.21802,0.14676,1.4953,0.15545,0.10905,1.4835,0.12813,0.11269,1.4822,0.10498,0.09003,1.4896,0.073436,0.055793,1.4952,0.057752,0.046722,1.4953,0.049024,0.040753,1.4955,0.042365,0.039067
1.4996,0.28965,0.018933,1.5029,0.25766,0.033399,1.5023,0.21858,0.14722,1.5028,0.15574,0.1095,1.4909,0.12835,0.11321,1.4896,0.10516,0.090446,1.497,0.073438,0.056067,1.5027,0.057769,0.046952,1.5028,0.049042,0.040953,1.5029,0.042391,0.039257
1.5071,0.28968,0.018844,1.5103,0.25776,0.033263,1.5098,0.21914,0.14767,1.5103,0.15603,0.10995,1.4983,0.12858,0.11374,1.497,0.10534,0.090864,1.5045,0.073439,0.056342,1.5102,0.057787,0.047182,1.5103,0.04906,0.041154,1.5104,0.042418,0.039448
1.5146,0.28971,0.018754,1.5179,0.25785,0.033127,1.5173,0.21971,0.14812,1.5178,0.15633,0.1104,1.5058,0.12881,0.11426,1.5045,0.10552,0.091283,1.512,0.073441,0.056619,1.5177,0.057804,0.047414,1.5178,0.049079,0.041356,1.518,0.042444,0.039641
1.5221,0.28973,0.018665,1.5255,0.25794,0.032991,1.5249,0.22028,0.14858,1.5254,0.15662,0.11086,1.5134,0.12905,0.11479,1.5121,0.10571,0.091704,1.5195,0.073443,0.056896,1.5253,0.057822,0.047647,1.5254,0.049097,0.041559,1.5255,0.042471,0.039834
1.5297,0.28976,0.018577,1.5331,0.25803,0.032856,1.5325,0.22085,0.14903,1.533,0.15692,0.11131,1.5209,0.12929,0.11533,1.5196,0.10589,0.092127,1.5271,0.073445,0.057176,1.5329,0.05784,0.047881,1.533,0.049116,0.041762,1.5331,0.042499,0.040028
1.5374,0.28979,0.018489,1.5407,0.25812,0.032721,1.5402,0.22143,0.14948,1.5407,0.15723,0.11177,1.5286,0.12952,0.11586,1.5272,0.10608,0.092552,1.5348,0.073447,0.057457,1.5405,0.057858,0.048116,1.5406,0.049135,0.041967,1.5408,0.042526,0.040223
1.5451,0.28981,0.018401,1.5484,0.25821,0.032586,1.5478,0.22201,0.14993,1.5483,0.15753,0.11222,1.5362,0.12977,0.1164,1.5349,0.10627,0.092979,1.5424,0.073449,0.057739,1.5482,0.057876,0.048352,1.5483,0.049154,0.042173,1.5485,0.042554,0.040419
1.5528,0.28984,0.018314,1.5561,0.2583,0.032452,1.5556,0.22259,0.15038,1.5561,0.15784,0.11268,1.5439,0.13001,0.11694,1.5425,0.10646,0.093407,1.5501,0.073451,0.058023,1.5559,0.057895,0.04859,1.556,0.049173,0.04238,1.5562,0.042582,0.040616
1.5605,0.28986,0.018227,1.5639,0.25839,0.032318,1.5633,0.22318,0.15083,1.5638,0.15815,0.11314,1.5516,0.13025,0.11748,1.5503,0.10666,0.093837,1.5579,0.073453,0.058308,1.5637,0.057913,0.048828,1.5638,0.049193,0.042588,1.564,0.04261,0.040814
1.5683,0.28989,0.01814,1.5717,0.25847,0.032184,1.5711,0.22377,0.15128,1.5716,0.15846,0.1136,1.5594,0.1305,0.11802,1.558,0.10685,0.094268,1.5657,0.073456,0.058594,1.5715,0.057932,0.049068,1.5716,0.049212,0.042797,1.5718,0.042639,0.041014
1.5761,0.28991,0.018054,1.5795,0.25856,0.032051,1.579,0.22437,0.15173,1.5795,0.15878,0.11406,1.5672,0.13075,0.11857,1.5658,0.10705,0.094702,1.5735,0.073458,0.058882,1.5793,0.057951,0.04931,1.5794,0.049232,0.043007,1.5796,0.042668,0.041213
1.584,0.28994,0.017967,1.5874,0.25865,0.031917,1.5868,0.22497,0.15218,1.5874,0.1591,0.11452,1.575,0.13101,0.11912,1.5737,0.10725,0.095137,1.5813,0.07346,0.059172,1.5872,0.05797,0.049552,1.5873,0.049252,0.043218,1.5875,0.042697,0.041414
1.5919,0.28996,0.017881,1.5953,0.25873,0.031785,1.5948,0.22557,0.15262,1.5953,0.15942,0.11499,1.5829,0.13126,0.11967,1.5815,0.10745,0.095574,1.5892,0.073462,0.059463,1.5951,0.057989,0.049795,1.5952,0.049273,0.04343,1.5954,0.042726,0.041616
1.5999,0.28999,0.017795,1.6033,0.25882,0.031652,1.6027,0.22618,0.15307,1.6032,0.15974,0.11545,1.5908,0.13152,0.12022,1.5894,0.10765,0.096013,1.5972,0.073464,0.059755,1.6031,0.058009,0.05004,1.6032,0.049293,0.043643,1.6034,0.042756,0.041819
1.6079,0.29001,0.01771,1.6113,0.2589,0.03152,1.6107,0.22679,0.15351,1.6112,0.16007,0.11592,1.5988,0.13178,0.12077,1.5974,0.10786,0.096454,1.6052,0.073466,0.060049,1.6111,0.058029,0.050286,1.6112,0.049314,0.043857,1.6114,0.042786,0.042023
1.6159,0.29004,0.017624,1.6193,0.25898,0.031388,1.6188,0.2274,0.15395,1.6193,0.1604,0.11638,1.6068,0.13205,0.12133,1.6054,0.10806,0.096896,1.6132,0.073469,0.060344,1.6191,0.058048,0.050533,1.6192,0.049335,0.044073,1.6194,0.042816,0.042228
1.624,0.29006,0.017539,1.6274,0.25906,0.031256,1.6268,0.22802,0.15439,1.6273,0.16073,0.11685,1.6148,0.13231,0.12189,1.6134,0.10827,0.09734,1.6212,0.073471,0.060641,1.6272,0.058069,0.050782,1.6273,0.049356,0.044289,1.6275,0.042847,0.042434
1.6321,0.29008,0.017454,1.6355,0.25915,0.031125,1.6349,0.22864,0.15483,1.6355,0.16106,0.11732,1.6229,0.13258,0.12245,1.6215,0.10848,0.097786,1.6293,0.073473,0.06094,1.6353,0.058089,0.051032,1.6354,0.049377,0.044506,1.6356,0.042878,0.042641
1.6402,0.2901,0.01737,1.6437,0.25923,0.030994,1.6431,0.22926,0.15527,1.6436,0.1614,0.11779,1.631,0.13285,0.12302,1.6296,0.10869,0.098234,1.6375,0.073475,0.061239,1.6435,0.058109,0.051283,1.6436,0.049399,0.044725,1.6438,0.042909,0.042849
1.6484,0.29013,0.017286,1.6519,0.25931,0.030864,1.6513,0.22989,0.15571,1.6518,0.16174,0.11826,1.6392,0.13313,0.12358,1.6378,0.10891,0.098683,1.6457,0.073478,0.061541,1.6517,0.05813,0.051535,1.6518,0.04942,0.044945,1.652,0.04294,0.043058
1.6566,0.29015,0.017202,1.6601,0.25939,0.030734,1.6595,0.23052,0.15615,1.6601,0.16208,0.11873,1.6474,0.1334,0.12415,1.646,0.10913,0.099135,1.6539,0.07348,0.061844,1.6599,0.058151,0.051788,1.66,0.049442,0.045165,1.6602,0.042972,0.043268
1.6649,0.29017,0.017119,1.6684,0.25946,0.030604,1.6678,0.23115,0.15658,1.6683,0.16243,0.1192,1.6556,0.13368,0.12472,1.6542,0.10934,0.099588,1.6621,0.073482,0.062148,1.6682,0.058172,0.052043,1.6683,0.049465,0.045387,1.6685,0.043004,0.043479
1.6732,0.29019,0.017037,1.6767,0.25954,0.030474,1.6761,0.23179,0.15701,1.6767,0.16277,0.11968,1.6639,0.13397,0.12529,1.6625,0.10957,0.10004,1.6704,0.073485,0.062454,1.6765,0.058194,0.052299,1.6766,0.049487,0.04561,1.6768,0.043037,0.043691
1.6816,0.29021,0.016955,1.6851,0.25962,0.030345,1.6845,0.23243,0.15745,1.685,0.16312,0.12015,1.6722,0.13425,0.12587,1.6708,0.10979,0.1005,1.6788,0.073487,0.062762,1.6849,0.058215,0.052556,1.685,0.04951,0.045834,1.6852,0.04307,0.043904
1.69,0.29023,0.016873,1.6935,0.2597,0.030216,1.6929,0.23308,0.15788,1.6934,0.16348,0.12063,1.6806,0.13454,0.12645,1.6792,0.11001,0.10096,1.6872,0.073489,0.063071,1.6933,0.058237,0.052815,1.6934,0.049532,0.046059,1.6936,0.043103,0.044118
1.6984,0.29026,0.016791,1.7019,0.25977,0.030088,1.7014,0.23373,0.15831,1.7019,0.16383,0.1211,1.689,0.13483,0.12703,1.6876,0.11024,0.10142,1.6956,0.073492,0.063382,1.7017,0.058259,0.053075,1.7019,0.049556,0.046285,1.702,0.043136,0.044333
1.7069,0.29028,0.01671,1.7104,0.25985,0.02996,1.7098,0.23438,0.15873,1.7104,0.16419,0.12158,1.6974,0.13513,0.12761,1.696,0.11047,0.10188,1.7041,0.073494,0.063694,1.7102,0.058281,0.053336,1.7103,0.049579,0.046513,1.7105,0.04317,0.044549
1.7154,0.2903,0.016629,1.719,0.25992,0.029832,1.7184,0.23504,0.15916,1.7189,0.16456,0.12206,1.7059,0.13542,0.12819,1.7045,0.1107,0.10234,1.7126,0.073497,0.064008,1.7188,0.058304,0.053598,1.7189,0.049602,0.046741,1.719,0.043204,0.044767
1.724,0.29032,0.016548,1.7275,0.26,0.029704,1.7269,0.2357,0.15959,1.7275,0.16492,0.12253,1.7145,0.13572,0.12878,1.713,0.11094,0.10281,1.7211,0.073499,0.064324,1.7273,0.058326,0.053862,1.7275,0.049626,0.046971,1.7276,0.043239,0.044985
1.7326,0.29034,0.016468,1.7362,0.26007,0.029577,1.7356,0.23636,0.16001,1.7361,0.16529,0.12301,1.723,0.13603,0.12937,1.7216,0.11117,0.10328,1.7297,0.073502,0.064641,1.736,0.058349,0.054127,1.7361,0.04965,0.047202,1.7362,0.043273,0.045204
1.7412,0.29036,0.016388,1.7448,0.26014,0.029451,1.7442,0.23703,0.16043,1.7448,0.16566,0.12349,1.7317,0.13633,0.12996,1.7302,0.11141,0.10375,1.7384,0.073504,0.064959,1.7446,0.058372,0.054394,1.7447,0.049674,0.047433,1.7449,0.043308,0.045425
1.7499,0.29037,0.016309,1.7535,0.26022,0.029324,1.7529,0.2377,0.16085,1.7535,0.16603,0.12397,1.7403,0.13664,0.13055,1.7389,0.11165,0.10422,1.7471,0.073507,0.06528,1.7533,0.058395,0.054661,1.7534,0.049699,0.047667,1.7536,0.043344,0.045646
1.7586,0.29039,0.016231,1.7623,0.26029,0.029198,1.7617,0.23837,0.16127,1.7622,0.16641,0.12446,1.749,0.13695,0.13115,1.7476,0.1119,0.10469,1.7558,0.07351,0.065602,1.7621,0.058419,0.05493,1.7622,0.049724,0.047901,1.7624,0.04338,0.045869
1.7674,0.29041,0.016153,1.7711,0.26036,0.029073,1.7705,0.23905,0.16169,1.771,0.16679,0.12494,1.7578,0.13727,0.13174,1.7563,0.11214,0.10517,1.7646,0.073512,0.065925,1.7709,0.058443,0.055201,1.771,0.049749,0.048136,1.7711,0.043416,0.046093
1.7762,0.29043,0.016076,1.7799,0.26043,0.028947,1.7793,0.23973,0.1621,1.7798,0.16717,0.12542,1.7666,0.13759,0.13234,1.7651,0.11239,0.10564,1.7734,0.073515,0.06625,1.7797,0.058467,0.055473,1.7798,0.049774,0.048373,1.78,0.043452,0.046317
1.7851,0.29045,0.015999,1.7888,0.2605,0.028822,1.7882,0.24042,0.16252,1.7887,0.16756,0.12591,1.7754,0.13791,0.13295,1.7739,0.11264,0.10612,1.7822,0.073517,0.066577,1.7886,0.058491,0.055746,1.7887,0.049799,0.04861,1.7889,0.043489,0.046543
1.794,0.29047,0.015923,1.7977,0.26057,0.028698,1.7971,0.24111,0.16293,1.7976,0.16795,0.12639,1.7843,0.13824,0.13355,1.7828,0.11289,0.1066,1.7911,0.07352,0.066906,1.7975,0.058516,0.05602,1.7976,0.049825,0.048849,1.7978,0.043527,0.04677
1.803,0.29048,0.015847,1.8067,0.26064,0.028574,1.8061,0.2418,0.16334,1.8066,0.16834,0.12688,1.7932,0.13856,0.13416,1.7917,0.11315,0.10708,1.8001,0.073523,0.067236,1.8065,0.05854,0.056296,1.8066,0.049851,0.049089,1.8067,0.043564,0.046998
1.812,0.2905,0.015771,1.8157,0.26071,0.02845,1.8151,0.24249,0.16374,1.8156,0.16873,0.12736,1.8022,0.1389,0.13477,1.8007,0.11341,0.10757,1.8091,0.073526,0.067568,1.8155,0.058565,0.056573,1.8156,0.049877,0.049331,1.8158,0.043602,0.047227
1.821,0.29052,0.015696,1.8247,0.26077,0.028327,1.8241,0.24319,0.16415,1.8247,0.16913,0.12785,1.8112,0.13923,0.13538,1.8097,0.11367,0.10805,1.8181,0.073528,0.067901,1.8245,0.058591,0.056852,1.8246,0.049904,0.049573,1.8248,0.04364,0.047457
1.8301,0.29054,0.015621,1.8338,0.26084,0.028204,1.8332,0.2439,0.16455,1.8338,0.16953,0.12834,1.8203,0.13957,0.13599,1.8188,0.11393,0.10854,1.8272,0.073531,0.068236,1.8336,0.058616,0.057132,1.8337,0.049931,0.049817,1.8339,0.043679,0.047689
1.8393,0.29056,0.015546,1.843,0.26091,0.028081,1.8424,0.2446,0.16496,1.8429,0.16994,0.12882,1.8294,0.13991,0.13661,1.8279,0.11419,0.10903,1.8363,0.073534,0.068573,1.8428,0.058642,0.057413,1.8429,0.049958,0.050062,1.8431,0.043718,0.047921
1.8484,0.29057,0.015472,1.8522,0.26097,0.027959,1.8516,0.24531,0.16536,1.8521,0.17034,0.12931,1.8385,0.14026,0.13723,1.837,0.11446,0.10952,1.8455,0.073537,0.068912,1.852,0.058668,0.057696,1.8521,0.049985,0.050308,1.8523,0.043758,0.048155
1.8577,0.29059,0.015398,1.8614,0.26104,0.027837,1.8608,0.24602,0.16575,1.8614,0.17075,0.1298,1.8477,0.14061,0.13785,1.8462,0.11473,0.11001,1.8547,0.07354,0.069252,1.8612,0.058694,0.05798,1.8613,0.050012,0.050555,1.8615,0.043798,0.04839
1.8669,0.29061,0.015325,1.8707,0.2611,0.027715,1.8701,0.24674,0.16615,1.8706,0.17117,0.13029,1.857,0.14096,0.13847,1.8555,0.115,0.11051,1.864,0.073543,0.069594,1.8705,0.058721,0.058266,1.8706,0.05004,0.050804,1.8708,0.043838,0.048625
1.8763,0.29063,0.015252,1.88,0.26117,0.027594,1.8794,0.24746,0.16654,1.88,0.17158,0.13078,1.8663,0.14132,0.13909,1.8647,0.11528,0.11101,1.8733,0.073546,0.069938,1.8798,0.058748,0.058553,1.8799,0.050068,0.051053,1.8801,0.043879,0.048862
1.8856,0.29064,0.01518,1.8894,0.26123,0.027473,1.8888,0.24818,0.16693,1.8894,0.172,0.13127,1.8756,0.14167,0.13972,1.8741,0.11556,0.1115,1.8827,0.073549,0.070283,1.8892,0.058775,0.058841,1.8893,0.050097,0.051304,1.8895,0.04392,0.049101
1.895,0.29066,0.015107,1.8988,0.26129,0.027353,1.8982,0.24891,0.16732,1.8988,0.17242,0.13177,1.885,0.14204,0.14035,1.8835,0.11584,0.112,1.8921,0.073552,0.07063,1.8986,0.058802,0.059131,1.8988,0.050126,0.051557,1.8989,0.043961,0.04934
1.9045,0.29068,0.015035,1.9083,0.26136,0.027233,1.9077,0.24964,0.16771,1.9083,0.17285,0.13226,1.8944,0.14241,0.14098,1.8929,0.11612,0.11251,1.9015,0.073555,0.070979,1.9081,0.05883,0.059423,1.9082,0.050154,0.05181,1.9084,0.044003,0.04958
1.914,0.2907,0.014963,1.9178,0.26142,0.027113,1.9172,0.25038,0.16809,1.9178,0.17328,0.13275,1.9039,0.14278,0.14162,1.9024,0.11641,0.11301,1.911,0.073558,0.07133,1.9176,0.058857,0.059715,1.9177,0.050184,0.052065,1.9179,0.044046,0.049822
1.9236,0.29072,0.014892,1.9274,0.26148,0.026994,1.9268,0.25111,0.16848,1.9273,0.17371,0.13324,1.9134,0.14315,0.14225,1.9119,0.1167,0.11352,1.9206,0.073561,0.071683,1.9272,0.058886,0.06001,1.9273,0.050213,0.052321,1.9275,0.044088,0.050065
1.9332,0.29073,0.01482,1.937,0.26154,0.026875,1.9364,0.25185,0.16886,1.937,0.17415,0.13374,1.923,0.14353,0.14289,1.9214,0.11699,0.11402,1.9301,0.073564,0.072037,1.9368,0.058914,0.060305,1.9369,0.050243,0.052578,1.9371,0.044131,0.050308
1.9428,0.29075,0.014748,1.9467,0.2616,0.026756,1.946,0.2526,0.16924,1.9466,0.17459,0.13423,1.9326,0.14391,0.14353,1.9311,0.11729,0.11453,1.9398,0.073567,0.072393,1.9465,0.058943,0.060602,1.9466,0.050273,0.052837,1.9468,0.044175,0.050554
1.9525,0.29077,0.014676,1.9564,0.26166,0.026638,1.9557,0.25335,0.16961,1.9563,0.17503,0.13472,1.9423,0.1443,0.14417,1.9407,0.11758,0.11504,1.9495,0.073571,0.072751,1.9562,0.058972,0.060901,1.9563,0.050304,0.053096,1.9565,0.044219,0.0508
1.9623,0.29078,0.014605,1.9661,0.26172,0.02652,1.9655,0.2541,0.16998,1.9661,0.17548,0.13522,1.952,0.14469,0.14482,1.9504,0.11789,0.11556,1.9592,0.073574,0.073111,1.9659,0.059001,0.061201,1.9661,0.050334,0.053358,1.9662,0.044263,0.051047
1.9721,0.2908,0.014534,1.976,0.26178,0.026403,1.9753,0.25485,0.17035,1.9759,0.17592,0.13571,1.9618,0.14508,0.14546,1.9602,0.11819,0.11607,1.969,0.073577,0.073472,1.9757,0.059031,0.061503,1.9759,0.050366,0.05362,1.976,0.044308,0.051296
1.9819,0.29082,0.014464,1.9858,0.26184,0.026286,1.9852,0.25561,0.17072,1.9858,0.17638,0.13621,1.9716,0.14548,0.14611,1.97,0.1185,0.11659,1.9788,0.07358,0.073836,1.9856,0.059061,0.061806,1.9857,0.050397,0.053884,1.9859,0.044354,0.051546
1.9918,0.29083,0.014393,1.9957,0.2619,0.026169,1.9951,0.25637,0.17109,1.9957,0.17683,0.13671,1.9814,0.14589,0.14676,1.9799,0.11881,0.11711,1.9887,0.073584,0.074201,1.9955,0.059091,0.062111,1.9956,0.050429,0.054149,1.9958,0.044399,0.051797
2.0018,0.29085,0.014323,2.0057,0.26195,0.026053,2.005,0.25713,0.17145,2.0056,0.17729,0.1372,1.9913,0.14629,0.14742,1.9898,0.11912,0.11763,1.9987,0.073587,0.074568,2.0055,0.059121,0.062417,2.0056,0.050461,0.054415,2.0058,0.044446,0.052049
2.0117,0.29087,0.014252,2.0157,0.26201,0.025937,2.015,0.2579,0.17181,2.0156,0.17775,0.1377,2.0013,0.1467,0.14807,1.9997,0.11944,0.11815,2.0086,0.07359,0.074937,2.0155,0.059152,0.062724,2.0156,0.050493,0.054682,2.0158,0.044492,0.052302
2.0218,0.29088,0.014182,2.0257,0.26207,0.025822,2.0251,0.25867,0.17217,2.0257,0.17822,0.13819,2.0113,0.14712,0.14873,2.0097,0.11975,0.11867,2.0187,0.073594,0.075308,2.0255,0.059183,0.063033,2.0256,0.050525,0.054951,2.0258,0.044539,0.052557
2.0319,0.2909,0.014112,2.0358,0.26212,0.025707,2.0352,0.25945,0.17252,2.0358,0.17869,0.13869,2.0214,0.14754,0.14939,2.0198,0.12008,0.1192,2.0288,0.073597,0.07568,2.0356,0.059214,0.063344,2.0357,0.050558,0.055222,2.0359,0.044587,0.052813
2.042,0.29091,0.014042,2.046,0.26218,0.025592,2.0453,0.26022,0.17287,2.0459,0.17916,0.13919,2.0315,0.14796,0.15005,2.0299,0.1204,0.11973,2.0389,0.073601,0.076055,2.0458,0.059246,0.063656,2.0459,0.050592,0.055493,2.0461,0.044635,0.05307
2.0522,0.29093,0.013973,2.0562,0.26223,0.025478,2.0555,0.261,0.17322,2.0561,0.17964,0.13969,2.0417,0.14839,0.15071,2.0401,0.12073,0.12026,2.0491,0.073604,0.076431,2.056,0.059278,0.06397,2.0561,0.050625,0.055766,2.0563,0.044683,0.053328
2.0625,0.29094,0.013904,2.0665,0.26229,0.025364,2.0658,0.26179,0.17357,2.0664,0.18012,0.14018,2.0519,0.14882,0.15138,2.0503,0.12106,0.12079,2.0593,0.073608,0.076809,2.0662,0.05931,0.064286,2.0664,0.050659,0.05604,2.0666,0.044732,0.053588
2.0728,0.29096,0.013835,2.0768,0.26234,0.025251,2.0761,0.26257,0.17391,2.0767,0.1806,0.14068,2.0621,0.14926,0.15204,2.0605,0.1214,0.12132,2.0696,0.073611,0.07719,2.0766,0.059343,0.064602,2.0767,0.050693,0.056316,2.0769,0.044782,0.053849
2.0831,0.29097,0.013767,2.0871,0.26239,0.025138,2.0865,0.26336,0.17425,2.0871,0.18109,0.14118,2.0724,0.1497,0.15271,2.0708,0.12174,0.12185,2.0799,0.073615,0.077572,2.0869,0.059376,0.064921,2.087,0.050728,0.056593,2.0872,0.044832,0.054111
2.0935,0.29098,0.013699,2.0975,0.26245,0.025025,2.0969,0.26416,0.17459,2.0975,0.18157,0.14168,2.0828,0.15015,0.15338,2.0812,0.12208,0.12239,2.0903,0.073619,0.077956,2.0973,0.059409,0.065241,2.0974,0.050763,0.056871,2.0976,0.044882,0.054374
2.104,0.291,0.013632,2.108,0.2625,0.024913,2.1073,0.26495,0.17493,2.1079,0.18207,0.14217,2.0932,0.1506,0.15406,2.0916,0.12242,0.12293,2.1008,0.073622,0.078342,2.1078,0.059443,0.065563,2.1079,0.050798,0.057151,2.1081,0.044933,0.054639
2.1145,0.29101,0.013565,2.1185,0.26255,0.024801,2.1179,0.26575,0.17526,2.1185,0.18256,0.14267,2.1037,0.15106,0.15473,2.1021,0.12277,0.12347,2.1113,0.073626,0.07873,2.1183,0.059477,0.065886,2.1184,0.050834,0.057432,2.1186,0.044985,0.054904
2.125,0.29102,0.013499,2.1291,0.2626,0.024689,2.1284,0.26655,0.17559,2.129,0.18307,0.14317,2.1142,0.15152,0.15541,2.1126,0.12313,0.12401,2.1218,0.07363,0.07912,2.1289,0.059511,0.066211,2.129,0.05087,0.057714,2.1292,0.045037,0.055171
2.1356,0.29103,0.013433,2.1397,0.26265,0.024578,2.139,0.26736,0.17591,2.1396,0.18357,0.14367,2.1248,0.15198,0.15609,2.1232,0.12348,0.12455,2.1324,0.073634,0.079511,2.1395,0.059546,0.066537,2.1396,0.050906,0.057998,2.1398,0.045089,0.05544
2.1463,0.29105,0.013367,2.1504,0.2627,0.024467,2.1497,0.26817,0.17624,2.1503,0.18408,0.14417,2.1354,0.15245,0.15677,2.1338,0.12384,0.12509,2.1431,0.073638,0.079905,2.1502,0.059581,0.066865,2.1503,0.050943,0.058283,2.1505,0.045142,0.055709
2.157,0.29106,0.013302,2.1611,0.26275,0.024357,2.1604,0.26898,0.17656,2.161,0.18459,0.14466,2.1461,0.15293,0.15745,2.1445,0.1242,0.12564,2.1538,0.073641,0.080301,2.1609,0.059616,0.067195,2.161,0.05098,0.05857,2.1612,0.045196,0.05598
2.1678,0.29107,0.013238,2.1719,0.2628,0.024247,2.1712,0.26979,0.17687,2.1718,0.1851,0.14516,2.1569,0.15341,0.15814,2.1552,0.12457,0.12619,2.1645,0.073645,0.080699,2.1717,0.059652,0.067526,2.1718,0.051018,0.058858,2.172,0.04525,0.056252
2.1786,0.29108,0.013174,2.1827,0.26285,0.024138,2.182,0.27061,0.17718,2.1827,0.18562,0.14566,2.1676,0.15389,0.15882,2.166,0.12494,0.12674,2.1754,0.073649,0.081099,2.1825,0.059688,0.067859,2.1826,0.051055,0.059147,2.1828,0.045304,0.056526
2.1895,0.29109,0.013111,2.1936,0.2629,0.024028,2.1929,0.27143,0.1775,2.1935,0.18614,0.14616,2.1785,0.15438,0.15951,2.1768,0.12531,0.12729,2.1862,0.073653,0.081501,2.1934,0.059724,0.068194,2.1935,0.051094,0.059438,2.1937,0.045359,0.056801
2.2004,0.2911,0.013048,2.2046,0.26295,0.02392,2.2039,0.27225,0.1778,2.2045,0.18667,0.14666,2.1894,0.15488,0.1602,2.1877,0.12569,0.12784,2.1971,0.073657,0.081904,2.2043,0.059761,0.06853,2.2045,0.051132,0.05973,2.2047,0.045415,0.057077
2.2114,0.29112,0.012986,2.2156,0.263,0.023811,2.2149,0.27308,0.17811,2.2155,0.1872,0.14715,2.2003,0.15538,0.16089,2.1987,0.12607,0.1284,2.2081,0.073662,0.08231,2.2153,0.059798,0.068868,2.2155,0.051171,0.060024,2.2157,0.045471,0.057354
2.2224,0.29113,0.012925,2.2266,0.26304,0.023703,2.2259,0.27391,0.17841,2.2265,0.18773,0.14765,2.2114,0.15588,0.16159,2.2097,0.12646,0.12895,2.2191,0.073666,0.082718,2.2264,0.059836,0.069207,2.2265,0.051211,0.060319,2.2267,0.045528,0.057633
2.2335,0.29114,0.012863,2.2377,0.26309,0.023596,2.237,0.27474,0.1787,2.2376,0.18826,0.14815,2.2224,0.15639,0.16228,2.2207,0.12685,0.12951,2.2302,0.07367,0.083128,2.2375,0.059874,0.069549,2.2376,0.05125,0.060616,2.2378,0.045585,0.057913
2.2447,0.29115,0.012802,2.2489,0.26314,0.023489,2.2482,0.27557,0.179,2.2488,0.1888,0.14864,2.2335,0.15691,0.16298,2.2318,0.12724,0.13007,2.2414,0.073674,0.08354,2.2487,0.059912,0.069891,2.2488,0.05129,0.060914,2.249,0.045643,0.058194
2.2559,0.29117,0.012741,2.2601,0.26318,0.023382,2.2594,0.27641,0.17929,2.26,0.18935,0.14914,2.2447,0.15743,0.16368,2.243,0.12764,0.13063,2.2526,0.073678,0.083955,2.2599,0.059951,0.070236,2.26,0.051331,0.061213,2.2602,0.045701,0.058477
2.2671,0.29118,0.01268,2.2714,0.26323,0.023275,2.2707,0.27725,0.17957,2.2713,0.18989,0.14964,2.2559,0.15796,0.16438,2.2542,0.12804,0.13119,2.2638,0.073683,0.084371,2.2711,0.05999,0.070582,2.2713,0.051372,0.061514,2.2715,0.04576,0.05876
2.2785,0.29119,0.01262,2.2827,0.26327,0.023169,2.282,0.2781,0.17986,2.2826,0.19044,0.15013,2.2672,0.15849,0.16508,2.2655,0.12844,0.13176,2.2751,0.073687,0.084789,2.2825,0.060029,0.07093,2.2826,0.051413,0.061817,2.2828,0.04582,0.059046
2.2898,0.2912,0.012559,2.2941,0.26332,0.023064,2.2934,0.27894,0.18014,2.294,0.191,0.15063,2.2786,0.15903,0.16578,2.2769,0.12885,0.13232,2.2865,0.073691,0.08521,2.2939,0.060069,0.07128,2.294,0.051455,0.06212,2.2942,0.04588,0.059332
2.3013,0.29122,0.012499,2.3055,0.26336,0.022959,2.3048,0.27979,0.18041,2.3055,0.19156,0.15112,2.29,0.15957,0.16648,2.2883,0.12926,0.13289,2.2979,0.073696,0.085632,2.3053,0.060109,0.071632,2.3054,0.051497,0.062426,2.3056,0.04594,0.05962
2.3128,0.29123,0.012439,2.317,0.26341,0.022854,2.3163,0.28064,0.18069,2.317,0.19212,0.15162,2.3014,0.16012,0.16719,2.2997,0.12968,0.13346,2.3094,0.0737,0.086057,2.3168,0.06015,0.071985,2.3169,0.05154,0.062733,2.3171,0.046002,0.05991
2.3243,0.29124,0.012379,2.3286,0.26345,0.022749,2.3279,0.28149,0.18096,2.3285,0.19268,0.15211,2.3129,0.16068,0.1679,2.3112,0.1301,0.13402,2.3209,0.073705,0.086484,2.3284,0.06019,0.07234,2.3285,0.051583,0.063041,2.3287,0.046064,0.060201
2.3359,0.29126,0.012319,2.3402,0.26349,0.022645,2.3395,0.28235,0.18122,2.3401,0.19325,0.15261,2.3245,0.16124,0.1686,2.3228,0.13053,0.1346,2.3325,0.073709,0.086913,2.34,0.060232,0.072697,2.3401,0.051626,0.063351,2.3403,0.046126,0.060493
2.3476,0.29127,0.012259,2.3519,0.26354,0.022542,2.3512,0.28321,0.18148,2.3518,0.19383,0.1531,2.3361,0.1618,0.16931,2.3344,0.13096,0.13517,2.3442,0.073714,0.087344,2.3517,0.060274,0.073055,2.3518,0.05167,0.063662,2.352,0.046189,0.060786
2.3593,0.29128,0.012198,2.3636,0.26358,0.022438,2.3629,0.28407,0.18174,2.3635,0.1944,0.15359,2.3478,0.16238,0.17003,2.3461,0.13139,0.13574,2.3559,0.073718,0.087777,2.3634,0.060316,0.073415,2.3635,0.051714,0.063975,2.3637,0.046253,0.061081
2.3711,0.29129,0.012138,2.3754,0.26362,0.022335,2.3747,0.28493,0.182,2.3753,0.19498,0.15408,2.3596,0.16296,0.17074,2.3578,0.13183,0.13632,2.3677,0.073723,0.088213,2.3752,0.060358,0.073777,2.3753,0.051759,0.06429,2.3755,0.046317,0.061377
2.3829,0.29131,0.012077,2.3873,0.26366,0.022233,2.3865,0.2858,0.18225,2.3872,0.19557,0.15457,2.3714,0.16354,0.17145,2.3696,0.13227,0.13689,2.3795,0.073728,0.08865,2.387,0.060402,0.074141,2.3872,0.051804,0.064606,2.3874,0.046382,0.061675
2.3948,0.29132,0.012017,2.3992,0.2637,0.022131,2.3984,0.28667,0.18249,2.3991,0.19615,0.15507,2.3832,0.16413,0.17216,2.3815,0.13272,0.13747,2.3914,0.073733,0.08909,2.3989,0.060445,0.074507,2.3991,0.05185,0.064923,2.3993,0.046448,0.061974
2.4068,0.29133,0.011957,2.4111,0.26375,0.022029,2.4104,0.28754,0.18274,2.4111,0.19675,0.15556,2.3952,0.16473,0.17288,2.3934,0.13317,0.13805,2.4033,0.073737,0.089532,2.4109,0.060489,0.074874,2.411,0.051896,0.065242,2.4112,0.046514,0.062274
2.4188,0.29134,0.011897,2.4232,0.26379,0.021928,2.4224,0.28841,0.18298,2.4231,0.19734,0.15605,2.4071,0.16533,0.1736,2.4054,0.13363,0.13863,2.4153,0.073742,0.089977,2.4229,0.060533,0.075243,2.4231,0.051943,0.065563,2.4233,0.046581,0.062576
2.4309,0.29135,0.011838,2.4352,0.26383,0.021827,2.4345,0.28929,0.18321,2.4352,0.19794,0.15653,2.4192,0.16594,0.17431,2.4174,0.13409,0.13921,2.4274,0.073747,0.090423,2.435,0.060578,0.075614,2.4351,0.05199,0.065885,2.4354,0.046648,0.062879
2.443,0.29136,0.011778,2.4474,0.26387,0.021726,2.4467,0.29016,0.18344,2.4473,0.19854,0.15702,2.4313,0.16656,0.17503,2.4295,0.13455,0.13979,2.4395,0.073752,0.090872,2.4472,0.060623,0.075987,2.4473,0.052037,0.066209,2.4475,0.046717,0.063184
2.4552,0.29137,0.011719,2.4596,0.26391,0.021626,2.4589,0.29104,0.18367,2.4595,0.19915,0.15751,2.4434,0.16718,0.17575,2.4417,0.13503,0.14038,2.4517,0.073757,0.091323,2.4594,0.060669,0.076361,2.4595,0.052085,0.066534,2.4597,0.046786,0.06349
2.4674,0.29138,0.01166,2.4719,0.26394,0.021527,2.4711,0.29193,0.18389,2.4718,0.19976,0.158,2.4557,0.16781,0.17647,2.4539,0.1355,0.14096,2.464,0.073762,0.091777,2.4716,0.060715,0.076738,2.4718,0.052133,0.066861,2.472,0.046855,0.063797
2.4798,0.29139,0.011601,2.4842,0.26398,0.021427,2.4835,0.29281,0.18411,2.4841,0.20038,0.15848,2.468,0.16845,0.17719,2.4662,0.13598,0.14155,2.4763,0.073767,0.092232,2.484,0.060762,0.077116,2.4841,0.052182,0.067189,2.4843,0.046925,0.064106
2.4921,0.2914,0.011543,2.4966,0.26402,0.021328,2.4959,0.2937,0.18433,2.4965,0.20099,0.15897,2.4803,0.16909,0.17791,2.4785,0.13646,0.14214,2.4886,0.073773,0.09269,2.4964,0.060809,0.077496,2.4965,0.052232,0.06752,2.4967,0.046996,0.064416
2.5046,0.29141,0.011486,2.5091,0.26406,0.02123,2.5083,0.29458,0.18454,2.509,0.20162,0.15945,2.4927,0.16974,0.17863,2.4909,0.13695,0.14272,2.5011,0.073778,0.09315,2.5088,0.060856,0.077879,2.509,0.052281,0.067851,2.5092,0.047068,0.064728
2.5171,0.29141,0.011429,2.5216,0.2641,0.021132,2.5208,0.29548,0.18475,2.5215,0.20224,0.15993,2.5052,0.17039,0.17935,2.5034,0.13745,0.14331,2.5136,0.073783,0.093613,2.5213,0.060904,0.078262,2.5215,0.052332,0.068185,2.5217,0.04714,0.065041
2.5297,0.29142,0.011373,2.5342,0.26414,0.021034,2.5334,0.29637,0.18495,2.5341,0.20287,0.16041,2.5177,0.17106,0.18007,2.5159,0.13795,0.1439,2.5261,0.073788,0.094078,2.5339,0.060952,0.078648,2.534,0.052383,0.068519,2.5343,0.047213,0.065356
2.5423,0.29143,0.011318,2.5468,0.26417,0.020936,2.546,0.29726,0.18515,2.5467,0.2035,0.1609,2.5303,0.17173,0.1808,2.5285,0.13845,0.1445,2.5387,0.073794,0.094545,2.5465,0.061001,0.079036,2.5467,0.052434,0.068856,2.5469,0.047287,0.065672
2.555,0.29144,0.011263,2.5595,0.26421,0.020839,2.5587,0.29816,0.18535,2.5594,0.20414,0.16137,2.543,0.1724,0.18152,2.5412,0.13896,0.14509,2.5514,0.073799,0.095015,2.5593,0.061051,0.079426,2.5594,0.052486,0.069194,2.5596,0.047361,0.06599
2.5677,0.29145,0.011209,2.5723,0.26425,0.020743,2.5715,0.29906,0.18554,2.5722,0.20478,0.16185,2.5557,0.17309,0.18224,2.5539,0.13947,0.14568,2.5642,0.073805,0.095487,2.572,0.061101,0.079817,2.5722,0.052538,0.069534,2.5724,0.047436,0.066309
2.5805,0.29145,0.011155,2.5851,0.26428,0.020646,2.5843,0.29996,0.18573,2.585,0.20543,0.16233,2.5685,0.17378,0.18296,2.5667,0.13999,0.14628,2.577,0.07381,0.095961,2.5849,0.061151,0.080211,2.585,0.052591,0.069875,2.5852,0.047512,0.066629
2.5934,0.29146,0.011102,2.598,0.26432,0.02055,2.5972,0.30086,0.18591,2.5979,0.20608,0.16281,2.5813,0.17448,0.18369,2.5795,0.14052,0.14687,2.5898,0.073816,0.096438,2.5977,0.061202,0.080606,2.5979,0.052645,0.070219,2.5981,0.047589,0.066951
2.6064,0.29147,0.011049,2.611,0.26435,0.020455,2.6102,0.30176,0.18609,2.6109,0.20673,0.16328,2.5942,0.17518,0.18441,2.5924,0.14105,0.14747,2.6028,0.073821,0.096917,2.6107,0.061253,0.081003,2.6108,0.052699,0.070563,2.6111,0.047666,0.067275
2.6194,0.29148,0.010997,2.624,0.26439,0.02036,2.6232,0.30267,0.18627,2.6239,0.20738,0.16376,2.6072,0.17589,0.18513,2.6054,0.14158,0.14806,2.6158,0.073827,0.097398,2.6237,0.061305,0.081403,2.6239,0.052753,0.07091,2.6241,0.047744,0.0676
2.6325,0.29149,0.010946,2.6371,0.26442,0.020265,2.6363,0.30358,0.18644,2.637,0.20804,0.16423,2.6203,0.17661,0.18585,2.6184,0.14212,0.14866,2.6288,0.073833,0.097882,2.6368,0.061358,0.081804,2.637,0.052808,0.071258,2.6372,0.047823,0.067926
2.6456,0.2915,0.010894,2.6502,0.26446,0.020171,2.6495,0.30449,0.1866,2.6501,0.20871,0.1647,2.6334,0.17734,0.18658,2.6315,0.14267,0.14926,2.642,0.073839,0.098369,2.65,0.061411,0.082207,2.6501,0.052864,0.071608,2.6503,0.047903,0.068254
2.6588,0.29151,0.010843,2.6634,0.26449,0.020077,2.6627,0.3054,0.18677,2.6634,0.20938,0.16517,2.6465,0.17807,0.1873,2.6447,0.14322,0.14986,2.6552,0.073845,0.098857,2.6632,0.061464,0.082612,2.6633,0.05292,0.071959,2.6635,0.047983,0.068584
2.6721,0.29152,0.010792,2.6767,0.26452,0.019983,2.676,0.30631,0.18692,2.6767,0.21005,0.16564,2.6598,0.17882,0.18802,2.6579,0.14378,0.15046,2.6684,0.073851,0.099349,2.6765,0.061518,0.083019,2.6766,0.052976,0.072312,2.6768,0.048064,0.068915
2.6854,0.29153,0.01074,2.6901,0.26456,0.01989,2.6893,0.30723,0.18708,2.69,0.21072,0.16611,2.6731,0.17957,0.18874,2.6712,0.14434,0.15106,2.6818,0.073857,0.099842,2.6898,0.061572,0.083429,2.69,0.053034,0.072667,2.6902,0.048146,0.069247
2.6988,0.29154,0.010688,2.7035,0.26459,0.019797,2.7027,0.30814,0.18723,2.7034,0.2114,0.16657,2.6865,0.18032,0.18946,2.6846,0.14491,0.15166,2.6952,0.073863,0.10034,2.7033,0.061628,0.08384,2.7034,0.053091,0.073024,2.7036,0.048229,0.069581
2.7123,0.29155,0.010636,2.717,0.26462,0.019705,2.7162,0.30906,0.18737,2.7169,0.21209,0.16704,2.6999,0.18109,0.19018,2.698,0.14548,0.15226,2.7086,0.073869,0.10084,2.7167,0.061683,0.084253,2.7169,0.05315,0.073382,2.7171,0.048313,0.069917
2.7259,0.29156,0.010584,2.7305,0.26466,0.019612,2.7298,0.30998,0.18751,2.7305,0.21277,0.1675,2.7134,0.18186,0.1909,2.7115,0.14606,0.15286,2.7222,0.073875,0.10134,2.7303,0.061739,0.084668,2.7304,0.053209,0.073742,2.7306,0.048397,0.070254
2.7395,0.29157,0.010532,2.7442,0.26469,0.019521,2.7434,0.3109,0.18765,2.7441,0.21346,0.16796,2.727,0.18264,0.19161,2.7251,0.14665,0.15346,2.7358,0.073881,0.10184,2.7439,0.061796,0.085085,2.7441,0.053268,0.074104,2.7443,0.048482,0.070593
2.7531,0.29158,0.01048,2.7579,0.26472,0.019429,2.7571,0.31182,0.18778,2.7578,0.21416,0.16842,2.7406,0.18343,0.19233,2.7387,0.14724,0.15406,2.7494,0.073887,0.10235,2.7576,0.061853,0.085504,2.7577,0.053328,0.074468,2.758,0.048568,0.070933
2.7669,0.29159,0.010428,2.7716,0.26475,0.019338,2.7708,0.31274,0.18791,2.7715,0.21486,0.16888,2.7543,0.18423,0.19304,2.7524,0.14784,0.15467,2.7632,0.073894,0.10286,2.7714,0.061911,0.085926,2.7715,0.053389,0.074833,2.7717,0.048655,0.071275
2.7807,0.2916,0.010375,2.7854,0.26478,0.019248,2.7847,0.31366,0.18803,2.7854,0.21556,0.16934,2.7681,0.18503,0.19375,2.7662,0.14844,0.15527,2.777,0.0739,0.10337,2.7852,0.061969,0.086349,2.7853,0.05345,0.0752,2.7855,0.048743,0.071618
2.7946,0.29161,0.010322,2.7993,0.26481,0.019158,2.7985,0.31459,0.18815,2.7993,0.21626,0.16979,2.782,0.18584,0.19447,2.7801,0.14905,0.15587,2.7908,0.073907,0.10388,2.7991,0.062028,0.086775,2.7992,0.053512,0.075569,2.7994,0.048831,0.071963
2.8085,0.29162,0.010269,2.8133,0.26484,0.019068,2.8125,0.31552,0.18826,2.8132,0.21697,0.17025,2.7959,0.18666,0.19518,2.794,0.14967,0.15648,2.8048,0.073913,0.1044,2.813,0.062088,0.087202,2.8132,0.053575,0.075939,2.8134,0.048921,0.072309
2.8226,0.29162,0.010216,2.8273,0.26487,0.018978,2.8265,0.31644,0.18837,2.8273,0.21769,0.1707,2.8099,0.18749,0.19588,2.808,0.15029,0.15708,2.8188,0.07392,0.10492,2.8271,0.062148,0.087632,2.8272,0.053638,0.076312,2.8274,0.049011,0.072657
2.8366,0.29163,0.010163,2.8414,0.2649,0.018889,2.8406,0.31737,0.18848,2.8414,0.21841,0.17115,2.8239,0.18833,0.19659,2.822,0.15092,0.15768,2.8329,0.073926,0.10544,2.8412,0.062209,0.088063,2.8413,0.053701,0.076686,2.8415,0.049102,0.073007
2.8508,0.29164,0.010112,2.8556,0.26493,0.018801,2.8548,0.3183,0.18858,2.8555,0.21913,0.1716,2.8381,0.18917,0.19729,2.8361,0.15155,0.15828,2.847,0.073933,0.10596,2.8554,0.06227,0.088497,2.8555,0.053766,0.077062,2.8557,0.049194,0.073358
2.865,0.29164,0.01006,2.8699,0.26496,0.018712,2.8691,0.31923,0.18868,2.8698,0.21985,0.17204,2.8523,0.19003,0.19799,2.8503,0.15219,0.15889,2.8612,0.07394,0.10649,2.8696,0.062332,0.088933,2.8697,0.053831,0.07744,2.87,0.049287,0.073711
2.8793,0.29165,0.010009,2.8842,0.26499,0.018624,2.8834,0.32017,0.18877,2.8841,0.22058,0.17249,2.8665,0.19089,0.19869,2.8646,0.15284,0.15949,2.8755,0.073947,0.10702,2.8839,0.062395,0.089371,2.8841,0.053897,0.077819,2.8843,0.049381,0.074065
2.8937,0.29166,0.0099587,2.8986,0.26502,0.018537,2.8978,0.3211,0.18885,2.8985,0.22131,0.17293,2.8809,0.19176,0.19939,2.8789,0.15349,0.16009,2.8899,0.073954,0.10755,2.8983,0.062458,0.089811,2.8984,0.053963,0.078201,2.8987,0.049475,0.074421
2.9082,0.29166,0.0099089,2.913,0.26505,0.018449,2.9122,0.32203,0.18894,2.9129,0.22205,0.17337,2.8953,0.19264,0.20008,2.8933,0.15416,0.16069,2.9043,0.073961,0.10809,2.9128,0.062522,0.090254,2.9129,0.05403,0.078584,2.9131,0.049571,0.074779
2.9227,0.29167,0.0098601,2.9276,0.26508,0.018362,2.9267,0.32297,0.18901,2.9275,0.22279,0.17381,2.9098,0.19352,0.20077,2.9078,0.15482,0.1613,2.9188,0.073968,0.10863,2.9273,0.062586,0.090698,2.9274,0.054097,0.078969,2.9277,0.049668,0.075138
2.9373,0.29167,0.0098122,2.9422,0.26511,0.018276,2.9413,0.3239,0.18909,2.9421,0.22353,0.17424,2.9243,0.19442,0.20146,2.9224,0.1555,0.1619,2.9334,0.073975,0.10917,2.9419,0.062651,0.091145,2.942,0.054166,0.079356,2.9423,0.049765,0.075499
2.9519,0.29167,0.0097653,2.9568,0.26514,0.01819,2.956,0.32484,0.18916,2.9568,0.22428,0.17468,2.9389,0.19532,0.20215,2.937,0.15618,0.1625,2.9481,0.073982,0.10971,2.9566,0.062717,0.091594,2.9567,0.054235,0.079745,2.9569,0.049863,0.075862
2.9667,0.29168,0.0097192,2.9716,0.26516,0.018104,2.9708,0.32577,0.18922,2.9715,0.22503,0.17511,2.9536,0.19623,0.20283,2.9517,0.15687,0.1631,2.9628,0.073989,0.11026,2.9713,0.062783,0.092045,2.9715,0.054304,0.080135,2.9717,0.049963,0.076226
2.9815,0.29169,0.0096736,2.9864,0.26519,0.018018,2.9856,0.32671,0.18928,2.9863,0.22579,0.17554,2.9684,0.19715,0.20351,2.9664,0.15756,0.16369,2.9776,0.073997,0.1108,2.9861,0.06285,0.092498,2.9863,0.054375,0.080528,2.9865,0.050063,0.076591
2.9964,0.29169,0.0096284,3.0013,0.26522,0.017933,3.0005,0.32765,0.18933,3.0012,0.22655,0.17597,2.9833,0.19808,0.20418,2.9813,0.15827,0.16429,2.9925,0.074004,0.11136,3.001,0.062918,0.092953,3.0012,0.054446,0.080922,3.0014,0.050164,0.076959
3.0113,0.2917,0.0095835,3.0163,0.26525,0.017849,3.0155,0.32859,0.18939,3.0162,0.22731,0.17639,2.9982,0.19902,0.20485,2.9962,0.15897,0.16489,3.0074,0.074011,0.11191,3.016,0.062986,0.093411,3.0162,0.054517,0.081319,3.0164,0.050267,0.077328
3.0264,0.29171,0.0095389,3.0313,0.26527,0.017764,3.0305,0.32953,0.18943,3.0312,0.22808,0.17682,3.0132,0.19996,0.20552,3.0112,0.15969,0.16548,3.0225,0.074019,0.11247,3.0311,0.063055,0.093871,3.0312,0.05459,0.081717,3.0314,0.05037,0.077699
3.0415,0.29171,0.0094945,3.0464,0.2653,0.01768,3.0456,0.33047,0.18947,3.0464,0.22885,0.17724,3.0283,0.20092,0.20618,3.0263,0.16041,0.16608,3.0376,0.074027,0.11303,3.0462,0.063125,0.094333,3.0463,0.054663,0.082117,3.0466,0.050474,0.078071
3.0567,0.29172,0.0094503,3.0616,0.26533,0.017596,3.0608,0.33141,0.18951,3.0616,0.22962,0.17766,3.0434,0.20188,0.20684,3.0414,0.16115,0.16667,3.0527,0.074034,0.11359,3.0614,0.063195,0.094797,3.0615,0.054737,0.082519,3.0618,0.050579,0.078445
3.0719,0.29173,0.009406,3.0769,0.26535,0.017513,3.0761,0.33235,0.18954,3.0768,0.2304,0.17807,3.0586,0.20285,0.20749,3.0566,0.16188,0.16726,3.068,0.074042,0.11415,3.0766,0.063266,0.095264,3.0768,0.054811,0.082923,3.077,0.050686,0.078821
3.0873,0.29174,0.0093611,3.0923,0.26538,0.01743,3.0914,0.33329,0.18957,3.0922,0.23118,0.17849,3.0739,0.20383,0.20814,3.0719,0.16263,0.16785,3.0833,0.07405,0.11472,3.092,0.063338,0.095733,3.0921,0.054886,0.083329,3.0924,0.050793,0.079198
3.1027,0.29175,0.0093157,3.1077,0.2654,0.017347,3.1069,0.33423,0.18959,3.1076,0.23196,0.1789,3.0893,0.20482,0.20879,3.0873,0.16338,0.16844,3.0987,0.074058,0.11529,3.1074,0.06341,0.096204,3.1076,0.054963,0.083736,3.1078,0.050901,0.079577
3.1182,0.29176,0.0092697,3.1232,0.26543,0.017265,3.1224,0.33517,0.18961,3.1231,0.23275,0.17931,3.1048,0.20582,0.20942,3.1028,0.16414,0.16902,3.1142,0.074066,0.11587,3.1229,0.063483,0.096678,3.1231,0.055039,0.084146,3.1233,0.051011,0.079958
3.1337,0.29177,0.0092232,3.1388,0.26545,0.017183,3.1379,0.33611,0.18962,3.1387,0.23354,0.17971,3.1203,0.20682,0.21006,3.1183,0.16491,0.1696,3.1297,0.074074,0.11644,3.1385,0.063557,0.097153,3.1387,0.055117,0.084558,3.1389,0.051121,0.08034
3.1494,0.29178,0.0091765,3.1544,0.26548,0.017102,3.1536,0.33706,0.18963,3.1543,0.23434,0.18012,3.1359,0.20784,0.21069,3.1339,0.16569,0.17019,3.1454,0.074082,0.11702,3.1542,0.063632,0.097631,3.1543,0.055195,0.084971,3.1545,0.051233,0.080724
3.1651,0.29178,0.0091295,3.1702,0.2655,0.01702,3.1693,0.338,0.18963,3.1701,0.23514,0.18052,3.1516,0.20886,0.21131,3.1496,0.16647,0.17076,3.1611,0.07409,0.11761,3.1699,0.063707,0.098112,3.17,0.055274,0.085387,3.1703,0.051345,0.08111
3.1809,0.29179,0.0090824,3.186,0.26553,0.01694,3.1851,0.33894,0.18963,3.1859,0.23594,0.18092,3.1674,0.20989,0.21193,3.1653,0.16726,0.17134,3.1769,0.074098,0.11819,3.1857,0.063783,0.098594,3.1859,0.055354,0.085804,3.1861,0.051459,0.081498
3.1968,0.2918,0.0090349,3.2019,0.26555,0.016859,3.201,0.33988,0.18963,3.2018,0.23675,0.18131,3.1832,0.21093,0.21254,3.1812,0.16806,0.17191,3.1928,0.074107,0.11878,3.2016,0.06386,0.09908,3.2018,0.055435,0.086224,3.202,0.051573,0.081887
3.2127,0.2918,0.0089873,3.2178,0.26557,0.016779,3.217,0.34082,0.18962,3.2178,0.23755,0.1817,3.1991,0.21198,0.21314,3.1971,0.16887,0.17248,3.2087,0.074115,0.11937,3.2176,0.063938,0.099567,3.2177,0.055516,0.086646,3.218,0.051689,0.082278
3.2288,0.29181,0.0089399,3.2339,0.2656,0.016699,3.2331,0.34177,0.1896,3.2338,0.23837,0.1821,3.2152,0.21303,0.21374,3.2131,0.16968,0.17305,3.2247,0.074124,0.11997,3.2336,0.064016,0.10006,3.2338,0.055598,0.087069,3.234,0.051806,0.08267
3.2449,0.29181,0.0088931,3.25,0.26562,0.01662,3.2492,0.34271,0.18958,3.2499,0.23918,0.18248,3.2312,0.2141,0.21433,3.2292,0.1705,0.17362,3.2408,0.074132,0.12056,3.2498,0.064095,0.10055,3.2499,0.055681,0.087495,3.2501,0.051924,0.083065
3.2611,0.29182,0.0088472,3.2662,0.26564,0.01654,3.2654,0.34365,0.18956,3.2662,0.24001,0.18287,3.2474,0.21517,0.21491,3.2453,0.17133,0.17418,3.257,0.074141,0.12116,3.266,0.064175,0.10104,3.2661,0.055765,0.087922,3.2664,0.052044,0.083461
3.2774,0.29182,0.0088022,3.2825,0.26567,0.016462,3.2817,0.34459,0.18953,3.2825,0.24083,0.18325,3.2636,0.21625,0.21549,3.2616,0.17217,0.17474,3.2733,0.07415,0.12177,3.2823,0.064256,0.10154,3.2824,0.05585,0.088352,3.2827,0.052164,0.083859
3.2937,0.29182,0.0087582,3.2989,0.26569,0.016383,3.2981,0.34553,0.18949,3.2988,0.24166,0.18363,3.28,0.21734,0.21606,3.2779,0.17302,0.17529,3.2897,0.074159,0.12237,3.2986,0.064338,0.10204,3.2988,0.055935,0.088783,3.299,0.052285,0.084258
3.3102,0.29183,0.0087149,3.3154,0.26571,0.016305,3.3145,0.34647,0.18946,3.3153,0.24249,0.184,3.2964,0.21843,0.21662,3.2943,0.17387,0.17584,3.3061,0.074168,0.12298,3.3151,0.06442,0.10254,3.3152,0.056022,0.089217,3.3155,0.052408,0.08466
3.3267,0.29183,0.0086725,3.3319,0.26573,0.016227,3.331,0.34741,0.18941,3.3318,0.24332,0.18438,3.3129,0.21954,0.21717,3.3108,0.17473,0.17639,3.3226,0.074177,0.1236,3.3316,0.064503,0.10305,3.3318,0.056109,0.089653,3.332,0.052532,0.085063
3.3433,0.29183,0.0086312,3.3485,0.26576,0.01615,3.3477,0.34836,0.18937,3.3484,0.24416,0.18475,3.3294,0.22065,0.21772,3.3274,0.1756,0.17693,3.3392,0.074186,0.12421,3.3482,0.064587,0.10355,3.3484,0.056197,0.090091,3.3486,0.052657,0.085468
3.36,0.29184,0.0085909,3.3652,0.26578,0.016073,3.3644,0.3493,0.18931,3.3652,0.245,0.18511,3.3461,0.22177,0.21826,3.344,0.17647,0.17747,3.3559,0.074195,0.12483,3.365,0.064672,0.10406,3.3651,0.056286,0.090531,3.3654,0.052783,0.085874
3.3768,0.29184,0.0085516,3.382,0.2658,0.015996,3.3812,0.35023,0.18926,3.3819,0.24584,0.18548,3.3628,0.22289,0.21879,3.3607,0.17736,0.178,3.3726,0.074204,0.12545,3.3817,0.064758,0.10457,3.3819,0.056376,0.090973,3.3821,0.052911,0.086283
3.3936,0.29184,0.0085129,3.3989,0.26582,0.015919,3.398,0.35117,0.18919,3.3988,0.24669,0.18584,3.3797,0.22403,0.21931,3.3776,0.17825,0.17853,3.3895,0.074214,0.12608,3.3986,0.064844,0.10509,3.3988,0.056466,0.091417,3.399,0.053039,0.086693
3.4106,0.29185,0.0084743,3.4158,0.26584,0.015843,3.415,0.35211,0.18913,3.4158,0.24754,0.1862,3.3966,0.22517,0.21982,3.3945,0.17915,0.17906,3.4064,0.074223,0.1267,3.4156,0.064931,0.1056,3.4157,0.056558,0.091863,3.416,0.053169,0.087105
3.4276,0.29186,0.0084356,3.4329,0.26586,0.015767,3.432,0.35305,0.18906,3.4328,0.24839,0.18655,3.4136,0.22632,0.22032,3.4114,0.18005,0.17958,3.4234,0.074233,0.12734,3.4326,0.065019,0.10612,3.4328,0.05665,0.092311,3.433,0.0533,0.087519
3.4447,0.29186,0.0083967,3.45,0.26588,0.015692,3.4491,0.35399,0.18898,3.4499,0.24925,0.1869,3.4306,0.22747,0.22081,3.4285,0.18097,0.18009,3.4405,0.074242,0.12797,3.4497,0.065109,0.10664,3.4499,0.056744,0.092761,3.4501,0.053433,0.087934
3.4619,0.29187,0.0083575,3.4672,0.2659,0.015617,3.4663,0.35492,0.1889,3.4671,0.25011,0.18725,3.4478,0.22863,0.22129,3.4457,0.18189,0.1806,3.4577,0.074252,0.12861,3.4669,0.065198,0.10717,3.4671,0.056838,0.093214,3.4673,0.053566,0.088352
3.4792,0.29188,0.0083179,3.4845,0.26593,0.015542,3.4836,0.35586,0.18882,3.4844,0.25098,0.1876,3.4651,0.2298,0.22177,3.4629,0.18282,0.18111,3.475,0.074262,0.12925,3.4842,0.065289,0.10769,3.4844,0.056933,0.093668,3.4846,0.053701,0.088771
3.4966,0.29189,0.0082777,3.5019,0.26595,0.015468,3.501,0.35679,0.18873,3.5018,0.25184,0.18794,3.4824,0.23098,0.22223,3.4802,0.18376,0.18161,3.4924,0.074272,0.12989,3.5016,0.065381,0.10822,3.5018,0.057029,0.094125,3.502,0.053838,0.089192
3.514,0.2919,0.0082366,3.5194,0.26597,0.015394,3.5185,0.35773,0.18863,3.5193,0.25271,0.18827,3.4998,0.23216,0.22268,3.4977,0.1847,0.1821,3.5098,0.074282,0.13054,3.5191,0.065474,0.10876,3.5192,0.057126,0.094584,3.5195,0.053975,0.089614
3.5316,0.2919,0.0081944,3.5369,0.26599,0.01532,3.536,0.35866,0.18853,3.5368,0.25359,0.18861,3.5173,0.23335,0.22312,3.5152,0.18565,0.18259,3.5273,0.074292,0.13119,3.5366,0.065567,0.10929,3.5368,0.057224,0.095045,3.5371,0.054114,0.090039
3.5492,0.29191,0.0081515,3.5546,0.266,0.015246,3.5537,0.35959,0.18843,3.5545,0.25446,0.18894,3.5349,0.23454,0.22356,3.5328,0.18661,0.18307,3.545,0.074302,0.13184,3.5543,0.065662,0.10983,3.5544,0.057323,0.095508,3.5547,0.054254,0.090465
3.5669,0.29192,0.0081082,3.5723,0.26602,0.015173,3.5714,0.36052,0.18832,3.5722,0.25534,0.18927,3.5526,0.23574,0.22398,3.5504,0.18758,0.18354,3.5627,0.074312,0.1325,3.572,0.065757,0.11037,3.5722,0.057423,0.095973,3.5724,0.054396,0.090894
3.5847,0.29192,0.0080649,3.5901,0.26604,0.015101,3.5892,0.36146,0.18821,3.59,0.25622,0.18959,3.5704,0.23695,0.22438,3.5682,0.18856,0.18401,3.5805,0.074323,0.13316,3.5898,0.065853,0.11091,3.59,0.057524,0.096441,3.5902,0.054538,0.091324
3.6026,0.29193,0.0080216,3.608,0.26606,0.015028,3.6071,0.36238,0.18809,3.6079,0.25711,0.18991,3.5882,0.23816,0.22478,3.5861,0.18954,0.18447,3.5984,0.074333,0.13383,3.6077,0.065951,0.11145,3.6079,0.057626,0.096911,3.6082,0.054683,0.091756
3.6206,0.29193,0.0079785,3.626,0.26608,0.014956,3.6251,0.36331,0.18797,3.6259,0.258,0.19023,3.6062,0.23937,0.22517,3.604,0.19053,0.18493,3.6163,0.074344,0.13449,3.6257,0.066049,0.112,3.6259,0.057729,0.097383,3.6262,0.054828,0.092189
3.6387,0.29194,0.0079359,3.6441,0.2661,0.014884,3.6432,0.36424,0.18785,3.644,0.25889,0.19054,3.6242,0.24059,0.22554,3.622,0.19152,0.18538,3.6344,0.074354,0.13516,3.6438,0.066148,0.11255,3.644,0.057833,0.097857,3.6442,0.054975,0.092625
3.6568,0.29194,0.007894,3.6623,0.26612,0.014813,3.6614,0.36516,0.18771,3.6622,0.25978,0.19085,3.6424,0.24182,0.2259,3.6402,0.19253,0.18582,3.6525,0.074365,0.13584,3.662,0.066248,0.1131,3.6622,0.057938,0.098333,3.6624,0.055124,0.093062
3.6751,0.29194,0.0078535,3.6806,0.26614,0.014742,3.6797,0.36609,0.18758,3.6805,0.26068,0.19116,3.6606,0.24304,0.22625,3.6584,0.19354,0.18626,3.6708,0.074376,0.13651,3.6803,0.06635,0.11366,3.6804,0.058044,0.098812,3.6807,0.055274,0.093501
3.6935,0.29194,0.0078144,3.6989,0.26615,0.014671,3.698,0.36701,0.18744,3.6988,0.26158,0.19146,3.6789,0.24428,0.22659,3.6767,0.19456,0.18668,3.6891,0.074387,0.13719,3.6986,0.066452,0.11422,3.6988,0.058151,0.099293,3.6991,0.055425,0.093942
3.7119,0.29194,0.0077767,3.7174,0.26617,0.0146,3.7165,0.36793,0.1873,3.7173,0.26248,0.19176,3.6973,0.24551,0.22691,3.6951,0.19558,0.1871,3.7076,0.074398,0.13788,3.7171,0.066555,0.11478,3.7173,0.058259,0.099776,3.7175,0.055577,0.094385
3.7304,0.29194,0.0077402,3.7359,0.26619,0.01453,3.735,0.36885,0.18715,3.7358,0.26339,0.19206,3.7158,0.24675,0.22723,3.7136,0.19661,0.18752,3.7261,0.074409,0.13856,3.7356,0.066659,0.11534,3.7358,0.058368,0.10026,3.7361,0.055732,0.09483
3.749,0.29194,0.0077046,3.7546,0.26621,0.01446,3.7537,0.36977,0.18699,3.7545,0.2643,0.19235,3.7344,0.248,0.22752,3.7322,0.19765,0.18792,3.7447,0.07442,0.13926,3.7543,0.066764,0.1159,3.7544,0.058478,0.10075,3.7547,0.055887,0.095277
3.7678,0.29195,0.0076699,3.7733,0.26623,0.014391,3.7724,0.37069,0.18684,3.7732,0.26521,0.19263,3.7531,0.24924,0.22781,3.7508,0.1987,0.18832,3.7634,0.074432,0.13995,3.773,0.066871,0.11647,3.7732,0.058589,0.10124,3.7734,0.056044,0.095726
3.7866,0.29195,0.007636,3.7921,0.26624,0.014321,3.7912,0.37161,0.18667,3.792,0.26612,0.19292,3.7718,0.25049,0.22808,3.7696,0.19975,0.1887,3.7822,0.074443,0.14065,3.7918,0.066978,0.11704,3.792,0.058701,0.10173,3.7922,0.056203,0.096176
3.8055,0.29195,0.0076025,3.811,0.26626,0.014252,3.8101,0.37252,0.18651,3.8109,0.26704,0.1932,3.7907,0.25174,0.22834,3.7885,0.20081,0.18908,3.8011,0.074455,0.14135,3.8107,0.067087,0.11762,3.8109,0.058815,0.10223,3.8112,0.056363,0.096628
3.8245,0.29196,0.0075689,3.83,0.26628,0.014184,3.8291,0.37343,0.18634,3.83,0.26796,0.19347,3.8097,0.25299,0.22858,3.8074,0.20188,0.18945,3.8201,0.074466,0.14205,3.8297,0.067196,0.1182,3.8299,0.058929,0.10272,3.8302,0.056525,0.097082
3.8436,0.29197,0.0075345,3.8492,0.26629,0.014115,3.8482,0.37434,0.18616,3.8491,0.26888,0.19375,3.8287,0.25424,0.22882,3.8265,0.20295,0.18981,3.8392,0.074478,0.14276,3.8489,0.067307,0.11878,3.849,0.059045,0.10322,3.8493,0.056688,0.097539
3.8628,0.29198,0.0074992,3.8684,0.26631,0.014047,3.8674,0.37525,0.18598,3.8683,0.2698,0.19401,3.8479,0.2555,0.22903,3.8456,0.20403,0.19017,3.8583,0.07449,0.14347,3.8681,0.067418,0.11936,3.8682,0.059162,0.10372,3.8685,0.056853,0.097997
3.882,0.29198,0.0074629,3.8877,0.26633,0.01398,3.8867,0.37616,0.1858,3.8876,0.27073,0.19428,3.8671,0.25675,0.22924,3.8649,0.20511,0.19051,3.8776,0.074502,0.14419,3.8873,0.067531,0.11994,3.8875,0.059279,0.10423,3.8878,0.057019,0.098456
3.9014,0.29199,0.0074257,3.907,0.26634,0.013912,3.9061,0.37707,0.18561,3.907,0.27166,0.19454,3.8865,0.25801,0.22942,3.8842,0.20621,0.19084,3.897,0.074514,0.14491,3.9067,0.067645,0.12053,3.9069,0.059398,0.10473,3.9072,0.057187,0.098918
3.9209,0.292,0.0073876,3.9265,0.26636,0.013845,3.9256,0.37797,0.18542,3.9264,0.27259,0.19479,3.9059,0.25926,0.2296,3.9037,0.2073,0.19116,3.9165,0.074526,0.14563,3.9262,0.06776,0.12112,3.9264,0.059519,0.10524,3.9267,0.057356,0.099382
3.9405,0.29201,0.0073484,3.9461,0.26638,0.013778,3.9452,0.37887,0.18522,3.946,0.27353,0.19504,3.9255,0.26052,0.22976,3.9232,0.20841,0.19148,3.936,0.074538,0.14636,3.9458,0.067876,0.12172,3.946,0.05964,0.10575,3.9463,0.057527,0.099847
3.9601,0.29201,0.0073082,3.9658,0.26639,0.013712,3.9649,0.37977,0.18502,3.9657,0.27447,0.19529,3.9451,0.26177,0.22991,3.9428,0.20952,0.19178,3.9557,0.074551,0.14709,3.9655,0.067994,0.12231,3.9657,0.059763,0.10626,3.9659,0.0577,0.10031
3.9799,0.29202,0.0072676,3.9856,0.26641,0.013646,3.9847,0.38067,0.18482,3.9855,0.27541,0.19553,3.9648,0.26302,0.23004,3.9626,0.21064,0.19207,3.9754,0.074563,0.14782,3.9853,0.068112,0.12291,3.9855,0.059886,0.10678,3.9857,0.057874,0.10078
3.9998,0.29202,0.0072273,4.0055,0.26642,0.01358,4.0045,0.38157,0.18461,4.0054,0.27635,0.19577,3.9847,0.26427,0.23015,3.9824,0.21176,0.19235,3.9953,0.074576,0.14856,4.0052,0.068232,0.12351,4.0053,0.060011,0.1073,4.0056,0.05805,0.10126
4.0198,0.29202,0.0071878,4.0255,0.26644,0.013514,4.0245,0.38246,0.1844,4.0254,0.27729,0.19601,4.0046,0.26552,0.23026,4.0023,0.21288,0.19262,4.0153,0.074589,0.1493,4.0251,0.068353,0.12412,4.0253,0.060137,0.10782,4.0256,0.058228,0.10173
4.0398,0.29202,0.0071492,4.0455,0.26645,0.013449,4.0446,0.38335,0.18418,4.0454,0.27824,0.19624,4.0246,0.26677,0.23035,4.0224,0.21402,0.19288,4.0353,0.074601,0.15004,4.0452,0.068475,0.12473,4.0454,0.060265,0.10834,4.0457,0.058407,0.1022
4.06,0.29202,0.0071118,4.0657,0.26647,0.013384,4.0648,0.38424,0.18396,4.0656,0.27919,0.19647,4.0448,0.26801,0.23042,4.0425,0.21515,0.19312,4.0555,0.074614,0.15079,4.0654,0.068598,0.12534,4.0656,0.060393,0.10887,4.0658,0.058588,0.10268
4.0803,0.29202,0.0070758,4.086,0.26648,0.013319,4.0851,0.38513,0.18373,4.0859,0.28014,0.19669,4.065,0.26925,0.23048,4.0627,0.21629,0.19335,4.0757,0.074627,0.15154,4.0857,0.068722,0.12595,4.0859,0.060523,0.10939,4.0861,0.058771,0.10316
4.1006,0.29202,0.0070416,4.1064,0.2665,0.013255,4.1054,0.38602,0.1835,4.1063,0.28109,0.19691,4.0854,0.27048,0.23052,4.083,0.21744,0.19357,4.0961,0.074641,0.1523,4.1061,0.068848,0.12657,4.1062,0.060655,0.10992,4.1065,0.058955,0.10364
4.1211,0.29202,0.0070093,4.1269,0.26651,0.01319,4.1259,0.3869,0.18327,4.1268,0.28205,0.19712,4.1058,0.27171,0.23055,4.1035,0.21859,0.19378,4.1166,0.074654,0.15306,4.1266,0.068975,0.12719,4.1267,0.060787,0.11046,4.127,0.059141,0.10412
4.1417,0.29202,0.0069784,4.1475,0.26653,0.013127,4.1465,0.38778,0.18303,4.1474,0.283,0.19733,4.1263,0.27294,0.23057,4.124,0.21975,0.19398,4.1371,0.074667,0.15382,4.1471,0.069103,0.12781,4.1473,0.060921,0.11099,4.1476,0.059329,0.10461
4.1624,0.29202,0.0069483,4.1681,0.26654,0.013063,4.1672,0.38866,0.18279,4.1681,0.28396,0.19753,4.147,0.27416,0.23057,4.1446,0.2209,0.19416,4.1578,0.074681,0.15459,4.1678,0.069233,0.12844,4.168,0.061056,0.11153,4.1683,0.059519,0.1051
4.1831,0.29203,0.0069186,4.1889,0.26656,0.013,4.188,0.38953,0.18255,4.1888,0.28493,0.19773,4.1677,0.27537,0.23056,4.1654,0.22206,0.19433,4.1786,0.074694,0.15536,4.1886,0.069364,0.12906,4.1888,0.061192,0.11207,4.1891,0.059711,0.10558
4.204,0.29203,0.006889,4.2098,0.26657,0.012937,4.2089,0.39041,0.1823,4.2097,0.28589,0.19793,4.1886,0.27658,0.23053,4.1862,0.22323,0.19448,4.1994,0.074708,0.15614,4.2095,0.069496,0.1297,4.2097,0.06133,0.11261,4.21,0.059904,0.10607
4.225,0.29204,0.006859,4.2308,0.26658,0.012874,4.2299,0.39128,0.18205,4.2307,0.28685,0.19812,4.2095,0.27778,0.23049,4.2072,0.22439,0.19462,4.2204,0.074722,0.15692,4.2305,0.069629,0.13033,4.2307,0.061469,0.11315,4.231,0.060099,0.10657
4.2461,0.29205,0.0068281,4.2519,0.2666,0.012812,4.251,0.39215,0.18179,4.2518,0.28782,0.19831,4.2306,0.27898,0.23043,4.2282,0.22556,0.19475,4.2415,0.074736,0.1577,4.2516,0.069764,0.13097,4.2518,0.061609,0.1137,4.2521,0.060296,0.10706
4.2673,0.29205,0.0067957,4.2732,0.26661,0.01275,4.2722,0.39302,0.18153,4.2731,0.28879,0.19849,4.2517,0.28016,0.23036,4.2494,0.22673,0.19486,4.2627,0.07475,0.15849,4.2728,0.0699,0.13161,4.273,0.061751,0.11425,4.2733,0.060495,0.10756
4.2886,0.29206,0.0067615,4.2945,0.26663,0.012688,4.2935,0.39388,0.18127,4.2944,0.28976,0.19867,4.273,0.28134,0.23028,4.2707,0.2279,0.19496,4.284,0.074764,0.15928,4.2942,0.070038,0.13225,4.2943,0.061894,0.1148,4.2946,0.060696,0.10806
4.31,0.29207,0.0067259,4.3159,0.26664,0.012627,4.3149,0.39474,0.181,4.3158,0.29073,0.19884,4.2944,0.28251,0.23018,4.292,0.22908,0.19504,4.3054,0.074779,0.16007,4.3156,0.070177,0.1329,4.3158,0.062038,0.11536,4.316,0.060898,0.10856
4.3315,0.29208,0.0066891,4.3374,0.26665,0.012565,4.3364,0.3956,0.18073,4.3373,0.29171,0.19901,4.3159,0.28367,0.23008,4.3135,0.23025,0.19511,4.3269,0.074793,0.16087,4.3371,0.070317,0.13355,4.3373,0.062184,0.11591,4.3376,0.061103,0.10906
4.3532,0.29208,0.0066516,4.3591,0.26667,0.012505,4.3581,0.39646,0.18045,4.359,0.29269,0.19917,4.3375,0.28482,0.22995,4.3351,0.23142,0.19516,4.3485,0.074808,0.16168,4.3587,0.070458,0.1342,4.3589,0.062332,0.11647,4.3592,0.061309,0.10956
4.3749,0.29209,0.0066136,4.3808,0.26668,0.012444,4.3798,0.39731,0.18017,4.3807,0.29366,0.19933,4.3592,0.28596,0.22982,4.3568,0.23259,0.1952,4.3702,0.074822,0.16248,4.3805,0.070602,0.13486,4.3807,0.06248,0.11704,4.3809,0.061517,0.11007
4.3967,0.29209,0.0065757,4.4027,0.26669,0.012384,4.4017,0.39816,0.17989,4.4026,0.29464,0.19949,4.381,0.28709,0.22967,4.3786,0.23376,0.19522,4.3921,0.074837,0.16329,4.4023,0.070746,0.13551,4.4025,0.062631,0.1176,4.4028,0.061728,0.11058
4.4187,0.29209,0.0065387,4.4246,0.2667,0.012324,4.4236,0.39901,0.1796,4.4245,0.29562,0.19964,4.4029,0.28821,0.22951,4.4005,0.23493,0.19523,4.414,0.074852,0.16411,4.4243,0.070892,0.13618,4.4245,0.062782,0.11817,4.4248,0.06194,0.11109
4.4407,0.29209,0.0065035,4.4467,0.26672,0.012264,4.4457,0.39986,0.17932,4.4466,0.29661,0.19978,4.4249,0.28932,0.22934,4.4225,0.2361,0.19522,4.436,0.074867,0.16493,4.4464,0.071039,0.13684,4.4466,0.062935,0.11874,4.4468,0.062154,0.1116
4.4629,0.29209,0.0064702,4.4689,0.26673,0.012205,4.4679,0.4007,0.17902,4.4688,0.29759,0.19992,4.4471,0.29041,0.22916,4.4447,0.23726,0.1952,4.4582,0.074883,0.16575,4.4686,0.071188,0.13751,4.4687,0.06309,0.11931,4.469,0.06237,0.11211
4.4852,0.29208,0.0064388,4.4912,0.26674,0.012145,4.4902,0.40154,0.17873,4.4911,0.29858,0.20006,4.4693,0.29149,0.22897,4.4669,0.23842,0.19517,4.4805,0.074898,0.16658,4.4908,0.071338,0.13818,4.491,0.063246,0.11989,4.4913,0.062589,0.11263
4.5076,0.29208,0.0064093,4.5136,0.26675,0.012087,4.5126,0.40238,0.17843,4.5135,0.29956,0.20019,4.4917,0.29256,0.22876,4.4893,0.23958,0.19512,4.5029,0.074913,0.16741,4.5133,0.07149,0.13886,4.5134,0.063404,0.12046,4.5137,0.062809,0.11315
4.5301,0.29208,0.0063817,4.5361,0.26677,0.012028,4.5351,0.40322,0.17812,4.536,0.30055,0.20032,4.5141,0.29362,0.22855,4.5117,0.24074,0.19505,4.5254,0.074929,0.16825,4.5358,0.071644,0.13953,4.5359,0.063563,0.12104,4.5362,0.063031,0.11367
4.5527,0.29208,0.0063555,4.5587,0.26678,0.01197,4.5577,0.40405,0.17782,4.5586,0.30154,0.20044,4.5367,0.29466,0.22832,4.5343,0.24189,0.19497,4.548,0.074945,0.16909,4.5584,0.071799,0.14021,4.5586,0.063724,0.12163,4.5589,0.063256,0.11419
4.5754,0.29209,0.0063299,4.5815,0.26679,0.011912,4.5805,0.40488,0.17751,4.5814,0.30253,0.20055,4.5594,0.29569,0.22809,4.557,0.24303,0.19488,4.5707,0.074961,0.16993,4.5811,0.071955,0.1409,4.5813,0.063886,0.12221,4.5816,0.063482,0.11471
4.5983,0.29209,0.0063038,4.6043,0.2668,0.011854,4.6033,0.40571,0.17719,4.6042,0.30353,0.20067,4.5822,0.29671,0.22785,4.5798,0.24417,0.19477,4.5935,0.074977,0.17078,4.604,0.072113,0.14159,4.6042,0.06405,0.1228,4.6045,0.063711,0.11524
4.6212,0.2921,0.0062767,4.6273,0.26681,0.011796,4.6263,0.40653,0.17688,4.6272,0.30452,0.20077,4.6051,0.29771,0.22759,4.6027,0.24531,0.19465,4.6165,0.074993,0.17163,4.627,0.072273,0.14228,4.6271,0.064215,0.12339,4.6274,0.063942,0.11577
4.6443,0.29211,0.0062483,4.6504,0.26683,0.011739,4.6494,0.40735,0.17656,4.6503,0.30551,0.20088,4.6282,0.29869,0.22733,4.6257,0.24644,0.19451,4.6395,0.075009,0.17249,4.65,0.072434,0.14297,4.6502,0.064383,0.12399,4.6505,0.064174,0.1163
4.6675,0.29211,0.0062181,4.6736,0.26684,0.011682,4.6726,0.40817,0.17623,4.6735,0.30651,0.20097,4.6513,0.29966,0.22707,4.6489,0.24756,0.19436,4.6627,0.075025,0.17335,4.6732,0.072597,0.14367,4.6734,0.064551,0.12458,4.6737,0.064409,0.11683
4.6908,0.29212,0.0061858,4.6969,0.26685,0.011625,4.6959,0.40898,0.17591,4.6968,0.30751,0.20106,4.6746,0.30062,0.22679,4.6722,0.24868,0.19419,4.686,0.075042,0.17422,4.6965,0.072761,0.14437,4.6967,0.064722,0.12518,4.697,0.064647,0.11736
4.7142,0.29213,0.0061515,4.7203,0.26686,0.011569,4.7193,0.4098,0.17558,4.7202,0.3085,0.20115,4.698,0.30155,0.22651,4.6955,0.24979,0.19402,4.7094,0.075058,0.17509,4.72,0.072927,0.14507,4.7202,0.064894,0.12578,4.7204,0.064886,0.1179
4.7377,0.29214,0.0061158,4.7439,0.26687,0.011513,4.7428,0.41061,0.17525,4.7438,0.3095,0.20123,4.7215,0.30247,0.22622,4.719,0.25089,0.19382,4.7329,0.075075,0.17596,4.7435,0.073095,0.14578,4.7437,0.065067,0.12639,4.744,0.065128,0.11844
4.7614,0.29214,0.0060797,4.7675,0.26688,0.011457,4.7665,0.41141,0.17491,4.7674,0.3105,0.20131,4.7451,0.30338,0.22593,4.7427,0.25199,0.19362,4.7566,0.075092,0.17684,4.7672,0.073264,0.14649,4.7674,0.065243,0.12699,4.7677,0.065371,0.11897
4.7852,0.29214,0.006044,4.7913,0.26689,0.011401,4.7903,0.41221,0.17457,4.7912,0.3115,0.20138,4.7689,0.30427,0.22563,4.7664,0.25308,0.1934,4.7803,0.075109,0.17773,4.791,0.073435,0.1472,4.7912,0.06542,0.1276,4.7914,0.065618,0.11952
4.8091,0.29214,0.0060092,4.8152,0.2669,0.011345,4.8142,0.41301,0.17423,4.8151,0.3125,0.20145,4.7927,0.30514,0.22532,4.7902,0.25416,0.19317,4.8042,0.075126,0.17861,4.8149,0.073608,0.14792,4.8151,0.065599,0.12822,4.8153,0.065866,0.12006
4.8331,0.29214,0.0059761,4.8392,0.26692,0.01129,4.8382,0.41381,0.17388,4.8391,0.3135,0.20152,4.8167,0.30599,0.22502,4.8142,0.25523,0.19292,4.8282,0.075144,0.17951,4.8389,0.073783,0.14864,4.8391,0.065779,0.12883,4.8394,0.066117,0.12061
4.8572,0.29213,0.0059456,4.8634,0.26693,0.011235,4.8623,0.41461,0.17354,4.8633,0.31451,0.20157,4.8408,0.30682,0.22471,4.8383,0.25629,0.19267,4.8523,0.075161,0.1804,4.863,0.073959,0.14936,4.8632,0.065962,0.12945,4.8635,0.066369,0.12115
4.8814,0.29213,0.0059179,4.8876,0.26694,0.01118,4.8866,0.4154,0.17319,4.8875,0.31551,0.20163,4.865,0.30764,0.22439,4.8625,0.25734,0.1924,4.8766,0.075179,0.18131,4.8873,0.074137,0.15009,4.8875,0.066146,0.13007,4.8878,0.066625,0.1217
4.9058,0.29213,0.0058925,4.912,0.26695,0.011126,4.911,0.41618,0.17283,4.9119,0.31651,0.20167,4.8893,0.30844,0.22408,4.8868,0.25839,0.19211,4.9009,0.075197,0.18221,4.9117,0.074317,0.15082,4.9119,0.066332,0.13069,4.9122,0.066882,0.12225
4.9303,0.29213,0.0058686,4.9365,0.26696,0.011071,4.9355,0.41697,0.17248,4.9364,0.31752,0.20172,4.9138,0.30922,0.22376,4.9113,0.25942,0.19182,4.9254,0.075215,0.18312,4.9362,0.074499,0.15155,4.9364,0.066519,0.13132,4.9367,0.067142,0.12281
4.9549,0.29213,0.0058457,4.9611,0.26697,0.011017,4.9601,0.41775,0.17212,4.961,0.31852,0.20175,4.9384,0.30998,0.22344,4.9359,0.26045,0.19151,4.95,0.075233,0.18404,4.9608,0.074682,0.15229,4.961,0.066709,0.13195,4.9613,0.067405,0.12336
4.9797,0.29213,0.0058232,4.9859,0.26698,0.010963,4.9849,0.41853,0.17175,4.9858,0.31953,0.20179,4.9631,0.31073,0.22312,4.9606,0.26146,0.19119,4.9747,0.075251,0.18496,4.9856,0.074867,0.15303,4.9857,0.0669,0.13258,4.986,0.067669,0.12392
5.0045,0.29214,0.0057996,5.0108,0.26699,0.01091,5.0097,0.4193,0.17139,5.0107,0.32053,0.20181,4.9879,0.31145,0.2228,4.9854,0.26246,0.19086,4.9996,0.075269,0.18588,5.0104,0.075055,0.15377,5.0106,0.067094,0.13321,5.0109,0.067936,0.12448
5.0295,0.29215,0.005774,5.0358,0.267,0.010856,5.0347,0.42007,0.17102,5.0357,0.32154,0.20184,5.0129,0.31216,0.22249,5.0104,0.26345,0.19051,5.0246,0.075288,0.18681,5.0354,0.075244,0.15452,5.0356,0.067289,0.13385,5.0359,0.068206,0.12504
5.0546,0.29216,0.0057458,5.0609,0.26701,0.010803,5.0598,0.42084,0.17065,5.0608,0.32255,0.20185,5.0379,0.31285,0.22217,5.0354,0.26443,0.19016,5.0497,0.075306,0.18775,5.0605,0.075435,0.15527,5.0607,0.067486,0.13449,5.061,0.068478,0.1256
5.0798,0.29217,0.0057155,5.0861,0.26702,0.010751,5.0851,0.42161,0.17028,5.086,0.32355,0.20186,5.0632,0.31352,0.22186,5.0606,0.2654,0.18979,5.0749,0.075325,0.18868,5.0858,0.075627,0.15602,5.086,0.067685,0.13513,5.0863,0.068753,0.12617
5.1052,0.29217,0.0056829,5.1115,0.26703,0.010698,5.1105,0.42237,0.1699,5.1114,0.32456,0.20187,5.0885,0.31417,0.22155,5.086,0.26635,0.18941,5.1002,0.075344,0.18963,5.1112,0.075822,0.15678,5.1113,0.067886,0.13578,5.1116,0.06903,0.12674
5.1307,0.29218,0.0056485,5.137,0.26704,0.010646,5.136,0.42313,0.16952,5.1369,0.32557,0.20187,5.1139,0.3148,0.22124,5.1114,0.26729,0.18902,5.1257,0.075363,0.19058,5.1367,0.076019,0.15754,5.1368,0.068089,0.13643,5.1371,0.069309,0.1273
5.1563,0.29218,0.0056135,5.1626,0.26705,0.010594,5.1616,0.42388,0.16914,5.1625,0.32657,0.20187,5.1395,0.31541,0.22094,5.137,0.26821,0.18862,5.1513,0.075383,0.19153,5.1623,0.076218,0.15831,5.1625,0.068294,0.13708,5.1628,0.069591,0.12787
5.182,0.29218,0.0055793,5.1884,0.26706,0.010543,5.1873,0.42463,0.16876,5.1883,0.32758,0.20186,5.1652,0.316,0.22065,5.1627,0.26913,0.18821,5.1771,0.075402,0.19249,5.188,0.076418,0.15907,5.1882,0.0685,0.13773,5.1885,0.069876,0.12845
5.2079,0.29218,0.0055469,5.2143,0.26706,0.010491,5.2132,0.42538,0.16837,5.2142,0.32859,0.20185,5.1911,0.31658,0.22035,5.1885,0.27002,0.18778,5.2029,0.075422,0.19345,5.2139,0.076621,0.15984,5.2141,0.068709,0.13839,5.2144,0.070163,0.12902
5.2339,0.29217,0.005517,5.2403,0.26707,0.01044,5.2392,0.42613,0.16798,5.2402,0.32959,0.20183,5.217,0.31714,0.22007,5.2145,0.2709,0.18735,5.2289,0.075441,0.19442,5.2399,0.076826,0.16062,5.2401,0.06892,0.13905,5.2404,0.070453,0.1296
5.26,0.29217,0.00549,5.2664,0.26708,0.010389,5.2654,0.42687,0.16759,5.2663,0.3306,0.20181,5.2431,0.31768,0.21979,5.2406,0.27176,0.18691,5.255,0.075461,0.19539,5.2661,0.077033,0.1614,5.2663,0.069133,0.13971,5.2666,0.070745,0.13018
5.2863,0.29217,0.0054663,5.2927,0.26709,0.010339,5.2916,0.42761,0.1672,5.2926,0.33161,0.20178,5.2694,0.3182,0.21952,5.2668,0.27261,0.18646,5.2813,0.075481,0.19637,5.2923,0.077241,0.16218,5.2925,0.069348,0.14037,5.2928,0.07104,0.13076
5.3127,0.29216,0.0054452,5.3191,0.2671,0.010288,5.318,0.42834,0.1668,5.319,0.33261,0.20174,5.2957,0.3187,0.21926,5.2932,0.27344,0.186,5.3077,0.075502,0.19735,5.3187,0.077452,0.16297,5.3189,0.069565,0.14104,5.3192,0.071338,0.13134
5.3392,0.29216,0.0054253,5.3456,0.26711,0.010238,5.3446,0.42907,0.1664,5.3455,0.33362,0.2017,5.3222,0.31919,0.21901,5.3197,0.27425,0.18554,5.3342,0.075522,0.19834,5.3453,0.077665,0.16375,5.3455,0.069785,0.14171,5.3458,0.071638,0.13193
5.3659,0.29217,0.0054054,5.3723,0.26712,0.010188,5.3712,0.4298,0.166,5.3722,0.33462,0.20166,5.3489,0.31965,0.21877,5.3463,0.27504,0.18507,5.3608,0.075543,0.19933,5.3719,0.07788,0.16455,5.3721,0.070006,0.14239,5.3724,0.071941,0.13251
5.3927,0.29217,0.0053845,5.3991,0.26713,0.010139,5.398,0.43052,0.1656,5.399,0.33563,0.20161,5.3756,0.3201,0.21853,5.373,0.27581,0.18459,5.3876,0.075563,0.20033,5.3987,0.078098,0.16534,5.3989,0.070229,0.14306,5.3992,0.072247,0.1331
5.4196,0.29218,0.0053616,5.426,0.26714,0.010089,5.425,0.43124,0.16519,5.4259,0.33663,0.20156,5.4025,0.32054,0.21831,5.3999,0.27657,0.18411,5.4145,0.075584,0.20133,5.4257,0.078317,0.16614,5.4259,0.070455,0.14374,5.4262,0.072556,0.13369
5.4466,0.29219,0.0053355,5.4531,0.26714,0.01004,5.452,0.43196,0.16479,5.453,0.33763,0.2015,5.4295,0.32095,0.2181,5.4269,0.2773,0.18362,5.4416,0.075605,0.20234,5.4527,0.078539,0.16695,5.4529,0.070683,0.14443,5.4532,0.072867,0.13428
5.4738,0.2922,0.005306,5.4803,0.26715,0.0099911,5.4792,0.43267,0.16438,5.4802,0.33864,0.20143,5.4567,0.32135,0.21791,5.4541,0.27802,0.18313,5.4688,0.075627,0.20335,5.4799,0.078763,0.16775,5.4801,0.070913,0.14511,5.4804,0.073181,0.13488
5.5012,0.29221,0.0052742,5.5076,0.26716,0.0099423,5.5066,0.43338,0.16397,5.5075,0.33964,0.20136,5.484,0.32174,0.21772,5.4814,0.27872,0.18264,5.4961,0.075648,0.20437,5.5073,0.078989,0.16856,5.5075,0.071145,0.1458,5.5078,0.073498,0.13547
5.5286,0.29221,0.005241,5.5351,0.26717,0.0098938,5.534,0.43409,0.16355,5.535,0.34064,0.20129,5.5114,0.3221,0.21755,5.5088,0.27939,0.18214,5.5235,0.07567,0.2054,5.5348,0.079217,0.16938,5.535,0.07138,0.14649,5.5352,0.073818,0.13607
5.5562,0.29221,0.0052074,5.5627,0.26718,0.0098454,5.5616,0.43479,0.16314,5.5626,0.34164,0.20121,5.539,0.32246,0.2174,5.5364,0.28005,0.18164,5.5511,0.075691,0.20642,5.5624,0.079447,0.17019,5.5626,0.071616,0.14719,5.5629,0.07414,0.13667
5.584,0.29221,0.0051751,5.5905,0.26719,0.0097973,5.5894,0.43549,0.16272,5.5904,0.34264,0.20112,5.5667,0.32279,0.21726,5.5641,0.28068,0.18115,5.5789,0.075713,0.20746,5.5901,0.07968,0.17102,5.5903,0.071855,0.14788,5.5906,0.074466,0.13727
5.6118,0.29221,0.0051456,5.6184,0.26719,0.0097495,5.6173,0.43618,0.1623,5.6182,0.34364,0.20103,5.5946,0.32312,0.21713,5.5919,0.2813,0.18065,5.6067,0.075736,0.2085,5.618,0.079915,0.17184,5.6182,0.072097,0.14858,5.6185,0.074794,0.13788
5.6399,0.2922,0.0051198,5.6464,0.2672,0.0097018,5.6453,0.43688,0.16188,5.6463,0.34464,0.20094,5.6225,0.32342,0.21702,5.6199,0.2819,0.18016,5.6347,0.075758,0.20954,5.646,0.080153,0.17267,5.6462,0.07234,0.14928,5.6465,0.075126,0.13848
5.668,0.2922,0.0050973,5.6745,0.26721,0.0096544,5.6735,0.43756,0.16146,5.6744,0.34563,0.20084,5.6507,0.32372,0.21693,5.6481,0.28248,0.17967,5.6629,0.07578,0.21059,5.6742,0.080393,0.1735,5.6744,0.072586,0.14999,5.6747,0.07546,0.13909
5.6963,0.29219,0.0050779,5.7029,0.26722,0.0096071,5.7018,0.43825,0.16103,5.7027,0.34663,0.20073,5.6789,0.324,0.21685,5.6763,0.28304,0.17918,5.6912,0.075803,0.21165,5.7025,0.080635,0.17434,5.7027,0.072835,0.1507,5.703,0.075797,0.1397
5.7248,0.29219,0.0050606,5.7313,0.26723,0.0095601,5.7302,0.43893,0.16061,5.7312,0.34762,0.20063,5.7074,0.32426,0.21679,5.7047,0.28358,0.17869,5.7196,0.075826,0.21271,5.731,0.08088,0.17518,5.7311,0.073086,0.15141,5.7315,0.076137,0.14031
5.7533,0.2922,0.0050436,5.7599,0.26723,0.0095133,5.7588,0.43961,0.16018,5.7598,0.34862,0.20051,5.7359,0.32452,0.21675,5.7333,0.2841,0.17821,5.7482,0.075849,0.21377,5.7595,0.081127,0.17602,5.7597,0.073339,0.15213,5.76,0.076481,0.14092
5.7821,0.2922,0.0050249,5.7886,0.26724,0.0094667,5.7875,0.44028,0.15975,5.7885,0.34961,0.20039,5.7646,0.32476,0.21673,5.762,0.2846,0.17774,5.7769,0.075873,0.21485,5.7883,0.081376,0.17687,5.7885,0.073594,0.15284,5.7888,0.076827,0.14154
5.8109,0.29221,0.0050034,5.8175,0.26725,0.0094203,5.8164,0.44095,0.15931,5.8174,0.3506,0.20027,5.7934,0.32499,0.21673,5.7908,0.28509,0.17726,5.8057,0.075896,0.21592,5.8172,0.081628,0.17772,5.8174,0.073852,0.15356,5.8177,0.077176,0.14215
5.8399,0.29222,0.0049784,5.8465,0.26726,0.0093742,5.8454,0.44162,0.15888,5.8464,0.35159,0.20014,5.8224,0.32521,0.21675,5.8198,0.28556,0.1768,5.8347,0.07592,0.21701,5.8462,0.081882,0.17857,5.8464,0.074113,0.15429,5.8467,0.077529,0.14277
5.8691,0.29223,0.0049497,5.8757,0.26726,0.0093282,5.8746,0.44228,0.15845,5.8756,0.35258,0.2,5.8516,0.32542,0.21679,5.8489,0.28601,0.17634,5.8639,0.075944,0.21809,5.8753,0.082139,0.17943,5.8755,0.074376,0.15501,5.8758,0.077884,0.14339
5.8984,0.29224,0.0049179,5.905,0.26727,0.0092824,5.9039,0.44294,0.15801,5.9049,0.35356,0.19986,5.8808,0.32562,0.21685,5.8782,0.28645,0.17588,5.8932,0.075968,0.21919,5.9046,0.082399,0.18029,5.9048,0.074641,0.15574,5.9052,0.078243,0.14401
5.9278,0.29224,0.004885,5.9345,0.26728,0.0092369,5.9334,0.4436,0.15757,5.9344,0.35455,0.19972,5.9102,0.32582,0.21693,5.9076,0.28686,0.17544,5.9226,0.075992,0.22029,5.9341,0.082661,0.18116,5.9343,0.074909,0.15647,5.9346,0.078604,0.14464
5.9574,0.29224,0.0048528,5.9641,0.26729,0.0091915,5.963,0.44425,0.15713,5.964,0.35553,0.19957,5.9398,0.326,0.21703,5.9371,0.28727,0.175,5.9522,0.076017,0.22139,5.9637,0.082925,0.18203,5.9639,0.075179,0.15721,5.9642,0.078969,0.14526
5.9872,0.29224,0.0048227,5.9938,0.26729,0.0091465,5.9927,0.4449,0.15669,5.9937,0.35651,0.19942,5.9695,0.32617,0.21716,5.9669,0.28765,0.17456,5.9819,0.076042,0.2225,5.9935,0.083193,0.1829,5.9937,0.075452,0.15795,5.994,0.079338,0.14589
6.0171,0.29223,0.0047964,6.0237,0.2673,0.0091016,6.0226,0.44554,0.15625,6.0236,0.3575,0.19926,5.9994,0.32634,0.2173,5.9967,0.28802,0.17414,6.0118,0.076067,0.22362,6.0234,0.083462,0.18378,6.0236,0.075728,0.15869,6.0239,0.079709,0.14652
6.0471,0.29222,0.0047747,6.0538,0.26731,0.009057,6.0527,0.44618,0.1558,6.0537,0.35847,0.1991,6.0294,0.3265,0.21747,6.0267,0.28838,0.17372,6.0419,0.076092,0.22474,6.0534,0.083735,0.18466,6.0536,0.076006,0.15943,6.0539,0.080083,0.14715
6.0773,0.29222,0.0047568,6.084,0.26731,0.0090126,6.0829,0.44682,0.15536,6.0839,0.35945,0.19893,6.0596,0.32665,0.21767,6.0569,0.28871,0.17331,6.072,0.076118,0.22587,6.0836,0.08401,0.18555,6.0838,0.076287,0.16018,6.0841,0.080461,0.14778
6.1076,0.29222,0.0047413,6.1143,0.26732,0.0089684,6.1132,0.44746,0.15491,6.1142,0.36042,0.19876,6.0899,0.3268,0.21789,6.0872,0.28903,0.17291,6.1024,0.076144,0.227,6.114,0.084288,0.18644,6.1142,0.076571,0.16093,6.1145,0.080842,0.14842
6.1381,0.29222,0.0047266,6.1448,0.26733,0.0089244,6.1437,0.44809,0.15446,6.1447,0.3614,0.19858,6.1204,0.32694,0.21813,6.1177,0.28934,0.17251,6.1329,0.07617,0.22814,6.1445,0.084568,0.18733,6.1447,0.076857,0.16168,6.145,0.081227,0.14905
6.1688,0.29223,0.0047106,6.1755,0.26734,0.0088807,6.1744,0.44872,0.15401,6.1754,0.36237,0.1984,6.151,0.32708,0.2184,6.1483,0.28963,0.17213,6.1635,0.076196,0.22929,6.1751,0.084852,0.18822,6.1753,0.077146,0.16244,6.1756,0.081614,0.14969
6.1996,0.29224,0.0046911,6.2063,0.26734,0.0088371,6.2052,0.44934,0.15356,6.2062,0.36334,0.19822,6.1817,0.32722,0.21869,6.179,0.2899,0.17175,6.1943,0.076223,0.23044,6.2059,0.085138,0.18913,6.2061,0.077437,0.1632,6.2064,0.082005,0.15033
6.2305,0.29225,0.0046671,6.2372,0.26735,0.0087937,6.2361,0.44996,0.15311,6.2371,0.3643,0.19803,6.2127,0.32735,0.21901,6.21,0.29016,0.17139,6.2252,0.076249,0.2316,6.2369,0.085427,0.19003,6.2371,0.077732,0.16396,6.2374,0.0824,0.15097
6.2616,0.29225,0.0046393,6.2683,0.26736,0.0087505,6.2672,0.45058,0.15266,6.2682,0.36527,0.19783,6.2437,0.32748,0.21935,6.241,0.2904,0.17104,6.2563,0.076277,0.23276,6.268,0.085718,0.19094,6.2682,0.078029,0.16473,6.2685,0.082798,0.15161
6.2929,0.29226,0.0046084,6.2996,0.26736,0.0087074,6.2985,0.45119,0.1522,6.2995,0.36623,0.19763,6.275,0.32761,0.21972,6.2723,0.29062,0.1707,6.2876,0.076304,0.23393,6.2993,0.086013,0.19185,6.2995,0.078329,0.1655,6.2998,0.083199,0.15226
6.3243,0.29226,0.0045761,6.331,0.26737,0.0086645,6.3299,0.4518,0.15175,6.3309,0.36719,0.19743,6.3064,0.32774,0.22012,6.3037,0.29083,0.17037,6.319,0.076332,0.23511,6.3307,0.08631,0.19277,6.3309,0.078631,0.16627,6.3312,0.083604,0.1529
6.3559,0.29226,0.0045453,6.3626,0.26738,0.0086217,6.3615,0.4524,0.15129,6.3625,0.36815,0.19722,6.3379,0.32786,0.22054,6.3352,0.29102,0.17005,6.3506,0.07636,0.23629,6.3623,0.08661,0.19369,6.3625,0.078937,0.16704,6.3628,0.084012,0.15355
6.3876,0.29225,0.004518,6.3944,0.26738,0.0085792,6.3933,0.45301,0.15083,6.3943,0.36911,0.19701,6.3696,0.32799,0.22099,6.3669,0.29119,0.16975,6.3823,0.076388,0.23748,6.394,0.086914,0.19461,6.3942,0.079245,0.16782,6.3945,0.084423,0.1542
6.4195,0.29224,0.0044952,6.4263,0.26739,0.0085367,6.4251,0.45361,0.15037,6.4262,0.37006,0.1968,6.4015,0.32812,0.22147,6.3988,0.29135,0.16947,6.4142,0.076416,0.23867,6.4259,0.08722,0.19554,6.4261,0.079556,0.1686,6.4264,0.084838,0.15485
6.4515,0.29224,0.0044773,6.4583,0.26739,0.0084945,6.4572,0.4542,0.14991,6.4582,0.37102,0.19658,6.4335,0.32826,0.22197,6.4308,0.2915,0.1692,6.4462,0.076445,0.23987,6.458,0.087529,0.19647,6.4582,0.079871,0.16938,6.4585,0.085257,0.1555
6.4838,0.29223,0.0044635,6.4905,0.2674,0.0084525,6.4894,0.45479,0.14945,6.4904,0.37197,0.19635,6.4657,0.32839,0.22251,6.463,0.29162,0.16895,6.4784,0.076474,0.24108,6.4902,0.087841,0.1974,6.4904,0.080188,0.17017,6.4907,0.085679,0.15616
6.5161,0.29224,0.0044511,6.5229,0.26741,0.0084107,6.5218,0.45538,0.14899,6.5228,0.37291,0.19613,6.4981,0.32853,0.22307,6.4953,0.29174,0.16871,6.5108,0.076504,0.24229,6.5226,0.088156,0.19834,6.5228,0.080508,0.17096,6.5231,0.086104,0.15681
6.5487,0.29224,0.0044375,6.5555,0.26741,0.008369,6.5543,0.45596,0.14852,6.5554,0.37386,0.19589,6.5306,0.32868,0.22366,6.5278,0.29184,0.1685,6.5433,0.076534,0.24351,6.5551,0.088474,0.19929,6.5553,0.080831,0.17175,6.5556,0.086534,0.15747
6.5813,0.29225,0.0044208,6.5882,0.26742,0.0083276,6.587,0.45654,0.14806,6.5881,0.3748,0.19566,6.5632,0.32883,0.22427,6.5605,0.29193,0.1683,6.576,0.076564,0.24473,6.5878,0.088796,0.20023,6.588,0.081157,0.17255,6.5883,0.086966,0.15813
6.6142,0.29226,0.0043992,6.621,0.26742,0.0082865,6.6199,0.45712,0.14759,6.6209,0.37574,0.19542,6.5961,0.32899,0.22492,6.5933,0.29201,0.16813,6.6088,0.076594,0.24596,6.6207,0.08912,0.20118,6.6209,0.081486,0.17335,6.6212,0.087403,0.15879
6.6472,0.29227,0.0043724,6.6541,0.26743,0.0082455,6.6529,0.45769,0.14713,6.6539,0.37668,0.19517,6.6291,0.32915,0.22559,6.6263,0.29208,0.16797,6.6418,0.076625,0.2472,6.6537,0.089447,0.20214,6.6539,0.081818,0.17415,6.6542,0.087842,0.15945
6.6804,0.29228,0.004342,6.6872,0.26743,0.0082047,6.6861,0.45826,0.14666,6.6871,0.37762,0.19493,6.6622,0.32932,0.2263,6.6595,0.29214,0.16784,6.675,0.076656,0.24845,6.6869,0.089778,0.2031,6.6871,0.082154,0.17496,6.6874,0.088286,0.16011
6.7138,0.29228,0.0043105,6.7206,0.26744,0.0081641,6.7195,0.45883,0.14619,6.7205,0.37855,0.19468,6.6956,0.32951,0.22703,6.6928,0.29219,0.16773,6.7084,0.076688,0.2497,6.7202,0.090112,0.20406,6.7204,0.082492,0.17576,6.7208,0.088733,0.16078
6.7473,0.29228,0.0042802,6.7541,0.26745,0.0081238,6.753,0.45939,0.14572,6.754,0.37949,0.19442,6.7291,0.3297,0.22779,6.7263,0.29223,0.16764,6.7419,0.076719,0.25095,6.7538,0.090449,0.20503,6.754,0.082834,0.17658,6.7543,0.089184,0.16144
6.781,0.29227,0.0042542,6.7878,0.26745,0.0080836,6.7867,0.45995,0.14525,6.7877,0.38042,0.19416,6.7627,0.3299,0.22859,6.76,0.29227,0.16757,6.7756,0.076752,0.25222,6.7875,0.090789,0.206,6.7877,0.083178,0.17739,6.788,0.089638,0.16211
6.8148,0.29226,0.004234,6.8217,0.26746,0.0080436,6.8206,0.4605,0.14478,6.8216,0.38134,0.1939,6.7966,0.33012,0.22941,6.7938,0.2923,0.16752,6.8094,0.076784,0.25349,6.8213,0.091133,0.20698,6.8215,0.083526,0.17821,6.8218,0.090096,0.16278
6.8488,0.29225,0.0042189,6.8557,0.26746,0.0080038,6.8546,0.46105,0.14431,6.8556,0.38227,0.19363,6.8306,0.33034,0.23026,6.8278,0.29232,0.1675,6.8434,0.076817,0.25477,6.8554,0.091479,0.20796,6.8556,0.083878,0.17903,6.8559,0.090558,0.16345
6.883,0.29225,0.0042077,6.8899,0.26747,0.0079643,6.8888,0.4616,0.14384,6.8898,0.38319,0.19336,6.8647,0.33058,0.23114,6.862,0.29234,0.1675,6.8776,0.07685,0.25605,6.8895,0.09183,0.20894,6.8898,0.084232,0.17985,6.8901,0.091024,0.16412
6.9174,0.29225,0.0041974,6.9243,0.26747,0.007925,6.9232,0.46214,0.14336,6.9242,0.38411,0.19308,6.8991,0.33084,0.23205,6.8963,0.29236,0.16751,6.912,0.076884,0.25734,6.9239,0.092183,0.20993,6.9241,0.08459,0.18068,6.9244,0.091493,0.1648
6.9519,0.29226,0.0041846,6.9588,0.26748,0.0078859,6.9577,0.46268,0.14289,6.9587,0.38503,0.19281,6.9336,0.33111,0.233,6.9308,0.29238,0.16755,6.9465,0.076918,0.25864,6.9585,0.09254,0.21092,6.9587,0.084951,0.18151,6.959,0.091965,0.16547
6.9866,0.29227,0.0041669,6.9935,0.26748,0.007847,6.9924,0.46322,0.14242,6.9934,0.38594,0.19252,6.9683,0.3314,0.23397,6.9655,0.2924,0.16761,6.9812,0.076953,0.25994,6.9932,0.0929,0.21191,6.9934,0.085315,0.18234,6.9937,0.092442,0.16615
7.0215,0.29228,0.0041437,7.0284,0.26749,0.0078084,7.0273,0.46375,0.14194,7.0283,0.38686,0.19224,7.0031,0.33171,0.23497,7.0003,0.29241,0.1677,7.0161,0.076987,0.26125,7.0281,0.093264,0.21291,7.0283,0.085683,0.18318,7.0286,0.092922,0.16683
7.0566,0.29229,0.004115,7.0635,0.26749,0.00777,7.0624,0.46428,0.14147,7.0634,0.38777,0.19195,7.0382,0.33203,0.236,7.0354,0.29243,0.1678,7.0511,0.077023,0.26257,7.0631,0.093631,0.21392,7.0633,0.086054,0.18402,7.0637,0.093406,0.1675
7.0918,0.2923,0.0040838,7.0987,0.2675,0.0077319,7.0976,0.4648,0.14099,7.0986,0.38868,0.19165,7.0734,0.33238,0.23706,7.0706,0.29244,0.16792,7.0863,0.077058,0.26389,7.0984,0.094002,0.21493,7.0986,0.086428,0.18486,7.0989,0.093894,0.16818
7.1272,0.29229,0.0040537,7.1341,0.2675,0.0076941,7.133,0.46532,0.14052,7.134,0.38958,0.19136,7.1088,0.33275,0.23816,7.106,0.29245,0.16806,7.1217,0.077095,0.26522,7.1338,0.094376,0.21594,7.134,0.086806,0.1857,7.1343,0.094386,0.16887
7.1628,0.29228,0.0040274,7.1697,0.26751,0.0076564,7.1686,0.46584,0.14004,7.1696,0.39049,0.19106,7.1443,0.33314,0.23928,7.1415,0.29246,0.16822,7.1573,0.077131,0.26656,7.1694,0.094754,0.21695,7.1696,0.087188,0.18655,7.1699,0.094881,0.16955
7.1985,0.29227,0.0040073,7.2055,0.26751,0.007619,7.2044,0.46635,0.13957,7.2054,0.39139,0.19075,7.1801,0.33355,0.24043,7.1773,0.29247,0.1684,7.1931,0.077168,0.26791,7.2051,0.095135,0.21797,7.2053,0.087573,0.1874,7.2057,0.09538,0.17023
7.2345,0.29227,0.0039937,7.2414,0.26751,0.0075818,7.2403,0.46686,0.13909,7.2413,0.39228,0.19044,7.216,0.33399,0.24161,7.2132,0.29248,0.1686,7.229,0.077206,0.26926,7.2411,0.09552,0.219,7.2413,0.087961,0.18826,7.2416,0.095883,0.17092
7.2706,0.29226,0.0039841,7.2776,0.26752,0.0075447,7.2764,0.46737,0.13862,7.2775,0.39318,0.19013,7.2521,0.33445,0.24283,7.2493,0.29249,0.16882,7.2651,0.077243,0.27062,7.2772,0.095909,0.22003,7.2774,0.088353,0.18912,7.2777,0.09639,0.17161
7.3069,0.29227,0.0039754,7.3139,0.26752,0.0075078,7.3127,0.46787,0.13814,7.3138,0.39407,0.18981,7.2884,0.33494,0.24407,7.2856,0.29249,0.16907,7.3014,0.077282,0.27198,7.3135,0.096301,0.22106,7.3137,0.088749,0.18998,7.314,0.096901,0.1723
7.3434,0.29228,0.0039641,7.3504,0.26753,0.007471,7.3492,0.46837,0.13767,7.3502,0.39496,0.18949,7.3248,0.33546,0.24534,7.322,0.2925,0.16933,7.3379,0.077321,0.27336,7.35,0.096697,0.2221,7.3502,0.089148,0.19084,7.3505,0.097416,0.17299
7.38,0.29229,0.0039468,7.387,0.26753,0.0074344,7.3859,0.46886,0.13719,7.3869,0.39585,0.18917,7.3615,0.33601,0.24664,7.3587,0.29251,0.16962,7.3745,0.07736,0.27474,7.3867,0.097097,0.22314,7.3869,0.08955,0.19171,7.3872,0.097934,0.17368
7.4169,0.2923,0.0039229,7.4239,0.26754,0.0073979,7.4227,0.46935,0.13672,7.4238,0.39673,0.18884,7.3983,0.33659,0.24797,7.3955,0.29251,0.16993,7.4114,0.0774,0.27613,7.4235,0.0975,0.22418,7.4237,0.089957,0.19257,7.424,0.098457,0.17437
7.4539,0.29231,0.003894,7.4609,0.26754,0.0073616,7.4598,0.46984,0.13624,7.4608,0.39762,0.18851,7.4353,0.3372,0.24933,7.4325,0.29252,0.17027,7.4484,0.07744,0.27752,7.4605,0.097908,0.22523,7.4607,0.090367,0.19345,7.4611,0.098984,0.17507
7.4911,0.29231,0.0038629,7.4981,0.26755,0.0073255,7.497,0.47033,0.13577,7.498,0.39849,0.18818,7.4725,0.33785,0.25072,7.4697,0.29253,0.17063,7.4856,0.077481,0.27892,7.4978,0.098319,0.22629,7.498,0.09078,0.19432,7.4983,0.099514,0.17577
7.5285,0.2923,0.003834,7.5355,0.26755,0.0072897,7.5344,0.47081,0.13529,7.5354,0.39937,0.18784,7.5099,0.33853,0.25213,7.5071,0.29255,0.17101,7.523,0.077522,0.28033,7.5352,0.098735,0.22735,7.5354,0.091198,0.1952,7.5357,0.10005,0.17646
7.5661,0.29229,0.003811,7.5731,0.26756,0.007254,7.572,0.47129,0.13482,7.573,0.40024,0.1875,7.5475,0.33925,0.25358,7.5446,0.29256,0.17142,7.5606,0.077564,0.28175,7.5727,0.099154,0.22841,7.573,0.091619,0.19608,7.5733,0.10059,0.17716
7.6039,0.29228,0.0037948,7.6109,0.26756,0.0072185,7.6097,0.47176,0.13434,7.6108,0.40111,0.18715,7.5852,0.34001,0.25505,7.5824,0.29259,0.17186,7.5983,0.077607,0.28318,7.6105,0.099577,0.22947,7.6107,0.092043,0.19697,7.6111,0.10113,0.17787
7.6418,0.29228,0.0037851,7.6489,0.26756,0.0071833,7.6477,0.47223,0.13387,7.6488,0.40198,0.1868,7.6232,0.34081,0.25655,7.6203,0.29262,0.17233,7.6363,0.07765,0.28461,7.6485,0.1,0.23054,7.6487,0.092472,0.19785,7.649,0.10168,0.17857
7.68,0.29228,0.0037784,7.687,0.26757,0.0071482,7.6859,0.4727,0.13339,7.6869,0.40285,0.18645,7.6613,0.34165,0.25807,7.6585,0.29265,0.17282,7.6745,0.077693,0.28605,7.6867,0.10044,0.23162,7.6869,0.092904,0.19874,7.6872,0.10223,0.17927
7.7183,0.29228,0.0037698,7.7254,0.26757,0.0071132,7.7242,0.47317,0.13292,7.7253,0.40371,0.1861,7.6996,0.34253,0.25962,7.6968,0.2927,0.17334,7.7128,0.077738,0.28749,7.725,0.10087,0.2327,7.7252,0.09334,0.19964,7.7255,0.10279,0.17998
7.7569,0.2923,0.003756,7.7639,0.26758,0.0070784,7.7627,0.47363,0.13245,7.7638,0.40456,0.18574,7.7381,0.34346,0.2612,7.7353,0.29276,0.17389,7.7513,0.077783,0.28895,7.7635,0.10131,0.23378,7.7637,0.09378,0.20053,7.7641,0.10335,0.18069
7.7956,0.29231,0.0037346,7.8026,0.26758,0.0070438,7.8015,0.47409,0.13197,7.8025,0.40542,0.18537,7.7769,0.34443,0.26279,7.774,0.29283,0.17446,7.79,0.077828,0.29041,7.8023,0.10175,0.23487,7.8025,0.094224,0.20143,7.8028,0.10391,0.18139
7.8345,0.29232,0.0037067,7.8416,0.26759,0.0070093,7.8404,0.47455,0.1315,7.8415,0.40627,0.18501,7.8158,0.34545,0.26442,7.8129,0.29291,0.17506,7.829,0.077874,0.29188,7.8412,0.1022,0.23596,7.8414,0.094671,0.20234,7.8417,0.10448,0.18211
7.8736,0.29232,0.0036762,7.8807,0.26759,0.0069749,7.8795,0.475,0.13103,7.8806,0.40712,0.18463,7.8549,0.34653,0.26606,7.852,0.29301,0.17569,7.8681,0.077921,0.29336,7.8803,0.10266,0.23706,7.8805,0.095122,0.20324,7.8808,0.10506,0.18282
7.9129,0.29231,0.0036472,7.92,0.2676,0.0069407,7.9188,0.47545,0.13055,7.9199,0.40796,0.18426,7.8942,0.34765,0.26773,7.8913,0.29312,0.17634,7.9074,0.077969,0.29485,7.9196,0.10311,0.23816,7.9198,0.095578,0.20415,7.9202,0.10564,0.18353
7.9524,0.2923,0.0036244,7.9595,0.2676,0.0069067,7.9583,0.4759,0.13008,7.9594,0.4088,0.18388,7.9337,0.34883,0.26942,7.9308,0.29325,0.17701,7.9469,0.078017,0.29634,7.9591,0.10357,0.23926,7.9593,0.096037,0.20506,7.9597,0.10622,0.18425
7.9921,0.29229,0.0036098,7.9992,0.2676,0.0068728,7.998,0.47634,0.12961,7.9991,0.40964,0.1835,7.9733,0.35006,0.27113,7.9705,0.2934,0.17771,7.9866,0.078066,0.29784,7.9988,0.10404,0.24037,7.999,0.096499,0.20597,7.9994,0.10681,0.18496
8.032,0.29229,0.0036016,8.0391,0.26761,0.0068391,8.0379,0.47679,0.12914,8.039,0.41048,0.18312,8.0132,0.35135,0.27285,8.0104,0.29357,0.17843,8.0265,0.078116,0.29935,8.0387,0.10451,0.24148,8.039,0.096966,0.20689,8.0393,0.1074,0.18568
8.0721,0.29229,0.0035966,8.0792,0.26761,0.0068056,8.0781,0.47722,0.12867,8.0791,0.41131,0.18273,8.0533,0.35271,0.2746,8.0505,0.29375,0.17917,8.0666,0.078167,0.30087,8.0788,0.10498,0.2426,8.0791,0.097437,0.20781,8.0794,0.108,0.1864
8.1124,0.29229,0.0035893,8.1195,0.26762,0.0067723,8.1184,0.47766,0.12819,8.1194,0.41213,0.18234,8.0936,0.35412,0.27636,8.0908,0.29396,0.17993,8.1069,0.078218,0.30239,8.1191,0.10546,0.24372,8.1194,0.097911,0.20873,8.1197,0.1086,0.18712
8.1529,0.29231,0.0035752,8.16,0.26762,0.0067392,8.1589,0.47809,0.12772,8.1599,0.41296,0.18195,8.1341,0.35559,0.27813,8.1312,0.29418,0.18071,8.1474,0.07827,0.30393,8.1596,0.10595,0.24484,8.1599,0.09839,0.20966,8.1602,0.10921,0.18784
8.1936,0.29232,0.0035532,8.2007,0.26762,0.0067062,8.1996,0.47852,0.12725,8.2006,0.41378,0.18155,8.1748,0.35713,0.27992,8.1719,0.29442,0.18151,8.1881,0.078323,0.30547,8.2004,0.10643,0.24597,8.2006,0.098872,0.21059,8.2009,0.10983,0.18857
8.2346,0.29233,0.0035246,8.2416,0.26763,0.0066733,8.2405,0.47895,0.12678,8.2415,0.41459,0.18115,8.2157,0.35874,0.28172,8.2128,0.29467,0.18233,8.229,0.078378,0.30702,8.2413,0.10693,0.2471,8.2415,0.099359,0.21152,8.2418,0.11045,0.18929
8.2757,0.29233,0.0034942,8.2828,0.26763,0.0066405,8.2816,0.47937,0.12631,8.2826,0.4154,0.18075,8.2568,0.36042,0.28352,8.2539,0.29495,0.18317,8.2701,0.078432,0.30857,8.2824,0.10742,0.24824,8.2826,0.099849,0.21246,8.2829,0.11107,0.19002
8.317,0.29232,0.0034678,8.3241,0.26764,0.0066077,8.3229,0.4798,0.12584,8.324,0.41621,0.18035,8.2981,0.36217,0.28534,8.2952,0.29524,0.18403,8.3114,0.078488,0.31014,8.3237,0.10793,0.24938,8.3239,0.10034,0.2134,8.3242,0.1117,0.19074
8.3585,0.29231,0.0034489,8.3656,0.26764,0.0065751,8.3644,0.48021,0.12537,8.3655,0.41701,0.17994,8.3396,0.364,0.28716,8.3368,0.29555,0.18491,8.3529,0.078545,0.31171,8.3652,0.10843,0.25053,8.3654,0.10084,0.21434,8.3658,0.11234,0.19147
8.4002,0.2923,0.0034388,8.4073,0.26765,0.0065425,8.4062,0.48063,0.1249,8.4072,0.41781,0.17953,8.3813,0.3659,0.28898,8.3785,0.29588,0.18582,8.3946,0.078603,0.3133,8.407,0.10895,0.25168,8.4072,0.10134,0.21528,8.4075,0.11298,0.1922
8.4422,0.29229,0.003434,8.4493,0.26765,0.00651,8.4481,0.48104,0.12443,8.4492,0.41861,0.17912,8.4233,0.36788,0.2908,8.4204,0.29623,0.18674,8.4366,0.078662,0.31489,8.4489,0.10946,0.25283,8.4491,0.10185,0.21623,8.4494,0.11363,0.19293
8.4843,0.2923,0.003429,8.4914,0.26765,0.0064776,8.4902,0.48145,0.12396,8.4913,0.4194,0.1787,8.4654,0.36994,0.29262,8.4625,0.29661,0.18769,8.4787,0.078721,0.31649,8.491,0.10998,0.25399,8.4913,0.10236,0.21718,8.4916,0.11428,0.19366
8.5267,0.29231,0.0034186,8.5338,0.26766,0.0064453,8.5326,0.48186,0.12349,8.5337,0.42019,0.17828,8.5077,0.37208,0.29443,8.5049,0.297,0.18867,8.5211,0.078782,0.31809,8.5334,0.11051,0.25515,8.5336,0.10287,0.21813,8.5339,0.11494,0.19439
8.5692,0.29233,0.0033991,8.5764,0.26766,0.0064131,8.5752,0.48226,0.12302,8.5762,0.42098,0.17786,8.5503,0.3743,0.29623,8.5474,0.29742,0.18966,8.5636,0.078844,0.31971,8.576,0.11104,0.25631,8.5762,0.10339,0.21909,8.5765,0.11561,0.19512
8.612,0.29234,0.0033721,8.6191,0.26766,0.0063811,8.618,0.48267,0.12255,8.619,0.42176,0.17744,8.5931,0.37662,0.29803,8.5902,0.29786,0.19069,8.6064,0.078906,0.32133,8.6188,0.11158,0.25748,8.619,0.10392,0.22005,8.6193,0.11628,0.19585
8.655,0.29234,0.0033417,8.6621,0.26767,0.0063492,8.661,0.48306,0.12208,8.662,0.42253,0.17701,8.6361,0.37902,0.2998,8.6332,0.29833,0.19173,8.6494,0.07897,0.32296,8.6618,0.11212,0.25865,8.662,0.10444,0.22101,8.6623,0.11696,0.19659
8.6982,0.29233,0.0033143,8.7053,0.26767,0.0063175,8.7042,0.48346,0.12162,8.7052,0.42331,0.17659,8.6793,0.38151,0.30156,8.6764,0.29883,0.1928,8.6926,0.079035,0.3246,8.705,0.11266,0.25983,8.7052,0.10497,0.22198,8.7055,0.11764,0.19732
8.7416,0.29232,0.0032951,8.7488,0.26768,0.0062859,8.7476,0.48385,0.12115,8.7487,0.42407,0.17616,8.7227,0.38409,0.30329,8.7198,0.29936,0.1939,8.736,0.079101,0.32625,8.7484,0.11322,0.26101,8.7486,0.10551,0.22295,8.7489,0.11833,0.19805
8.7853,0.29231,0.0032851,8.7924,0.26768,0.0062544,8.7912,0.48424,0.12068,8.7923,0.42484,0.17572,8.7663,0.38677,0.30499,8.7635,0.29993,0.19502,8.7797,0.079168,0.32791,8.792,0.11377,0.26219,8.7923,0.10605,0.22392,8.7926,0.11903,0.19878
8.8292,0.2923,0.0032818,8.8363,0.26768,0.0062231,8.8351,0.48463,0.12021,8.8362,0.4256,0.17529,8.8102,0.38954,0.30666,8.8073,0.30053,0.19616,8.8235,0.079236,0.32957,8.8359,0.11433,0.26338,8.8361,0.10659,0.2249,8.8364,0.11973,0.19952
8.8732,0.29231,0.0032783,8.8804,0.26769,0.0061919,8.8792,0.48501,0.11974,8.8802,0.42636,0.17485,8.8543,0.3924,0.30829,8.8514,0.30117,0.19732,8.8676,0.079305,0.33125,8.88,0.1149,0.26457,8.8802,0.10714,0.22588,8.8805,0.12044,0.20025
8.9175,0.29232,0.0032686,8.9247,0.26769,0.0061609,8.9235,0.4854,0.11928,8.9245,0.42711,0.17442,8.8986,0.39537,0.30988,8.8957,0.30186,0.19851,8.9119,0.079376,0.33293,8.9243,0.11547,0.26576,8.9245,0.10769,0.22686,8.9248,0.12115,0.20098
8.962,0.29234,0.0032495,8.9692,0.26769,0.0061301,8.968,0.48577,0.11881,8.9691,0.42786,0.17398,8.9431,0.39843,0.31142,8.9402,0.30258,0.1997,8.9564,0.079447,0.33462,8.9688,0.11604,0.26696,8.969,0.10824,0.22785,8.9693,0.12187,0.20171
9.0068,0.29234,0.0032219,9.0139,0.26769,0.0060995,9.0127,0.48615,0.11834,9.0138,0.4286,0.17354,8.9878,0.40159,0.31291,8.9849,0.30334,0.20092,9.0012,0.07952,0.33632,9.0135,0.11662,0.26816,9.0138,0.1088,0.22884,9.0141,0.1226,0.20244
9.0518,0.29234,0.0031921,9.0589,0.2677,0.0060692,9.0577,0.48652,0.11787,9.0588,0.42934,0.17309,9.0328,0.40485,0.31434,9.0299,0.30415,0.20214,9.0461,0.079593,0.33803,9.0585,0.11721,0.26937,9.0587,0.10937,0.22983,9.0591,0.12333,0.20317
9.0969,0.29233,0.0031665,9.1041,0.2677,0.0060392,9.1029,0.48689,0.11741,9.104,0.43008,0.17265,9.078,0.40821,0.3157,9.0751,0.305,0.20338,9.0913,0.079668,0.33974,9.1037,0.1178,0.27058,9.1039,0.10994,0.23083,9.1042,0.12407,0.2039
9.1424,0.29232,0.0031504,9.1495,0.2677,0.0060093,9.1483,0.48726,0.11694,9.1494,0.43081,0.1722,9.1234,0.41167,0.31699,9.1205,0.3059,0.20463,9.1367,0.079744,0.34147,9.1491,0.11839,0.27179,9.1493,0.11051,0.23183,9.1497,0.12481,0.20462
9.188,0.29231,0.0031436,9.1951,0.26771,0.0059796,9.194,0.48762,0.11648,9.195,0.43154,0.17176,9.169,0.41522,0.31821,9.1662,0.30683,0.20588,9.1824,0.079821,0.3432,9.1948,0.11899,0.273,9.195,0.11109,0.23283,9.1953,0.12557,0.20535
9.2339,0.29231,0.0031415,9.241,0.26771,0.00595,9.2398,0.48799,0.11601,9.2409,0.43227,0.17131,9.2149,0.41887,0.31933,9.212,0.30781,0.20714,9.2282,0.079899,0.34495,9.2406,0.11959,0.27422,9.2408,0.11167,0.23384,9.2412,0.12632,0.20607
9.28,0.29232,0.003137,9.2871,0.26771,0.0059205,9.2859,0.48834,0.11555,9.287,0.43299,0.17086,9.261,0.42262,0.32037,9.2581,0.30884,0.20841,9.2743,0.079978,0.3467,9.2867,0.1202,0.27545,9.2869,0.11226,0.23486,9.2873,0.12708,0.20679
9.3263,0.29233,0.0031235,9.3334,0.26772,0.005891,9.3323,0.4887,0.11508,9.3333,0.43371,0.17041,9.3073,0.42646,0.3213,9.3045,0.3099,0.20969,9.3207,0.080059,0.34846,9.3331,0.12082,0.27667,9.3333,0.11285,0.23587,9.3336,0.12785,0.20751
9.3729,0.29235,0.0031003,9.38,0.26772,0.0058616,9.3788,0.48905,0.11462,9.3799,0.43443,0.16995,9.3539,0.43039,0.32213,9.351,0.31101,0.21097,9.3672,0.08014,0.35023,9.3796,0.12143,0.2779,9.3798,0.11344,0.23689,9.3802,0.12863,0.20823
9.4197,0.29235,0.0030708,9.4268,0.26772,0.0058322,9.4256,0.4894,0.11416,9.4267,0.43514,0.1695,9.4007,0.43441,0.32284,9.3978,0.31217,0.21226,9.414,0.080223,0.35201,9.4264,0.12206,0.27914,9.4266,0.11405,0.23792,9.4269,0.12941,0.20895
9.4667,0.29234,0.0030432,9.4738,0.26772,0.0058029,9.4726,0.48975,0.11369,9.4737,0.43585,0.16904,9.4477,0.43851,0.32343,9.4448,0.31337,0.21355,9.4611,0.080307,0.35379,9.4734,0.12268,0.28038,9.4736,0.11465,0.23895,9.474,0.13019,0.20967
9.5139,0.29233,0.0030239,9.5211,0.26773,0.0057738,9.5199,0.49009,0.11323,9.521,0.43655,0.16858,9.495,0.44269,0.3239,9.4921,0.31462,0.21485,9.5083,0.080392,0.35559,9.5207,0.12332,0.28162,9.5209,0.11526,0.23998,9.5212,0.13098,0.21038
9.5614,0.29232,0.0030155,9.5686,0.26773,0.0057448,9.5674,0.49044,0.11277,9.5685,0.43726,0.16812,9.5425,0.44694,0.32422,9.5396,0.31591,0.21616,9.5558,0.080478,0.35739,9.5682,0.12395,0.28286,9.5684,0.11588,0.24102,9.5687,0.13178,0.21109
9.6092,0.29231,0.0030143,9.6163,0.26773,0.005716,9.6151,0.49078,0.1123,9.6162,0.43795,0.16766,9.5902,0.45127,0.32441,9.5874,0.31726,0.21748,9.6036,0.080566,0.35921,9.6159,0.12459,0.28411,9.6161,0.1165,0.24206,9.6165,0.13258,0.2118
9.6571,0.29232,0.0030125,9.6643,0.26773,0.0056875,9.6631,0.49111,0.11184,9.6642,0.43865,0.1672,9.6382,0.45565,0.32444,9.6353,0.31866,0.2188,9.6515,0.080655,0.36103,9.6639,0.12524,0.28537,9.6641,0.11713,0.2431,9.6644,0.13338,0.2125
9.7054,0.29233,0.0030027,9.7125,0.26774,0.0056593,9.7113,0.49144,0.11138,9.7124,0.43934,0.16674,9.6864,0.4601,0.32431,9.6835,0.32012,0.22012,9.6997,0.080745,0.36286,9.7121,0.12589,0.28662,9.7123,0.11777,0.24415,9.7126,0.13419,0.21321
9.7538,0.29235,0.0029817,9.7609,0.26774,0.0056314,9.7598,0.49177,0.11092,9.7608,0.44003,0.16627,9.7349,0.46458,0.32401,9.732,0.32164,0.22145,9.7482,0.080836,0.3647,9.7606,0.12654,0.28789,9.7608,0.11841,0.24521,9.7611,0.135,0.21391
9.8025,0.29235,0.0029537,9.8096,0.26774,0.0056038,9.8085,0.4921,0.11046,9.8095,0.44072,0.1658,9.7836,0.46911,0.32355,9.7807,0.32323,0.22278,9.7969,0.080928,0.36655,9.8092,0.1272,0.28915,9.8095,0.11905,0.24627,9.8098,0.13582,0.21461
9.8514,0.29235,0.0029261,9.8586,0.26774,0.0055765,9.8574,0.49242,0.11,9.8585,0.4414,0.16533,9.8325,0.47367,0.32291,9.8297,0.32488,0.2241,9.8458,0.081022,0.36841,9.8582,0.12786,0.29042,9.8584,0.1197,0.24733,9.8587,0.13664,0.21531
9.9006,0.29233,0.0029074,9.9077,0.26775,0.0055494,9.9066,0.49275,0.10954,9.9076,0.44207,0.16486,9.8817,0.47824,0.32208,9.8788,0.32661,0.22541,9.895,0.081117,0.37028,9.9074,0.12853,0.29169,9.9076,0.12036,0.24839,9.9079,0.13747,0.216
9.9501,0.29232,0.0028999,9.9572,0.26775,0.0055224,9.956,0.49306,0.10908,9.9571,0.44275,0.16439,9.9311,0.48282,0.32106,9.9283,0.3284,0.22671,9.9445,0.081213,0.37216,9.9568,0.1292,0.29297,9.957,0.12102,0.24946,9.9573,0.1383,0.2167
9.9997,0.29232,0.0029,10.007,0.26775,0.0054955,10.006,0.49338,0.10862,10.007,0.44342,0.16391,9.9808,0.4874,0.31986,9.978,0.33027,0.22799,9.9941,0.081311,0.37404,10.006,0.12987,0.29425,10.007,0.12169,0.25054,10.007,0.13914,0.21739
10.05,0.29232,0.0028986,10.057,0.26775,0.0054687,10.056,0.49369,0.10816,10.057,0.44408,0.16343,10.031,0.49196,0.31845,10.028,0.33221,0.22925,10.044,0.081409,0.37594,10.056,0.13055,0.29554,10.057,0.12237,0.25162,10.057,0.13998,0.21808
10.1,0.29234,0.0028882,10.107,0.26776,0.005442,10.106,0.494,0.1077,10.107,0.44475,0.16295,10.081,0.49649,0.31685,10.078,0.33422,0.23048,10.094,0.081509,0.37785,10.107,0.13124,0.29683,10.107,0.12306,0.2527,10.107,0.14082,0.21876
10.15,0.29235,0.0028663,10.157,0.26776,0.0054152,10.156,0.4943,0.10725,10.157,0.4454,0.16247,10.131,0.50098,0.31505,10.129,0.33631,0.23167,10.145,0.08161,0.37976,10.157,0.13192,0.29813,10.157,0.12375,0.25379,10.158,0.14166,0.21945
10.201,0.29236,0.002838,10.208,0.26776,0.0053884,10.207,0.49461,0.10679,10.208,0.44606,0.16199,10.182,0.50542,0.31306,10.179,0.33846,0.23283,10.195,0.081712,0.38168,10.208,0.13262,0.29943,10.208,0.12444,0.25488,10.208,0.14251,0.22013
10.252,0.29235,0.0028126,10.259,0.26776,0.0053616,10.258,0.4949,0.10633,10.259,0.44671,0.16151,10.233,0.50978,0.31086,10.23,0.34068,0.23395,10.246,0.081815,0.38361,10.259,0.13331,0.30074,10.259,0.12515,0.25597,10.259,0.14337,0.22081
10.303,0.29233,0.0027974,10.31,0.26777,0.0053349,10.309,0.4952,0.10588,10.31,0.44735,0.16102,10.284,0.51405,0.30847,10.281,0.34297,0.23503,10.297,0.081919,0.38556,10.31,0.13401,0.30205,10.31,0.12586,0.25707,10.31,0.14422,0.22149
10.354,0.29232,0.0027937,10.362,0.26777,0.0053081,10.36,0.49549,0.10542,10.361,0.44799,0.16054,10.336,0.51823,0.30588,10.333,0.34532,0.23606,10.349,0.082024,0.38751,10.361,0.13472,0.30337,10.361,0.12658,0.25817,10.362,0.14508,0.22217
10.406,0.29232,0.0027947,10.413,0.26777,0.0052815,10.412,0.49578,0.10497,10.413,0.44863,0.16005,10.387,0.52229,0.30311,10.384,0.34773,0.23704,10.401,0.08213,0.38947,10.413,0.13543,0.30469,10.413,0.12731,0.25928,10.413,0.14594,0.22285
10.458,0.29234,0.002791,10.465,0.26777,0.005255,10.464,0.49606,0.10452,10.465,0.44926,0.15956,10.439,0.52623,0.30015,10.436,0.3502,0.23797,10.453,0.082237,0.39144,10.465,0.13614,0.30602,10.465,0.12804,0.26039,10.465,0.14681,0.22353
10.51,0.29235,0.0027757,10.517,0.26778,0.0052288,10.516,0.49635,0.10407,10.517,0.44989,0.15907,10.492,0.53002,0.29703,10.489,0.35274,0.23886,10.505,0.082344,0.39341,10.517,0.13686,0.30736,10.517,0.12878,0.2615,10.518,0.14768,0.2242
10.563,0.29236,0.0027501,10.57,0.26778,0.0052028,10.569,0.49662,0.10362,10.57,0.45051,0.15858,10.544,0.53366,0.29374,10.541,0.35533,0.23969,10.557,0.082453,0.3954,10.569,0.13758,0.3087,10.57,0.12953,0.26262,10.57,0.14855,0.22488
10.616,0.29236,0.0027221,10.623,0.26778,0.005177,10.621,0.4969,0.10317,10.622,0.45113,0.15809,10.597,0.53713,0.29029,10.594,0.358,0.24046,10.61,0.082561,0.3974,10.622,0.13831,0.31005,10.622,0.13029,0.26373,10.623,0.14942,0.22555
10.669,0.29235,0.0027016,10.676,0.26778,0.0051514,10.674,0.49717,0.10273,10.675,0.45174,0.1576,10.65,0.54042,0.2867,10.647,0.36072,0.24118,10.663,0.082671,0.39941,10.675,0.13904,0.31141,10.675,0.13106,0.26486,10.676,0.1503,0.22622
10.722,0.29234,0.0026932,10.729,0.26779,0.0051261,10.728,0.49744,0.10228,10.729,0.45235,0.15711,10.703,0.54353,0.28298,10.7,0.36351,0.24183,10.716,0.08278,0.40142,10.728,0.13978,0.31277,10.729,0.13183,0.26598,10.729,0.15118,0.2269
10.775,0.29233,0.0026933,10.782,0.26779,0.0051009,10.781,0.49771,0.10184,10.782,0.45296,0.15662,10.757,0.54643,0.27915,10.754,0.36638,0.24242,10.77,0.08289,0.40345,10.782,0.14052,0.31414,10.782,0.13261,0.26711,10.783,0.15206,0.22757
10.829,0.29234,0.0026918,10.836,0.26779,0.0050758,10.835,0.49797,0.1014,10.836,0.45356,0.15613,10.81,0.54913,0.2752,10.808,0.3693,0.24293,10.824,0.083001,0.40548,10.836,0.14127,0.31552,10.836,0.1334,0.26824,10.836,0.15295,0.22824
10.883,0.29236,0.00268,10.89,0.26779,0.0050509,10.889,0.49823,0.10096,10.89,0.45416,0.15564,10.865,0.55161,0.27117,10.862,0.3723,0.24335,10.878,0.083111,0.40753,10.89,0.14203,0.3169,10.89,0.1342,0.26938,10.89,0.15384,0.22892
10.938,0.29237,0.0026562,10.945,0.2678,0.005026,10.943,0.49849,0.10053,10.944,0.45475,0.15515,10.919,0.55388,0.26707,10.916,0.37536,0.24369,10.932,0.083222,0.40959,10.944,0.14279,0.31829,10.944,0.13501,0.27051,10.945,0.15473,0.22959
10.992,0.29237,0.0026279,10.999,0.2678,0.0050012,10.998,0.49875,0.10009,10.999,0.45534,0.15466,10.973,0.55592,0.26291,10.971,0.37848,0.24392,10.987,0.083332,0.41165,10.999,0.14356,0.31969,10.999,0.13582,0.27165,10.999,0.15563,0.23026
11.047,0.29235,0.0026056,11.054,0.2678,0.0049762,11.053,0.499,0.099659,11.054,0.45592,0.15417,11.028,0.55773,0.25871,11.026,0.38166,0.24405,11.041,0.083443,0.41373,11.054,0.14434,0.3211,11.054,0.13665,0.27279,11.054,0.15653,0.23094
11.102,0.29234,0.002596,11.109,0.2678,0.0049513,11.108,0.49926,0.099228,11.109,0.4565,0.15369,11.084,0.55931,0.25448,11.081,0.38489,0.24406,11.097,0.083553,0.41581,11.109,0.14512,0.32252,11.109,0.13748,0.27394,11.109,0.15743,0.23161
11.158,0.29233,0.0025962,11.165,0.26781,0.0049263,11.163,0.49951,0.098798,11.164,0.45708,0.1532,11.139,0.56067,0.25025,11.136,0.38816,0.24395,11.152,0.083664,0.41791,11.164,0.14591,0.32394,11.164,0.13832,0.27508,11.165,0.15834,0.23229
11.213,0.29234,0.0025963,11.22,0.26781,0.0049014,11.219,0.49976,0.09837,11.22,0.45766,0.15271,11.195,0.5618,0.24602,11.192,0.39145,0.2437,11.208,0.083774,0.42002,11.22,0.14671,0.32537,11.22,0.13918,0.27623,11.22,0.15925,0.23297
11.269,0.29236,0.0025863,11.276,0.26781,0.0048764,11.275,0.5,0.097944,11.276,0.45823,0.15223,11.251,0.5627,0.24182,11.248,0.39477,0.24333,11.264,0.083884,0.42214,11.276,0.14751,0.32681,11.276,0.14004,0.27738,11.276,0.16017,0.23365
11.326,0.29237,0.0025639,11.332,0.26781,0.0048516,11.331,0.50025,0.097519,11.332,0.4588,0.15174,11.307,0.56338,0.23765,11.304,0.39811,0.24283,11.32,0.083994,0.42427,11.332,0.14833,0.32826,11.332,0.14091,0.27853,11.333,0.16109,0.23433
11.382,0.29237,0.0025367,11.389,0.26781,0.0048268,11.388,0.50049,0.097096,11.389,0.45936,0.15126,11.364,0.56384,0.23354,11.361,0.40144,0.24219,11.377,0.084103,0.42641,11.389,0.14915,0.32971,11.389,0.14178,0.27968,11.389,0.16202,0.23501
11.439,0.29236,0.002516,11.446,0.26782,0.0048021,11.445,0.50073,0.096673,11.446,0.45993,0.15078,11.42,0.5641,0.2295,11.418,0.40477,0.24142,11.433,0.084212,0.42856,11.445,0.14999,0.33117,11.446,0.14267,0.28084,11.446,0.16295,0.23569
11.496,0.29234,0.0025081,11.503,0.26782,0.0047775,11.502,0.50097,0.096253,11.503,0.46049,0.15029,11.478,0.56415,0.22554,11.475,0.40808,0.24052,11.491,0.084321,0.43072,11.503,0.15083,0.33264,11.503,0.14357,0.28199,11.503,0.16389,0.23638
11.553,0.29234,0.0025091,11.56,0.26782,0.004753,11.559,0.50121,0.095833,11.56,0.46104,0.14981,11.535,0.56401,0.22168,11.532,0.41138,0.23949,11.548,0.084429,0.4329,11.56,0.15168,0.33412,11.56,0.14447,0.28315,11.56,0.16483,0.23706
11.611,0.29235,0.0025083,11.618,0.26782,0.0047286,11.617,0.50145,0.095414,11.618,0.4616,0.14933,11.593,0.56368,0.21792,11.59,0.41465,0.23834,11.606,0.084538,0.43509,11.618,0.15254,0.3356,11.618,0.14539,0.2843,11.618,0.16578,0.23775
11.669,0.29236,0.0024959,11.676,0.26782,0.0047043,11.675,0.50168,0.094996,11.676,0.46216,0.14885,11.651,0.56318,0.21429,11.648,0.41789,0.23705,11.664,0.084645,0.43729,11.676,0.15342,0.3371,11.676,0.14631,0.28546,11.676,0.16673,0.23844
11.727,0.29237,0.0024723,11.734,0.26782,0.0046802,11.733,0.50191,0.094578,11.734,0.46271,0.14837,11.709,0.56252,0.21077,11.706,0.4211,0.23564,11.722,0.084753,0.4395,11.734,0.1543,0.3386,11.734,0.14725,0.28661,11.734,0.1677,0.23913
11.786,0.29237,0.0024465,11.793,0.26783,0.0046562,11.792,0.50215,0.094161,11.793,0.46326,0.14789,11.768,0.56171,0.2074,11.765,0.42427,0.2341,11.78,0.08486,0.44172,11.792,0.1552,0.3401,11.793,0.14819,0.28777,11.793,0.16866,0.23982
11.845,0.29235,0.0024301,11.852,0.26783,0.0046326,11.85,0.50238,0.093745,11.851,0.46381,0.14741,11.826,0.56076,0.20417,11.824,0.42739,0.23242,11.839,0.084967,0.44396,11.851,0.15611,0.34161,11.851,0.14914,0.28892,11.852,0.16964,0.24051
11.904,0.29234,0.0024264,11.911,0.26783,0.0046094,11.91,0.5026,0.09333,11.911,0.46436,0.14693,11.886,0.55967,0.20109,11.883,0.43045,0.23061,11.898,0.085074,0.44621,11.91,0.15703,0.34313,11.91,0.1501,0.29008,11.911,0.17063,0.2412
11.963,0.29234,0.0024284,11.97,0.26783,0.0045865,11.969,0.50283,0.092914,11.97,0.4649,0.14645,11.945,0.55848,0.19816,11.942,0.43345,0.22867,11.958,0.085181,0.44847,11.97,0.15796,0.34466,11.97,0.15107,0.29123,11.97,0.17162,0.24189
12.023,0.29235,0.0024241,12.03,0.26783,0.0045639,12.029,0.50305,0.0925,12.03,0.46545,0.14597,12.005,0.55718,0.19539,12.002,0.43637,0.22659,12.018,0.085287,0.45075,12.029,0.15891,0.34619,12.03,0.15204,0.29238,12.03,0.17262,0.24258
12.083,0.29237,0.0024069,12.09,0.26783,0.0045414,12.089,0.50327,0.092085,12.09,0.46599,0.14549,12.065,0.55579,0.19279,12.062,0.4392,0.22437,12.078,0.085394,0.45304,12.089,0.15987,0.34772,12.09,0.15302,0.29353,12.09,0.17363,0.24327
12.143,0.29237,0.0023816,12.15,0.26783,0.0045188,12.149,0.50349,0.091671,12.15,0.46653,0.14501,12.125,0.55432,0.19035,12.122,0.44193,0.22202,12.138,0.0855,0.45534,12.15,0.16084,0.34926,12.15,0.15402,0.29468,12.15,0.17464,0.24396
12.204,0.29236,0.0023599,12.211,0.26783,0.0044962,12.21,0.5037,0.091258,12.211,0.46707,0.14453,12.186,0.55279,0.18808,12.183,0.44453,0.21956,12.199,0.085607,0.45766,12.21,0.16182,0.3508,12.211,0.15501,0.29583,12.211,0.17567,0.24465
12.265,0.29235,0.0023509,12.272,0.26784,0.0044735,12.271,0.50392,0.090845,12.272,0.46761,0.14404,12.247,0.5512,0.18598,12.244,0.447,0.21698,12.26,0.085714,0.45999,12.271,0.16282,0.35235,12.271,0.15602,0.29698,12.272,0.1767,0.24534
12.326,0.29234,0.002352,12.333,0.26784,0.0044509,12.332,0.50412,0.090433,12.333,0.46815,0.14356,12.308,0.54956,0.18404,12.305,0.44933,0.2143,12.321,0.085821,0.46234,12.332,0.16383,0.3539,12.333,0.15703,0.29813,12.333,0.17774,0.24603
12.388,0.29235,0.002352,12.394,0.26784,0.0044285,12.393,0.50433,0.090022,12.394,0.46868,0.14307,12.37,0.5479,0.18227,12.367,0.45151,0.21154,12.382,0.085928,0.4647,12.394,0.16486,0.35545,12.394,0.15805,0.29927,12.395,0.17879,0.24672
12.449,0.29236,0.0023405,12.456,0.26784,0.0044062,12.455,0.50453,0.089612,12.456,0.46922,0.14259,12.432,0.54621,0.18066,12.429,0.45353,0.2087,12.444,0.086036,0.46708,12.456,0.1659,0.35701,12.456,0.15907,0.30042,12.456,0.17985,0.2474
12.512,0.29237,0.0023177,12.518,0.26784,0.0043842,12.517,0.50473,0.089203,12.518,0.46975,0.1421,12.494,0.54451,0.17922,12.491,0.4554,0.20582,12.506,0.086145,0.46947,12.518,0.16695,0.35856,12.518,0.16011,0.30156,12.518,0.18092,0.24808
12.574,0.29237,0.0022948,12.581,0.26784,0.0043623,12.58,0.50493,0.088796,12.581,0.47028,0.14161,12.556,0.54281,0.17793,12.554,0.45711,0.20289,12.569,0.086255,0.47187,12.58,0.16801,0.36012,12.581,0.16114,0.30271,12.581,0.182,0.24876
12.637,0.29235,0.0022823,12.644,0.26784,0.0043407,12.642,0.50512,0.088391,12.643,0.47081,0.14111,12.619,0.54112,0.1768,12.616,0.45867,0.19993,12.632,0.086366,0.47429,12.643,0.16909,0.36168,12.643,0.16218,0.30385,12.644,0.18308,0.24944
12.7,0.29235,0.0022818,12.707,0.26784,0.0043193,12.706,0.50531,0.087987,12.707,0.47133,0.14062,12.682,0.53944,0.17582,12.68,0.46007,0.19695,12.695,0.086478,0.47673,12.706,0.17018,0.36324,12.706,0.16323,0.30499,12.707,0.18418,0.25011
12.763,0.29235,0.0022828,12.77,0.26784,0.0042983,12.769,0.50549,0.087586,12.77,0.47186,0.14012,12.746,0.53779,0.175,12.743,0.46133,0.19396,12.758,0.086591,0.47918,12.77,0.17129,0.36479,12.77,0.16429,0.30614,12.77,0.18528,0.25078
12.827,0.29236,0.0022738,12.834,0.26784,0.0042778,12.833,0.50568,0.087187,12.834,0.47238,0.13962,12.809,0.53617,0.17431,12.807,0.46244,0.19096,12.822,0.086706,0.48165,12.833,0.1724,0.36635,12.834,0.16535,0.30728,12.834,0.18639,0.25144
12.891,0.29237,0.0022532,12.898,0.26784,0.0042576,12.897,0.50586,0.08679,12.898,0.47289,0.13912,12.873,0.5346,0.17377,12.871,0.4634,0.18797,12.886,0.086824,0.48414,12.897,0.17353,0.36791,12.898,0.16641,0.30843,12.898,0.18751,0.2521
12.955,0.29237,0.0022304,12.962,0.26784,0.0042377,12.961,0.50603,0.086396,12.962,0.4734,0.13862,12.938,0.53307,0.17336,12.935,0.46422,0.18498,12.95,0.086943,0.48664,12.962,0.17467,0.36946,12.962,0.16748,0.30957,12.962,0.18864,0.25276
13.02,0.29236,0.0022175,13.027,0.26785,0.0042177,13.026,0.50621,0.086005,13.027,0.47391,0.13811,13.003,0.5316,0.17308,13,0.46489,0.182,13.015,0.087065,0.48915,13.026,0.17582,0.37101,13.027,0.16855,0.31072,13.027,0.18977,0.25341
13.085,0.29235,0.0022161,13.092,0.26785,0.0041975,13.091,0.50638,0.085615,13.092,0.47442,0.13761,13.068,0.53019,0.17292,13.065,0.46541,0.17905,13.08,0.087189,0.49169,13.091,0.17698,0.37257,13.092,0.16963,0.31187,13.092,0.19091,0.25405
13.15,0.29236,0.0022166,13.157,0.26785,0.0041769,13.156,0.50655,0.085229,13.157,0.47492,0.1371,13.133,0.52885,0.17288,13.13,0.46579,0.17613,13.145,0.087317,0.49424,13.157,0.17814,0.37411,13.157,0.17072,0.31302,13.157,0.19206,0.25469
13.216,0.29237,0.0022075,13.223,0.26785,0.004156,13.222,0.50672,0.084844,13.223,0.47542,0.13659,13.199,0.52758,0.17295,13.196,0.46601,0.17325,13.211,0.087448,0.4968,13.222,0.17932,0.37566,13.223,0.17181,0.31418,13.223,0.19321,0.25533
13.282,0.29238,0.0021865,13.289,0.26785,0.004135,13.288,0.50689,0.084462,13.289,0.47591,0.13608,13.265,0.52639,0.17313,13.262,0.46609,0.17043,13.277,0.087582,0.49939,13.288,0.18051,0.37721,13.288,0.17291,0.31534,13.289,0.19437,0.25596
13.348,0.29237,0.0021641,13.355,0.26785,0.0041142,13.354,0.50705,0.084082,13.355,0.4764,0.13557,13.331,0.52529,0.1734,13.329,0.46602,0.16769,13.343,0.087721,0.50199,13.355,0.1817,0.37875,13.355,0.17402,0.3165,13.355,0.19554,0.25659
13.415,0.29236,0.0021517,13.422,0.26785,0.0040938,13.42,0.50721,0.083705,13.421,0.47689,0.13506,13.398,0.52428,0.17377,13.395,0.46583,0.16502,13.41,0.087864,0.50461,13.421,0.1829,0.3803,13.421,0.17513,0.31766,13.422,0.19671,0.25721
13.482,0.29236,0.0021502,13.488,0.26785,0.004074,13.487,0.50737,0.083331,13.488,0.47737,0.13455,13.465,0.52336,0.17422,13.462,0.46551,0.16245,13.477,0.088011,0.50724,13.488,0.18411,0.38184,13.488,0.17625,0.31883,13.489,0.19789,0.25782
13.549,0.29236,0.0021493,13.556,0.26786,0.0040547,13.555,0.50752,0.08296,13.556,0.47785,0.13404,13.532,0.52253,0.17474,13.53,0.46509,0.15999,13.544,0.088163,0.50989,13.555,0.18533,0.38338,13.556,0.17738,0.32,13.556,0.19907,0.25844
13.617,0.29237,0.002138,13.623,0.26786,0.0040357,13.622,0.50767,0.082591,13.623,0.47832,0.13353,13.6,0.52181,0.17535,13.597,0.46456,0.15764,13.612,0.088321,0.51256,13.623,0.18655,0.38492,13.623,0.17851,0.32118,13.624,0.20026,0.25904
13.685,0.29238,0.0021172,13.691,0.26786,0.004017,13.69,0.50782,0.082227,13.691,0.47879,0.13302,13.668,0.52119,0.17601,13.665,0.46396,0.15539,13.68,0.088484,0.51524,13.691,0.18778,0.38646,13.691,0.17965,0.32236,13.692,0.20146,0.25965
13.753,0.29237,0.0020983,13.76,0.26786,0.0039988,13.759,0.50797,0.081867,13.76,0.47926,0.13251,13.736,0.52067,0.17673,13.734,0.46328,0.15326,13.748,0.088653,0.51794,13.759,0.18901,0.38799,13.76,0.18081,0.32354,13.76,0.20266,0.26025
13.822,0.29236,0.0020904,13.828,0.26786,0.0039809,13.827,0.50812,0.081511,13.828,0.47972,0.132,13.805,0.52027,0.1775,13.802,0.46255,0.15124,13.817,0.088829,0.52066,13.828,0.19025,0.38953,13.828,0.18197,0.32473,13.828,0.20387,0.26084
13.891,0.29236,0.0020906,13.897,0.26786,0.0039633,13.896,0.50826,0.081159,13.897,0.48019,0.13149,13.874,0.51997,0.17831,13.872,0.46175,0.14932,13.886,0.089011,0.5234,13.897,0.19149,0.39107,13.897,0.18315,0.32592,13.897,0.20509,0.26144
13.96,0.29237,0.002087,13.967,0.26786,0.0039456,13.966,0.5084,0.080813,13.967,0.48065,0.13098,13.944,0.51979,0.17916,13.941,0.46092,0.14751,13.955,0.0892,0.52615,13.966,0.19274,0.39262,13.966,0.18433,0.32712,13.967,0.20631,0.26202
14.03,0.29238,0.0020719,14.036,0.26787,0.0039273,14.035,0.50854,0.080472,14.036,0.48111,0.13047,14.013,0.51972,0.18003,14.011,0.46003,0.14581,14.025,0.089397,0.52891,14.036,0.19399,0.39416,14.036,0.18553,0.32832,14.036,0.20753,0.26261
14.1,0.29238,0.0020508,14.106,0.26787,0.0039081,14.105,0.50869,0.080137,14.106,0.48156,0.12996,14.083,0.51976,0.18093,14.081,0.45911,0.14421,14.095,0.089601,0.53169,14.106,0.19525,0.39571,14.106,0.18674,0.32952,14.106,0.20877,0.26319
14.17,0.29237,0.002036,14.177,0.26787,0.0038881,14.176,0.50883,0.079806,14.177,0.48202,0.12945,14.154,0.51992,0.18183,14.151,0.45816,0.14272,14.166,0.089813,0.53449,14.176,0.19651,0.39726,14.177,0.18796,0.33072,14.177,0.21001,0.26376
14.241,0.29236,0.0020319,14.247,0.26788,0.0038676,14.246,0.50898,0.07948,14.247,0.48247,0.12894,14.225,0.52019,0.18274,14.222,0.45717,0.14133,14.236,0.090033,0.5373,14.247,0.19777,0.39881,14.247,0.18919,0.33193,14.248,0.21126,0.26433
14.312,0.29236,0.0020311,14.318,0.26788,0.0038469,14.317,0.50912,0.079158,14.318,0.48292,0.12843,14.296,0.52058,0.18364,14.293,0.45616,0.14006,14.307,0.090262,0.54012,14.318,0.19904,0.40037,14.318,0.19044,0.33314,14.319,0.21251,0.26489
14.384,0.29237,0.0020223,14.39,0.26788,0.0038267,14.389,0.50927,0.07884,14.39,0.48337,0.12792,14.367,0.52108,0.18453,14.365,0.45513,0.1389,14.379,0.090499,0.54296,14.39,0.20032,0.40193,14.39,0.19171,0.33435,14.39,0.21377,0.26545
14.456,0.29238,0.0020042,14.462,0.26788,0.0038072,14.461,0.50943,0.078525,14.462,0.48382,0.12741,14.439,0.52169,0.1854,14.437,0.4541,0.13786,14.451,0.090744,0.54582,14.461,0.2016,0.4035,14.462,0.19298,0.33556,14.462,0.21504,0.266
14.528,0.29237,0.0019872,14.534,0.26788,0.0037883,14.533,0.50959,0.078212,14.534,0.48427,0.12689,14.511,0.52242,0.18624,14.509,0.45307,0.13693,14.523,0.090998,0.54868,14.533,0.20288,0.40507,14.534,0.19428,0.33677,14.534,0.21632,0.26655
14.6,0.29236,0.0019799,14.606,0.26788,0.0037696,14.605,0.50975,0.0779,14.606,0.48472,0.12637,14.584,0.52325,0.18704,14.582,0.45206,0.13612,14.595,0.091261,0.55156,14.606,0.20417,0.40666,14.606,0.19559,0.33798,14.606,0.2176,0.26709
14.673,0.29236,0.0019793,14.679,0.26789,0.0037507,14.678,0.50991,0.077588,14.679,0.48516,0.12585,14.657,0.52419,0.18779,14.655,0.45107,0.13541,14.668,0.091532,0.55445,14.679,0.20546,0.40825,14.679,0.19691,0.33919,14.679,0.21889,0.26762
14.746,0.29237,0.0019745,14.752,0.26789,0.0037314,14.751,0.51008,0.077275,14.752,0.4856,0.12533,14.73,0.52522,0.18848,14.728,0.45011,0.1348,14.742,0.091812,0.55735,14.752,0.20676,0.40985,14.752,0.19825,0.34039,14.753,0.22018,0.26815
14.82,0.29238,0.0019601,14.826,0.26789,0.0037119,14.825,0.51026,0.07696,14.826,0.48604,0.1248,14.804,0.52636,0.18911,14.802,0.4492,0.13429,14.815,0.0921,0.56026,14.826,0.20807,0.41145,14.826,0.19961,0.34159,14.826,0.22148,0.26867
14.894,0.29238,0.0019425,14.9,0.26789,0.0036923,14.899,0.51043,0.076643,14.9,0.48647,0.12427,14.878,0.52758,0.18966,14.876,0.44832,0.13387,14.889,0.092396,0.56318,14.9,0.20938,0.41307,14.9,0.20097,0.34278,14.9,0.22279,0.26918
14.968,0.29237,0.0019319,14.974,0.26789,0.0036727,14.973,0.51061,0.076323,14.974,0.4869,0.12373,14.952,0.52889,0.19013,14.95,0.4475,0.13352,14.964,0.092699,0.56612,14.974,0.2107,0.4147,14.974,0.20236,0.34397,14.974,0.2241,0.26968
15.043,0.29237,0.0019292,15.049,0.26789,0.0036532,15.048,0.51079,0.076,15.049,0.48733,0.12319,15.027,0.53027,0.19052,15.025,0.44672,0.13325,15.038,0.093009,0.56906,15.049,0.21203,0.41634,15.049,0.20375,0.34515,15.049,0.22542,0.27018
15.118,0.29237,0.0019253,15.124,0.26789,0.0036338,15.123,0.51096,0.075673,15.124,0.48775,0.12265,15.102,0.53172,0.1908,15.1,0.44599,0.13305,15.114,0.093326,0.57201,15.124,0.21337,0.41799,15.124,0.20516,0.34632,15.124,0.22673,0.27066
15.194,0.29238,0.0019132,15.2,0.26789,0.0036149,15.199,0.51114,0.075344,15.199,0.48817,0.12211,15.178,0.53322,0.19099,15.176,0.44531,0.13292,15.189,0.09365,0.57497,15.199,0.21472,0.41965,15.199,0.20659,0.34748,15.2,0.22806,0.27114
15.269,0.29238,0.0018969,15.275,0.26789,0.0035967,15.274,0.51131,0.075011,15.275,0.48858,0.12156,15.254,0.53478,0.19107,15.252,0.44468,0.13285,15.265,0.093979,0.57794,15.275,0.21608,0.42132,15.275,0.20802,0.34864,15.275,0.22938,0.27161
15.346,0.29237,0.0018859,15.352,0.26789,0.0035797,15.351,0.51148,0.074676,15.351,0.48898,0.121,15.33,0.53637,0.19104,15.328,0.44411,0.13285,15.341,0.094314,0.58092,15.351,0.21746,0.42301,15.351,0.20946,0.34978,15.352,0.23071,0.27208
15.422,0.29237,0.0018825,15.428,0.26789,0.0035637,15.427,0.51165,0.07434,15.428,0.48938,0.12045,15.407,0.538,0.19089,15.405,0.4436,0.1329,15.418,0.094653,0.58391,15.428,0.21885,0.42471,15.428,0.21091,0.35092,15.428,0.23204,0.27254
15.499,0.29237,0.0018786,15.505,0.26789,0.0035482,15.504,0.51181,0.074001,15.505,0.48977,0.11989,15.484,0.53963,0.19062,15.482,0.44315,0.13302,15.495,0.094998,0.5869,15.505,0.22025,0.42642,15.505,0.21237,0.35205,15.505,0.23338,0.27299
15.577,0.29238,0.0018671,15.582,0.26789,0.0035327,15.581,0.51197,0.073662,15.582,0.49016,0.11932,15.562,0.54128,0.19024,15.559,0.44278,0.13318,15.572,0.095347,0.58991,15.582,0.22168,0.42815,15.582,0.21384,0.35317,15.583,0.23471,0.27343
15.654,0.29238,0.0018511,15.66,0.26789,0.0035169,15.659,0.51213,0.073324,15.66,0.49053,0.11876,15.639,0.54291,0.18973,15.637,0.44248,0.13339,15.65,0.095699,0.59292,15.66,0.22312,0.42988,15.66,0.21531,0.35428,15.66,0.23604,0.27387
15.733,0.29238,0.0018395,15.738,0.26789,0.0035008,15.737,0.51228,0.072985,15.738,0.4909,0.11819,15.718,0.54452,0.1891,15.715,0.44226,0.13364,15.728,0.096056,0.59594,15.738,0.22457,0.43163,15.738,0.21679,0.35538,15.738,0.23738,0.2743
15.811,0.29237,0.0018346,15.817,0.26789,0.0034846,15.816,0.51243,0.072648,15.817,0.49125,0.11763,15.796,0.54611,0.18836,15.794,0.44211,0.13391,15.807,0.096415,0.59897,15.816,0.22605,0.43338,15.817,0.21827,0.35647,15.817,0.23872,0.27473
15.89,0.29238,0.0018299,15.896,0.2679,0.0034685,15.895,0.51257,0.072314,15.896,0.4916,0.11706,15.875,0.54765,0.1875,15.873,0.44205,0.13421,15.886,0.096778,0.60201,15.895,0.22755,0.43515,15.896,0.21975,0.35756,15.896,0.24006,0.27516
15.969,0.29238,0.0018189,15.975,0.2679,0.0034525,15.974,0.51271,0.071981,15.975,0.49193,0.11649,15.955,0.54913,0.18653,15.952,0.44208,0.13452,15.965,0.097143,0.60506,15.975,0.22908,0.43692,15.975,0.22124,0.35864,15.975,0.24141,0.27558
16.049,0.29238,0.0018047,16.055,0.2679,0.0034366,16.054,0.51285,0.071652,16.055,0.49226,0.11593,16.034,0.55054,0.18546,16.032,0.44218,0.13484,16.045,0.097511,0.60811,16.054,0.23062,0.4387,16.055,0.22274,0.35971,16.055,0.24275,0.276
16.129,0.29238,0.0017951,16.135,0.2679,0.0034207,16.134,0.51299,0.071325,16.135,0.49258,0.11537,16.115,0.55188,0.18429,16.112,0.44235,0.13517,16.125,0.09788,0.61117,16.134,0.23219,0.44049,16.135,0.22423,0.36078,16.135,0.2441,0.27641
16.21,0.29238,0.0017904,16.215,0.2679,0.0034045,16.214,0.51312,0.071002,16.215,0.49288,0.11481,16.195,0.55312,0.18302,16.193,0.4426,0.13548,16.206,0.09825,0.61424,16.215,0.23379,0.44229,16.215,0.22573,0.36184,16.215,0.24546,0.27682
16.291,0.29238,0.0017844,16.296,0.26791,0.003388,16.295,0.51326,0.07068,16.296,0.49318,0.11425,16.276,0.55426,0.18168,16.274,0.44293,0.13579,16.286,0.098621,0.61732,16.296,0.23541,0.44408,16.296,0.22723,0.3629,16.296,0.24682,0.27723
16.372,0.29238,0.001773,16.377,0.26791,0.0033715,16.377,0.51339,0.070361,16.377,0.49347,0.1137,16.358,0.55529,0.18027,16.356,0.44333,0.13609,16.368,0.098991,0.6204,16.377,0.23705,0.44588,16.377,0.22874,0.36395,16.378,0.24818,0.27763
16.454,0.29238,0.0017597,16.459,0.26791,0.0033549,16.458,0.51352,0.070043,16.459,0.49375,0.11316,16.44,0.5562,0.1788,16.437,0.4438,0.13638,16.45,0.09936,0.62349,16.459,0.23872,0.44768,16.459,0.23024,0.365,16.459,0.24955,0.27803
16.536,0.29238,0.0017508,16.541,0.26791,0.003338,16.54,0.51365,0.069728,16.541,0.49402,0.11262,16.522,0.55699,0.17729,16.52,0.44435,0.13664,16.532,0.099727,0.62659,16.541,0.24042,0.44949,16.541,0.23175,0.36605,16.541,0.25092,0.27842
16.619,0.29238,0.0017452,16.624,0.26792,0.0033209,16.623,0.51378,0.069413,16.624,0.49428,0.11209,16.604,0.55764,0.17575,16.602,0.44497,0.13687,16.614,0.10009,0.62969,16.623,0.24214,0.45129,16.624,0.23326,0.36709,16.624,0.25229,0.27881
16.701,0.29238,0.0017372,16.707,0.26792,0.0033039,16.706,0.51391,0.0691,16.707,0.49454,0.11156,16.688,0.55816,0.17419,16.685,0.44566,0.13707,16.697,0.10045,0.6328,16.706,0.24389,0.45309,16.707,0.23477,0.36813,16.707,0.25367,0.27919
16.785,0.29238,0.0017258,16.79,0.26792,0.0032873,16.789,0.51404,0.068789,16.79,0.49479,0.11105,16.771,0.55855,0.17263,16.769,0.44641,0.13723,16.781,0.1008,0.63592,16.79,0.24567,0.45488,16.79,0.23628,0.36917,16.79,0.25505,0.27957
16.869,0.29238,0.0017156,16.874,0.26792,0.003271,16.873,0.51416,0.06848,16.874,0.49503,0.11054,16.855,0.5588,0.17109,16.853,0.44724,0.13733,16.865,0.10115,0.63905,16.874,0.24747,0.45667,16.874,0.23779,0.37021,16.874,0.25644,0.27994
16.953,0.29238,0.0017087,16.958,0.26792,0.0032546,16.957,0.51428,0.068174,16.958,0.49527,0.11004,16.939,0.55891,0.16958,16.937,0.44812,0.13739,16.949,0.10149,0.64219,16.958,0.2493,0.45846,16.958,0.2393,0.37125,16.958,0.25783,0.28031
17.038,0.29238,0.0017027,17.043,0.26793,0.0032378,17.042,0.51441,0.067869,17.042,0.4955,0.10955,17.024,0.55889,0.16812,17.022,0.44905,0.13738,17.034,0.10182,0.64534,17.042,0.25115,0.46023,17.042,0.24081,0.37229,17.043,0.25922,0.28067
17.123,0.29238,0.0016948,17.128,0.26793,0.0032202,17.127,0.51452,0.067569,17.128,0.49573,0.10908,17.109,0.55875,0.16671,17.107,0.45004,0.13731,17.119,0.10214,0.6485,17.127,0.25303,0.462,17.127,0.24232,0.37333,17.128,0.26062,0.28103
17.208,0.29238,0.0016855,17.213,0.26793,0.0032023,17.212,0.51464,0.067272,17.213,0.49596,0.10861,17.195,0.55849,0.16538,17.193,0.45107,0.13716,17.204,0.10246,0.65167,17.213,0.25493,0.46375,17.213,0.24384,0.37437,17.213,0.26202,0.28138
17.294,0.29238,0.0016772,17.299,0.26793,0.0031843,17.298,0.51476,0.06698,17.299,0.49618,0.10815,17.281,0.55812,0.16413,17.279,0.45214,0.13694,17.29,0.10276,0.65486,17.299,0.25686,0.46549,17.299,0.24535,0.37542,17.299,0.26342,0.28172
17.38,0.29238,0.0016696,17.385,0.26793,0.0031665,17.384,0.51488,0.066693,17.385,0.49641,0.1077,17.367,0.55764,0.16298,17.365,0.45325,0.13664,17.376,0.10305,0.65806,17.385,0.2588,0.46722,17.385,0.24687,0.37647,17.385,0.26482,0.28207
17.467,0.29238,0.0016612,17.472,0.26793,0.003149,17.471,0.515,0.066411,17.472,0.49664,0.10726,17.454,0.55708,0.16193,17.452,0.45437,0.13625,17.463,0.10333,0.66128,17.472,0.26077,0.46893,17.472,0.24838,0.37753,17.472,0.26623,0.2824
17.554,0.29238,0.0016527,17.559,0.26793,0.003132,17.558,0.51513,0.066134,17.559,0.49687,0.10683,17.541,0.55642,0.16101,17.54,0.45552,0.13578,17.55,0.1036,0.66452,17.559,0.26275,0.47062,17.559,0.2499,0.37859,17.559,0.26764,0.28274
17.642,0.29238,0.0016445,17.647,0.26793,0.0031155,17.646,0.51526,0.065859,17.647,0.4971,0.10642,17.629,0.5557,0.16021,17.627,0.45667,0.1352,17.638,0.10386,0.66778,17.646,0.26475,0.47229,17.647,0.25143,0.37966,17.647,0.26905,0.28307
17.73,0.29239,0.0016363,17.735,0.26793,0.0030993,17.734,0.51539,0.065586,17.735,0.49734,0.10601,17.717,0.55492,0.15955,17.715,0.45782,0.13454,17.726,0.10411,0.67106,17.734,0.26676,0.47395,17.735,0.25296,0.38074,17.735,0.27047,0.2834
17.818,0.29239,0.0016276,17.823,0.26793,0.0030831,17.822,0.51553,0.065312,17.823,0.49758,0.1056,17.806,0.55409,0.15902,17.804,0.45895,0.13378,17.815,0.10435,0.67436,17.823,0.26878,0.4756,17.823,0.25449,0.38183,17.823,0.27189,0.28373
17.907,0.29239,0.0016192,17.912,0.26794,0.0030666,17.911,0.51568,0.065035,17.912,0.49783,0.10521,17.895,0.55323,0.15865,17.893,0.46006,0.13292,17.904,0.10458,0.67768,17.912,0.2708,0.47722,17.912,0.25604,0.38293,17.912,0.27332,0.28405
17.997,0.29239,0.0016116,18.001,0.26794,0.0030497,18.001,0.51583,0.064753,18.001,0.49808,0.10482,17.985,0.55235,0.15843,17.983,0.46114,0.13197,17.993,0.1048,0.68102,18.001,0.27283,0.47883,18.001,0.25759,0.38404,18.002,0.27475,0.28437
18.087,0.29239,0.001603,18.091,0.26793,0.0030328,18.09,0.51599,0.064464,18.091,0.49835,0.10444,18.075,0.55148,0.15836,18.073,0.46217,0.13093,18.083,0.10501,0.68439,18.091,0.27487,0.48043,18.091,0.25915,0.38516,18.091,0.27618,0.28469
18.177,0.29239,0.0015926,18.181,0.26793,0.003017,18.181,0.51614,0.064169,18.181,0.49862,0.10406,18.165,0.55062,0.15844,18.163,0.46315,0.1298,18.173,0.10522,0.68778,18.181,0.27691,0.48202,18.181,0.26073,0.38628,18.182,0.27762,0.28501
18.268,0.29239,0.0015835,18.272,0.26793,0.0030025,18.271,0.5163,0.063867,18.272,0.4989,0.10369,18.256,0.54979,0.15868,18.254,0.46408,0.12859,18.264,0.10541,0.69119,18.272,0.27895,0.48359,18.272,0.26231,0.38741,18.272,0.27906,0.28532
18.359,0.29239,0.001577,18.363,0.26793,0.0029893,18.363,0.51644,0.063557,18.363,0.4992,0.10331,18.347,0.549,0.15907,18.345,0.46493,0.1273,18.355,0.1056,0.69462,18.363,0.28099,0.48516,18.363,0.26391,0.38855,18.363,0.28051,0.28563
18.451,0.29239,0.0015702,18.455,0.26793,0.0029767,18.454,0.51659,0.063242,18.455,0.4995,0.10294,18.439,0.54828,0.1596,18.437,0.46569,0.12592,18.447,0.10578,0.69809,18.455,0.28302,0.48672,18.455,0.26553,0.3897,18.455,0.28197,0.28594
18.543,0.29239,0.0015601,18.547,0.26793,0.0029644,18.546,0.51672,0.062924,18.547,0.49982,0.10256,18.531,0.54763,0.16028,18.53,0.46637,0.12448,18.539,0.10594,0.70158,18.547,0.28506,0.48828,18.547,0.26715,0.39086,18.547,0.28343,0.28624
18.635,0.29239,0.0015503,18.64,0.26793,0.002952,18.639,0.51685,0.062604,18.639,0.50014,0.10218,18.624,0.54706,0.16109,18.622,0.46694,0.12298,18.632,0.1061,0.70509,18.639,0.28709,0.48984,18.639,0.2688,0.39201,18.64,0.2849,0.28654
18.728,0.29238,0.0015453,18.733,0.26793,0.002939,18.732,0.51696,0.062286,18.732,0.50048,0.1018,18.717,0.54659,0.16203,18.715,0.4674,0.12143,18.725,0.10624,0.70864,18.732,0.28912,0.4914,18.732,0.27045,0.39318,18.733,0.28638,0.28685
18.822,0.29239,0.0015404,18.826,0.26794,0.0029248,18.825,0.51707,0.061972,18.826,0.50082,0.10141,18.811,0.54623,0.16309,18.809,0.46773,0.11985,18.819,0.10637,0.71222,18.826,0.29115,0.49297,18.826,0.27213,0.39435,18.826,0.28786,0.28714
18.916,0.29239,0.00153,18.92,0.26794,0.0029092,18.919,0.51717,0.061666,18.92,0.50118,0.10101,18.905,0.54599,0.16426,18.903,0.46794,0.11826,18.913,0.10649,0.71583,18.92,0.29318,0.49454,18.92,0.27381,0.39552,18.92,0.28936,0.28744
19.01,0.29239,0.0015186,19.014,0.26794,0.0028931,19.014,0.51727,0.061367,19.014,0.50154,0.10059,18.999,0.54588,0.16555,18.998,0.46803,0.11666,19.007,0.10661,0.71948,19.014,0.29521,0.49612,19.014,0.27552,0.3967,19.014,0.29086,0.28773
19.105,0.29239,0.0015122,19.109,0.26794,0.0028777,19.108,0.51736,0.061078,19.109,0.50191,0.10017,19.095,0.54591,0.16693,19.093,0.468,0.11507,19.102,0.10672,0.72317,19.109,0.29725,0.49772,19.109,0.27724,0.39789,19.109,0.29238,0.28802
19.201,0.29239,0.0015071,19.204,0.26794,0.0028638,19.204,0.51746,0.060796,19.204,0.50229,0.099723,19.19,0.54609,0.16839,19.188,0.46785,0.1135,19.197,0.10682,0.7269,19.204,0.2993,0.49933,19.204,0.27897,0.39908,19.205,0.29391,0.28831
19.296,0.29239,0.0014955,19.3,0.26794,0.0028512,19.3,0.51755,0.060521,19.3,0.50267,0.099263,19.286,0.54644,0.16994,19.284,0.46758,0.11196,19.293,0.10691,0.73067,19.3,0.30135,0.50096,19.3,0.28072,0.40027,19.3,0.29544,0.28858
19.393,0.29239,0.0014831,19.397,0.26794,0.0028381,19.396,0.51766,0.060251,19.396,0.50304,0.098784,19.383,0.54697,0.17154,19.381,0.4672,0.11046,19.39,0.10701,0.73448,19.396,0.30342,0.5026,19.396,0.28249,0.40148,19.397,0.29699,0.28886
19.49,0.29238,0.001479,19.493,0.26794,0.0028235,19.493,0.51777,0.059982,19.493,0.50342,0.098287,19.479,0.54768,0.1732,19.478,0.4667,0.109,19.487,0.10711,0.73834,19.493,0.3055,0.50426,19.493,0.28428,0.40268,19.493,0.29855,0.28912
19.587,0.29239,0.0014767,19.591,0.26795,0.0028078,19.59,0.51788,0.059714,19.59,0.50378,0.09777,19.577,0.54858,0.17489,19.575,0.46608,0.1076,19.584,0.10721,0.74224,19.59,0.30761,0.50594,19.59,0.28608,0.40389,19.591,0.30012,0.28939
19.685,0.29239,0.0014659,19.688,0.26795,0.0027921,19.688,0.518,0.059445,19.688,0.50413,0.097235,19.675,0.54968,0.1766,19.673,0.46536,0.10628,19.682,0.10733,0.74619,19.688,0.30973,0.50763,19.688,0.28791,0.40511,19.688,0.3017,0.28964
19.783,0.29239,0.0014523,19.786,0.26795,0.0027771,19.786,0.51812,0.059174,19.786,0.50447,0.096684,19.773,0.55098,0.17831,19.772,0.46452,0.10505,19.78,0.10745,0.75018,19.786,0.31188,0.50934,19.786,0.28976,0.40633,19.787,0.3033,0.28989
19.882,0.29238,0.0014479,19.885,0.26795,0.0027627,19.885,0.51824,0.0589,19.885,0.50479,0.096117,19.872,0.5525,0.18,19.871,0.46359,0.10392,19.879,0.10758,0.75421,19.885,0.31407,0.51106,19.885,0.29162,0.40756,19.885,0.30492,0.29013
19.981,0.29239,0.0014454,19.984,0.26795,0.002749,19.984,0.51836,0.058624,19.984,0.50509,0.095538,19.972,0.55422,0.18165,19.97,0.46257,0.10291,19.978,0.10773,0.75829,19.984,0.31628,0.51279,19.984,0.29351,0.40879,19.984,0.30654,0.29036
20.081,0.29239,0.0014339,20.084,0.26794,0.0027368,20.083,0.51847,0.058344,20.084,0.50537,0.094949,20.072,0.55616,0.18325,20.07,0.46149,0.10203,20.078,0.1079,0.7624,20.084,0.31853,0.51453,20.084,0.29542,0.41003,20.084,0.30819,0.29058
20.181,0.29238,0.0014228,20.184,0.26794,0.0027259,20.184,0.51859,0.058064,20.184,0.50563,0.094353,20.172,0.55832,0.18478,20.171,0.46037,0.10128,20.178,0.10809,0.76656,20.184,0.32082,0.51628,20.184,0.29735,0.41128,20.184,0.30986,0.29078
20.282,0.29238,0.0014231,20.285,0.26795,0.0027149,20.284,0.5187,0.057785,20.285,0.50585,0.093755,20.273,0.56069,0.18621,20.272,0.45921,0.10065,20.279,0.1083,0.77075,20.285,0.32314,0.51803,20.285,0.29931,0.41254,20.285,0.31154,0.29096
20.383,0.29238,0.0014226,20.386,0.26795,0.0027021,20.386,0.51881,0.057508,20.386,0.50605,0.093157,20.374,0.56327,0.18753,20.373,0.45803,0.10015,20.38,0.10854,0.77497,20.386,0.32551,0.51978,20.386,0.3013,0.4138,20.386,0.31324,0.29113
20.485,0.29239,0.0014101,20.488,0.26795,0.002687,20.487,0.51892,0.057235,20.488,0.50623,0.092565,20.476,0.56606,0.1887,20.475,0.45683,0.099757,20.482,0.1088,0.77922,20.488,0.32792,0.52152,20.488,0.30333,0.41507,20.488,0.31495,0.29127
20.587,0.29238,0.0014004,20.59,0.26796,0.0026707,20.59,0.51903,0.056965,20.59,0.50637,0.091983,20.579,0.56906,0.18972,20.577,0.45561,0.099488,20.584,0.10908,0.78351,20.59,0.33036,0.52326,20.59,0.30539,0.41635,20.59,0.31667,0.29138
20.69,0.29238,0.0014023,20.693,0.26796,0.0026552,20.692,0.51914,0.056699,20.693,0.50649,0.091417,20.682,0.57225,0.19054,20.68,0.45438,0.099346,20.687,0.1094,0.78782,20.693,0.33285,0.52498,20.693,0.30749,0.41764,20.693,0.31839,0.29147
20.793,0.29239,0.0013984,20.796,0.26796,0.0026411,20.795,0.51926,0.056433,20.796,0.50659,0.090871,20.785,0.57563,0.19115,20.784,0.45314,0.09934,20.791,0.10974,0.79216,20.796,0.33537,0.52668,20.796,0.30964,0.41892,20.796,0.32012,0.29153
20.897,0.29239,0.0013831,20.9,0.26796,0.0026278,20.899,0.51938,0.056165,20.9,0.50666,0.090349,20.889,0.57917,0.19152,20.888,0.45192,0.099478,20.895,0.11011,0.79652,20.9,0.33792,0.52837,20.9,0.31183,0.4202,20.9,0.32185,0.29156
21.001,0.29238,0.0013751,21.004,0.26796,0.0026146,21.004,0.51951,0.055894,21.004,0.50672,0.089854,20.994,0.58287,0.19162,20.992,0.45072,0.099764,20.999,0.11051,0.8009,21.004,0.34052,0.53004,21.004,0.31407,0.42147,21.004,0.32358,0.29158
21.106,0.29238,0.001377,21.109,0.26796,0.0026017,21.108,0.51964,0.055615,21.109,0.50677,0.089389,21.099,0.58669,0.19142,21.097,0.44958,0.10019,21.104,0.11094,0.80529,21.109,0.34314,0.53169,21.109,0.31637,0.42273,21.109,0.32531,0.29156
21.211,0.2924,0.0013679,21.214,0.26796,0.0025892,21.214,0.51977,0.055329,21.214,0.50681,0.088956,21.204,0.5906,0.19092,21.203,0.44851,0.10076,21.209,0.1114,0.80969,21.214,0.34579,0.53332,21.214,0.31871,0.42397,21.214,0.32702,0.29153
21.317,0.29239,0.0013507,21.32,0.26796,0.0025764,21.319,0.51989,0.055034,21.32,0.50686,0.088554,21.31,0.59457,0.19007,21.309,0.44751,0.10144,21.315,0.11189,0.8141,21.32,0.34847,0.53492,21.32,0.32111,0.42518,21.32,0.32873,0.29148
21.424,0.29238,0.0013475,21.426,0.26796,0.0025631,21.426,0.52001,0.05473,21.426,0.50691,0.088183,21.417,0.59857,0.18888,21.416,0.44661,0.10223,21.422,0.1124,0.8185,21.426,0.35118,0.5365,21.426,0.32355,0.42635,21.426,0.33043,0.29142
21.531,0.29239,0.0013481,21.533,0.26796,0.0025502,21.533,0.52012,0.054419,21.533,0.50697,0.087842,21.524,0.60256,0.18733,21.523,0.44579,0.10311,21.529,0.11294,0.82291,21.533,0.35392,0.53805,21.533,0.32604,0.42749,21.533,0.33213,0.29135
21.638,0.2924,0.0013332,21.641,0.26796,0.0025383,21.64,0.52022,0.054104,21.64,0.50706,0.087527,21.632,0.60649,0.18542,21.631,0.44506,0.10409,21.636,0.11351,0.8273,21.64,0.35668,0.53957,21.64,0.32857,0.42858,21.641,0.33382,0.29126
21.746,0.29239,0.0013202,21.748,0.26796,0.0025272,21.748,0.52031,0.053789,21.748,0.50716,0.087235,21.74,0.61032,0.18314,21.739,0.44441,0.10516,21.744,0.11408,0.83168,21.748,0.35946,0.54107,21.748,0.33113,0.42962,21.749,0.33551,0.29117
21.855,0.29238,0.0013243,21.857,0.26796,0.0025159,21.857,0.52038,0.053478,21.857,0.50729,0.086961,21.849,0.61401,0.18049,21.848,0.44388,0.10632,21.853,0.11467,0.83605,21.857,0.36226,0.54253,21.857,0.33372,0.43061,21.857,0.33721,0.29107
21.964,0.29239,0.0013202,21.966,0.26796,0.0025036,21.966,0.52043,0.053178,21.966,0.50745,0.086698,21.958,0.61751,0.17749,21.957,0.44345,0.10758,21.962,0.11527,0.84039,21.966,0.36508,0.54397,21.966,0.33633,0.43155,21.966,0.3389,0.29096
22.073,0.29239,0.0013018,22.076,0.26797,0.0024909,22.075,0.52048,0.052891,22.076,0.50764,0.08644,22.068,0.62077,0.17416,22.067,0.44316,0.10892,22.072,0.11586,0.84471,22.075,0.36791,0.54537,22.076,0.33895,0.43244,22.076,0.3406,0.29084
22.184,0.29238,0.0012966,22.186,0.26797,0.0024783,22.185,0.52052,0.05262,22.186,0.50786,0.086179,22.178,0.62374,0.17051,22.177,0.44301,0.11033,22.182,0.11644,0.84901,22.186,0.37075,0.54674,22.186,0.34158,0.43327,22.186,0.34231,0.29071
22.294,0.29239,0.0013005,22.296,0.26797,0.0024654,22.296,0.52057,0.052364,22.296,0.50811,0.08591,22.289,0.62639,0.16659,22.288,0.44302,0.11178,22.293,0.11701,0.85329,22.296,0.3736,0.54809,22.296,0.34421,0.43406,22.296,0.34403,0.29056
22.406,0.29239,0.0012868,22.408,0.26798,0.0024506,22.407,0.52062,0.052121,22.408,0.50839,0.085627,22.401,0.62868,0.16243,22.4,0.44318,0.11326,22.404,0.11755,0.85753,22.408,0.37646,0.54941,22.408,0.34684,0.4348,22.408,0.34576,0.29038
22.518,0.29238,0.0012736,22.519,0.26798,0.0024339,22.519,0.52068,0.051889,22.519,0.50868,0.085324,22.513,0.63056,0.15809,22.512,0.44348,0.11475,22.516,0.11806,0.86176,22.519,0.37932,0.5507,22.519,0.34946,0.43551,22.519,0.3475,0.29018
22.63,0.29238,0.0012793,22.632,0.26798,0.002417,22.631,0.52075,0.051663,22.632,0.509,0.084999,22.625,0.63202,0.15361,22.625,0.44392,0.11624,22.629,0.11853,0.86596,22.632,0.38219,0.55198,22.632,0.35208,0.43617,22.632,0.34924,0.28995
22.743,0.29239,0.0012757,22.745,0.26798,0.0024012,22.744,0.52083,0.051439,22.745,0.50933,0.084649,22.739,0.63305,0.14904,22.738,0.44449,0.11774,22.742,0.11894,0.87015,22.745,0.38507,0.55323,22.745,0.35468,0.43681,22.745,0.35098,0.28968
22.857,0.29239,0.0012577,22.858,0.26797,0.0023865,22.858,0.52093,0.051214,22.858,0.50966,0.084273,22.852,0.63362,0.14446,22.852,0.44521,0.11924,22.855,0.11928,0.87433,22.858,0.38794,0.55446,22.858,0.35728,0.43741,22.858,0.35272,0.28938
22.971,0.29238,0.001257,22.972,0.26797,0.0023729,22.972,0.52103,0.050985,22.972,0.50999,0.083869,22.967,0.63376,0.13992,22.966,0.44607,0.12075,22.969,0.11956,0.8785,22.972,0.39083,0.55566,22.972,0.35987,0.43799,22.972,0.35444,0.28904
23.085,0.29239,0.0012617,23.087,0.26797,0.0023603,23.086,0.52113,0.050748,23.087,0.51033,0.08344,23.082,0.63347,0.13548,23.081,0.44711,0.12224,23.084,0.11976,0.88268,23.087,0.39372,0.55685,23.087,0.36245,0.43855,23.087,0.35614,0.28866
23.201,0.29239,0.0012476,23.202,0.26797,0.0023481,23.202,0.52124,0.050504,23.202,0.51065,0.082985,23.197,0.63276,0.13118,23.196,0.44832,0.1237,23.199,0.11987,0.88688,23.202,0.39662,0.55802,23.202,0.36502,0.43908,23.202,0.35782,0.28825
23.316,0.29238,0.0012382,23.318,0.26797,0.002336,23.317,0.52134,0.050256,23.318,0.51096,0.082506,23.313,0.63168,0.12709,23.313,0.4497,0.1251,23.315,0.11989,0.89112,23.318,0.39952,0.55916,23.318,0.36758,0.4396,23.318,0.35946,0.28781
23.433,0.29239,0.0012439,23.434,0.26797,0.0023238,23.434,0.52145,0.050006,23.434,0.51125,0.082008,23.43,0.63025,0.12324,23.429,0.45126,0.1264,23.432,0.11982,0.89539,23.434,0.40243,0.56027,23.434,0.37013,0.44009,23.434,0.36107,0.28735
23.55,0.2924,0.0012336,23.551,0.26796,0.0023111,23.551,0.52155,0.049757,23.551,0.51152,0.081494,23.547,0.62852,0.11966,23.546,0.45296,0.12759,23.549,0.11966,0.89973,23.551,0.40534,0.56136,23.551,0.37268,0.44058,23.551,0.36264,0.28687
23.667,0.29239,0.0012169,23.668,0.26796,0.0022992,23.668,0.52165,0.04951,23.668,0.51177,0.080968,23.665,0.62652,0.1164,23.664,0.45478,0.12867,23.667,0.11941,0.90413,23.668,0.40825,0.56243,23.668,0.37522,0.44105,23.668,0.36417,0.28638
23.785,0.29239,0.0012191,23.786,0.26796,0.002289,23.786,0.52175,0.049264,23.786,0.51199,0.080435,23.783,0.6243,0.11347,23.783,0.45673,0.12963,23.785,0.11908,0.90861,23.786,0.41115,0.56347,23.786,0.37776,0.44151,23.786,0.36566,0.2859
23.904,0.2924,0.0012147,23.905,0.26796,0.0022808,23.905,0.52186,0.049018,23.905,0.5122,0.079899,23.902,0.62192,0.11089,23.902,0.45878,0.13048,23.904,0.11866,0.91319,23.905,0.41404,0.56448,23.905,0.3803,0.44196,23.905,0.36711,0.28542
24.024,0.2924,0.0011951,24.024,0.26795,0.002274,24.024,0.52197,0.04877,24.024,0.51237,0.079364,24.022,0.61941,0.10867,24.021,0.46096,0.13122,24.023,0.11817,0.91787,24.024,0.41692,0.56548,24.024,0.38284,0.4424,24.024,0.36853,0.28495
24.144,0.29239,0.0011935,24.144,0.26796,0.002267,24.144,0.52209,0.048514,24.144,0.51253,0.078834,24.142,0.61683,0.10682,24.142,0.46326,0.13181,24.143,0.11761,0.92267,24.144,0.41979,0.56645,24.144,0.3854,0.44282,24.144,0.36992,0.2845
24.264,0.29239,0.0011952,24.265,0.26796,0.002258,24.265,0.52222,0.048248,24.265,0.51266,0.078311,24.263,0.61422,0.10532,24.262,0.46569,0.13224,24.264,0.11699,0.92758,24.265,0.42264,0.56741,24.265,0.38796,0.44323,24.265,0.37129,0.28407
24.385,0.2924,0.0011786,24.386,0.26796,0.0022471,24.386,0.52234,0.047969,24.386,0.51278,0.077798,24.384,0.61164,0.10416,24.384,0.46822,0.13247,24.385,0.11632,0.93263,24.386,0.42548,0.56835,24.386,0.39053,0.44362,24.386,0.37264,0.28365
24.507,0.29239,0.0011731,24.507,0.26796,0.002236,24.507,0.52246,0.047677,24.507,0.51288,0.077297,24.506,0.60911,0.10334,24.506,0.47083,0.13249,24.507,0.1156,0.9378,24.507,0.42829,0.56928,24.507,0.39311,0.44398,24.507,0.37397,0.28325
24.629,0.29239,0.0011766,24.63,0.26796,0.0022259,24.63,0.52257,0.047373,24.63,0.51297,0.076809,24.629,0.60667,0.10283,24.628,0.47349,0.13226,24.629,0.11485,0.94312,24.63,0.43109,0.57021,24.63,0.39569,0.44431,24.63,0.3753,0.28288
24.752,0.2924,0.0011599,24.752,0.26797,0.0022167,24.752,0.52265,0.047062,24.752,0.51304,0.076336,24.752,0.60436,0.1026,24.752,0.47615,0.13181,24.752,0.11407,0.94858,24.752,0.43387,0.57113,24.752,0.39827,0.44461,24.752,0.3766,0.28252
24.876,0.29239,0.0011504,24.876,0.26797,0.0022083,24.876,0.52272,0.046751,24.876,0.51311,0.075878,24.876,0.6022,0.10264,24.876,0.47879,0.13115,24.876,0.11327,0.9542,24.876,0.43662,0.57204,24.876,0.40085,0.44488,24.876,0.3779,0.28219
25,0.29239,0.0011564,25,0.26797,0.0021991,25,0.52278,0.046448,25,0.51317,0.075434,25,0.60022,0.10292,25,0.4814,0.13026,25,0.11247,0.95998,25,0.43935,0.57296,25,0.40342,0.44511,25,0.37919,0.28188
