0.03963100000009945	3.433391667472734	0.03565900000012334	3.758600604416649	0.03504400000019814	2.04661824683431	0.034971000000041386	2.1563539786296038	0.047365999999783526	1.9963017155976766	0.03899799999999232	2.405400105850212	0.03562800000008792	0.9927362586587251	0.0409959999997227	1.9384273748178615	0.04077499999993961	2.3680489545054275	0.040996000000177446	2.971084872205566
0.1282410000001164	3.46316839640073	0.12479499999994914	3.8256379519031025	0.12981100000024526	2.4271978120803492	0.1389870000002702	2.855073703304323	0.1339379999999437	2.699800824408074	0.12574599999970815	3.278809037502643	0.12639500000022963	3.0604144537376254	0.12943999999970401	4.191056980585755	0.13057400000025154	4.966680522829912	0.13099400000010064	5.6457433088285285
0.13724200000001474	3.466175711788923	0.15243899999995847	3.846114605035418	0.1578180000001339	2.533656092348906	0.16227699999990364	2.999929308175476	0.1638169999996535	2.9270836292501	0.1507449999999153	3.5147457743107813	0.15339500000027328	3.6077063730660903	0.15647599999965678	4.8138714344819835	0.15691000000015265	5.658475419715582	0.15499499999987165	6.303023375153972
0.21280299999989438	3.491295787036095	0.21136100000012448	3.889272086859542	0.22601799999983996	2.78206019270447	0.23324899999988702	3.4172179439971564	0.2221159999999145	3.3491015171726874	0.20836699999972552	4.033424072060483	0.21016499999996086	4.668140432788647	0.2150189999997565	6.067083600168764	0.21537500000022192	7.09080542293857	0.2119940000002316	7.776920630734401
0.23948599999994258	3.5001131665351872	0.24003500000003442	3.9100368826300893	0.3276730000002317	3.1254606156823574	0.2719090000000506	3.6300358663328196	0.24812199999996665	3.5285964010334	0.23456199999964156	4.2580962862176985	0.21816500000022643	4.808316088447297	0.24299399999972593	6.622770372806501	0.24535999999989144	7.773487632006343	0.24199600000019927	8.506052258776162
0.30548799999996845	3.521804867231385	0.31005400000003647	3.9600986889217644	0.4207080000001042	3.413724175957235	0.3315740000002734	3.939760451572774	0.3087989999999081	3.927508095401471	0.2931119999998373	4.73649535809043	0.30462100000022474	6.191017206697497	0.312347999999929	7.890369833643396	0.31329600000026403	9.200798865710329	0.31399199999987104	10.13406510467962
0.31348499999990054	3.5244216786100684	0.340509000000111	3.981591679230702	0.4507100000000719	3.5017324816807442	0.3635549999999057	4.0969031725533505	0.33554499999991094	4.094879341129427	0.32211299999971743	4.96181266591131	0.330623000000287	6.563138027535486	0.3403729999999996	8.361215441735474	0.35429900000008274	9.988009183522081	0.34599600000001374	10.806028028879831
0.3970710000000963	3.551626399983249	0.41550099999994927	4.033800153829686	0.5159200000002784	3.685155846231445	0.4275390000002517	4.393844490221912	0.39612399999987247	4.455865707115487	0.3928729999997813	5.481122053519039	0.3872519999999895	7.3109930918600785	0.4021039999997811	9.321741920660722	0.4184909999999036	11.118459932654142	0.4209930000001805	12.266203836878528
0.4060699999999997	3.554539418840718	0.44209300000011353	4.052071765874921	0.5419289999999819	3.7554175038862474	0.4548370000002251	4.51379369710813	0.4211209999998573	4.597806453778866	0.9134300000000621	8.246032903033557	0.41126000000031127	7.6039143524440505	0.41168900000002395	9.461960605674404	0.4459980000001451	11.567491865582452	0.45200100000010934	12.82603063375791
0.4897450000000845	3.5814787985654957	0.4837769999999182	4.080462346952723	0.613564000000224	3.9408060702934877	0.5220229999999901	4.7929172493018	0.4854169999998703	4.945115945761176	0.9738489999999729	8.4734242739385	0.4718940000002476	8.285408093370615	0.4915089999999509	10.544267853523626	0.5047949999998309	12.461840050551121	0.5245479999998679	14.043717849995593
0.514744999999948	3.5894765288141603	0.5077850000000126	4.096676155965716	0.6485339999999269	4.027145326177166	0.590085000000272	5.053820977848829	0.49341699999968114	4.986603510954852	1.001835999999912	8.573609705223042	0.4995710000002873	8.57069467374593	0.5188539999999193	10.882271497037866	0.5307950000001256	12.830592860453274	0.5521779999999126	14.475617204563822
0.5693790000000263	3.6068732725729857	0.5315279999999802	4.112612766117339	0.7045309999998608	4.159986648571761	0.6167009999999209	5.150246168581887	1.0510609999996632	7.129626220928245	1.071418999999878	8.809415416942857	0.5643490000002203	9.181272086269212	0.5848519999999553	11.635725800631011	0.5914240000001882	13.631742979886749	0.6031090000001313	15.22890710137465
0.5923800000000483	3.6141641725637417	0.5560570000000098	4.1289750622722075	0.7137189999998554	4.181165966992518	0.6744539999999688	5.349291811202976	1.077281999999741	7.2013462161151	1.0964249999997264	8.889744464491285	0.5899549999999181	9.402198432179276	0.6156080000000657	11.958822211166515	0.6004320000001826	13.744122335059348	0.6321160000002237	15.634351797540804
0.6427280000000337	3.6300554172035904	0.6090469999999186	4.163972450944396	0.792667000000165	4.356283899361798	0.6994540000000598	5.431317948531978	1.1432629999999335	7.372911498866949	1.120836000000054	8.966013734041677	0.639744999999948	9.801575182612725	0.6795320000001084	12.578413967733516	0.6790420000002086	14.657533147360914	0.6997190000001865	16.517374813845603
0.665520000000015	3.637218585756251	0.6170489999999518	4.16921613588444	0.8226700000000164	4.419722803031291	0.7494470000001456	5.588244260598087	1.1672679999996944	7.432304149850503	1.1438389999998435	9.035995239146823	0.6647490000000289	9.988051759170578	0.7055310000000645	12.811702181128224	0.7066920000002028	14.951882423193393	0.7263870000001589	16.8432495081108
0.6982829999999467	3.6474822087786887	0.6480719999999565	4.189443957237876	0.8720320000002175	4.5205403135511615	0.7744470000002366	5.663307452479743	1.2178869999997914	7.552529659024825	1.1568339999998898	9.074738356379143	0.7271590000000288	10.415947668040992	0.7578439999997499	13.250910860998042	0.7693739999999707	15.571918824010915	0.7743780000000697	17.399787630601665
0.7212910000000647	3.654666524034189	0.7186839999999393	4.234889704714119	0.8960390000002008	4.56802375485812	0.7874839999999494	5.701580946291381	1.226886999999806	7.573215603095169	1.1646309999996447	9.097714631682056	0.7541630000000623	10.585678882470257	0.7828449999997247	13.44739362744921	0.796346000000085	15.819812911225503	0.7993780000001607	17.675188861565974
0.7352900000000773	3.659028347901239	0.743682999999919	4.25078317015584	0.9466459999998733	4.664921713978689	0.8131870000001982	5.775335465503612	1.302599999999984	7.73940234699124	1.2349449999996978	9.296098293596378	0.8136910000002899	10.93002596641485	0.8198680000000422	13.723435969125328	0.8363439999998263	16.167940036052507	0.8345650000001115	18.046814427008847
0.7702879999999368	3.669902038672515	0.7799620000000687	4.273668173010147	0.9719009999998889	4.711703798049489	0.8272240000001148	5.814680470864788	1.326180999999906	7.788416732940035	1.2689470000000256	9.386578141791572	0.8374029999999948	11.056568002912105	0.8461819999997715	13.909341641054265	0.8623450000000048	16.382386636479374	0.8425649999999223	18.128780375291026
0.8498819999999796	3.694467446727533	0.8599590000001172	4.323388130945585	0.9889040000002751	4.742626099412092	0.853219000000081	5.885846506867716	1.339176999999836	7.814895815731355	1.282451999999921	9.4215730398254	0.8504010000001472	11.123524189918179	0.882184000000052	14.150612799229046	0.9175660000000789	16.808851996233123	0.8955650000002606	18.649232741229238
0.8738820000000942	3.7018302414887683	0.884804000000031	4.338624681031516	1.0139020000001437	4.78726676762201	0.9161859999999251	6.0494687003766865	1.3471769999996468	7.831010206742349	1.2904610000000503	9.442078784116244	0.875405000000228	11.24771970507302	0.9091769999999997	14.322094796064418	0.946570999999949	17.01800667148896	0.904566000000159	18.73385334888654
0.8862750000000688	3.7056241907501293	0.8983149999999114	4.346870130334695	1.0515500000001339	4.852695737217353	0.9243759999999384	6.069874478209631	1.3748489999998128	7.885680037244334	1.3292200000000776	9.538769974473011	0.8884010000001581	11.309955922341413	0.9221779999998034	14.40193333227944	1.0107349999998405	17.447226815821942	0.9730020000001787	19.343618983724774
0.9202749999999469	3.716004896328008	0.942314000000124	4.3735261473122	1.0785660000001371	4.898348481999287	0.9863780000000588	6.2181555225786465	1.3978479999996125	7.929882512321813	1.3512229999996634	9.591832654297995	0.9668860000001587	11.654613729922366	0.9481390000000829	14.556200483927489	1.0383640000000014	17.618771584321827	0.9990069999998923	19.560495556579507
0.9592749999999342	3.7278619596866145	0.9880749999999807	4.40093530905481	1.093206999999893	4.922646826673455	1.0134109999999055	6.279509732657502	1.4474139999997533	8.021475072604224	1.3639459999999417	9.621928593715364	0.9908850000001621	11.750096587139533	1.0096459999999752	14.89579401001783	1.0523590000002514	17.70278997036184	1.0642769999999473	20.071513625910384
1.0106869999999617	3.7434111009067945	1.012075999999979	4.415184275600312	1.1203749999999673	4.966927807575454	1.0869470000002366	6.436923114190766	1.4710529999997561	8.063455188213196	1.3867089999998825	9.674724378870307	1.0018960000002153	11.792465493400435	1.035653999999795	15.029128979177381	1.078356999999869	17.85392580243349	1.0912819999998646	20.269773649508316
1.0448750000000473	3.7536999671607263	1.0670720000000529	4.447509410177613	1.1333580000000438	4.98772434902724	1.1119490000000951	6.487440432902531	1.4826379999999517	8.083640200562902	1.4423249999999825	9.798250380437072	1.0802739999999176	12.069754707770084	1.0666919999998754	15.180800169579166	1.1213670000001912	18.090483249466782	1.1262770000003002	20.515906172288997
1.1084880000000794	3.772736581540694	1.0919759999999314	4.461999900906928	1.1574970000001485	5.025776611618328	1.1279469999999492	6.519001913370365	1.5066389999997227	8.124662888480398	1.466323999999986	9.849249940331186	1.1042740000002595	12.146752716155689	1.1026899999997113	15.347084998172384	1.1303640000000996	18.13793304608772	1.1541270000002442	20.703450146268505
1.1404880000000048	3.7822601549517625	1.120728999999983	4.478616841562605	1.2031419999998434	5.095600970260126	1.15362099999993	6.56844124412714	1.5176359999995839	8.143106998902262	1.513879999999972	9.946404916419551	1.1549549999999726	12.298337928017439	1.1387119999999413	15.50373222351175	1.1908539999999448	18.439783891945492	1.1911250000002838	20.941704685059428
1.1971490000000813	3.7990373179076373	1.1552509999999074	4.49840899961241	1.2301390000002357	5.135625789364958	1.1675979999999981	6.59474267768765	1.566508999999769	8.222483988533517	1.5378820000000815	9.993540806471067	1.1628270000001066	12.320612864604191	1.2214109999999891	15.829604998507111	1.1996229999999741	18.481166388188036	1.2161260000002585	21.095961757811494
1.2186859999999342	3.8053857441163284	1.1952519999999822	4.5211277779093555	1.2894529999998667	5.220369272740242	1.2065880000000107	6.665898231222015	1.601216999999906	8.276375284001753	1.563539999999648	10.04257206917206	1.2008310000001075	12.423643335774468	1.2464099999997416	15.919595022126378	1.270202000000154	18.79396792261228	1.261359000000084	21.36192595734397
1.2396850000000086	3.811560477298367	1.2687049999999545	4.562254242793316	1.3134530000002087	5.253452490424591	1.2475830000003043	6.737327828876168	1.6472139999996216	8.344774726482427	1.5995370000000548	10.10907460233418	1.2338300000001254	12.507353065316051	1.2604129999999714	15.968392933044019	1.2952040000000125	18.896609566966664	1.2873610000001463	21.507506503735918
1.2796840000000884	3.8232810327916744	1.293677000000116	4.57606392160604	1.3264520000002449	5.271089437386865	1.2873279999998886	6.803423523887689	1.6834409999996751	8.396327675459972	1.6536849999997685	10.204302458199974	1.2694030000002385	12.59200986973308	1.3006999999997788	16.10262900350905	1.3167710000002444	18.9819348485305	1.3193590000000768	21.679689060663755
1.3199259999998958	3.835018647813266	1.3194550000000618	4.590228751598288	1.3624509999999646	5.318921902675757	1.3280589999999393	6.868090145068318	1.7701169999995727	8.511896321536984	1.722498000000087	10.31748372727217	1.3379760000002534	12.740259299475385	1.33753999999999	16.217790543436692	1.3984730000001946	19.280007688402247	1.3443600000000515	21.80907821813155
1.3595439999999144	3.8465215041836367	1.3554050000000188	4.6098306504092585	1.4078060000001642	5.377131064061087	1.4178980000001502	7.000469884222912	1.7947829999998248	8.542889414387005	1.7454929999998967	10.353457583224552	1.3646950000002107	12.79313718200205	1.3765419999999722	16.3323229038546	1.4231290000002446	19.362674315049002	1.357199000000037	21.87382931869372
1.399556000000075	3.8580859313852307	1.3950720000000274	4.6312552783583065	1.4458039999999528	5.4241970878989125	1.4441139999998995	7.036604261291175	1.8067739999996775	8.557666931192832	1.7594939999999042	10.374926047843484	1.404986000000008	12.868137296429582	1.4140769999999065	16.435827591927925	1.4371289999999135	19.408207921937574	1.3927570000000742	22.04736134336025
1.4401470000000245	3.8697637660571536	1.4350019999999404	4.652608175983524	1.4838049999998475	5.469771797688897	1.4698170000001483	7.070998500039579	1.8527709999998478	8.612651627784338	1.829812999999831	10.477972557157935	1.4429829999999129	12.93399573656598	1.452085999999781	16.53435347213253	1.461775000000216	19.485978135226418	1.4387550000001283	22.25976018488051
1.4965279999998984	3.885894753693244	1.4910090000000764	4.682201602247748	1.523352000000159	5.5156677336330775	1.4961060000000543	7.105151804195453	1.902741999999762	8.669450739896751	1.8608110000000124	10.520977526992164	1.4779090000001815	12.990660231484458	1.4875499999998283	16.620932726756557	1.5076050000002397	19.622863930884343	1.5195290000001478	22.60221119164549
1.5325250000000779	3.8961396129052086	1.532848999999942	4.7040410556105	1.5573490000001584	5.553914519758984	1.5210990000000493	7.136689696333783	1.924514999999701	8.693284463611814	1.8974809999999707	10.570039457545967	1.5434220000001915	13.087815656207512	1.5329649999998765	16.724764876123412	1.555406999999832	19.755605623540365	1.5425319999999374	22.693111972347893
1.5685269999999036	3.90634395732293	1.569488999999976	4.722980182526672	1.5943499999998494	5.594313306631737	1.5570950000001176	7.180571433924862	1.9495179999998982	8.71999410571868	1.9311789999997018	10.613460129518574	1.551422999999886	13.098921108392496	1.5689640000000509	16.801818373942506	1.5893550000000687	19.844080038929448	1.5585289999999077	22.754693449106856
1.6015259999999216	3.9156604794712075	1.6074840000001132	4.742438244983772	1.6496320000001106	5.652377453206116	1.6087680000000546	7.240527241229638	1.9957249999997657	8.767563220796955	1.9677599999999984	10.658863854789356	1.5980690000001232	13.16062374544654	1.6602389999998195	16.978338644199976	1.6033550000001924	19.879237394443493	1.6066970000001675	22.932355575652732
1.6435280000000603	3.927468344606506	1.6451270000000022	4.7615357801302345	1.7006300000002739	5.703607948880565	1.699312000000191	7.337549461654078	2.033382999999958	8.804681188316637	2.0016430000000582	10.699374266440248	1.6317939999998998	13.202181655193368	1.684237999999823	17.020639220259653	1.6500179999998181	19.991100708131867	1.6923329999999623	23.22140725997088
1.6795250000000124	3.937543315149356	1.6807109999999739	4.779425483561496	1.7374300000001313	5.739243530998061	1.7243210000001454	7.362662942859933	2.066406999999799	8.836065136318934	2.0386419999999816	10.741982743735889	1.6657940000000053	13.241673283869554	1.7072379999999612	17.059696831457348	1.6956270000000586	20.092980709433878	1.7209139999999934	23.310813631863574
1.7199339999999665	3.948804217640647	1.7157090000000608	4.796867416638245	1.7714280000000144	5.771209366731694	1.77231299999994	7.408944371147482	2.107136999999966	8.87333350169388	2.079193999999916	10.786813852419773	1.705402999999933	13.2848420464168	1.7418439999996735	17.115855706847096	1.7336260000001857	20.172625429102908	1.7339130000000296	23.350376790396094
1.760056000000077	3.9599342321961872	1.7543210000001181	4.815936050773304	1.8084269999999378	5.804986643080361	1.7983110000000124	7.433007702554544	2.1498029999997925	8.910742803397342	2.118832999999995	10.828830359945096	1.7451630000000478	13.32532449377012	1.8088339999999334	17.2162802321626	1.7702399999998306	20.245155398143392	1.770926000000145	23.459399609938746
1.8227919999999358	3.977236479362241	1.7949610000000575	4.835810717219721	1.8446720000001733	5.83708732842382	1.8135740000002443	7.446816632563581	2.186797999999726	8.941889828963436	2.159527999999682	10.870194562457428	1.7851620000001276	13.363385942914475	1.8178060000000187	17.228951820451954	1.849540000000161	20.38922523048174	1.8055340000000797	23.55667253884631
1.8571099999999205	3.9866494075373264	1.8529559999999492	4.863829987097487	1.8852249999999913	5.8718833933363275	1.849572999999964	7.478482230116523	2.223246999999901	8.971456097459578	2.2035299999997733	10.912995512740682	1.8256369999999151	13.399387082359597	1.8704459999999017	17.299859930089095	1.8585410000000593	20.404527942775072	1.8407130000000507	23.65115937758316
1.9017750000000433	3.998845878962353	1.8898619999999937	4.881453324346087	1.9232240000001184	5.903451287726006	1.886569000000236	7.509748472631953	2.26395599999978	9.003218441742648	2.246846000000005	10.953270488213798	1.8656329999998889	13.432668075788817	1.9064289999996618	17.345134838223238	1.8921920000002501	20.4599670104573	1.8987110000002758	23.797841996915956
1.935662000000093	4.008058354128872	1.9248600000000806	4.8980185439544055	1.9634040000000823	5.935778615670199	1.9261930000002394	7.541864798976743	2.3039529999996375	9.033187316877601	2.281387999999879	10.984126871488973	1.9054380000002311	13.463698368032137	1.920448999999735	17.362113416203012	1.926796000000195	20.51418292243257	1.9229420000001483	23.855955288341526
1.969663999999966	4.017266816148445	1.9598590000000513	4.91444256912945	1.9980390000000625	5.962805687618535	2.001180000000204	7.598993393173242	2.3436209999999846	9.061752029654432	2.3189680000000408	11.016482333472645	1.9447909999998956	13.49247970734513	1.9592059999999947	17.407214663675976	1.9604279999998653	20.56431108270826	1.9589430000000903	23.939037819906112
2.0042949999999564	4.0266094766076606	1.9995420000000195	4.932895060546375	2.034035000000131	5.990098855822947	2.026857000000291	7.617518220024426	2.3842499999996107	9.089867131999151	2.3589680000000044	11.049589650392123	1.9857879999999568	13.520610314460468	1.9992029999998522	17.45108088900315	2.005747000000156	20.62810347151052	1.9909410000000207	24.009753475265605
2.039348000000018	4.036029015412806	2.0345380000001114	4.9490200984200445	2.0753789999998844	6.020479398125415	2.0612590000000637	7.641552795994116	2.4238249999998516	9.116191690175976	2.399431999999706	11.081746270732909	2.0251940000002833	13.54600198640341	2.045235000000048	17.498433227959595	2.04377599999998	20.678516517020537	2.025532000000112	24.083046226387573
2.0793180000000575	4.046724715058327	2.0793659999999363	4.969475041563057	2.1596840000001976	6.079375955297661	2.0982630000003155	7.666440388418887	2.4694189999995615	9.145282383510413	2.4392210000000887	11.112117071401808	2.065234000000146	13.570274424959663	2.100296000000071	17.551014413904568	2.0807749999999032	20.72501016027976	2.071158000000196	24.174971361963685
2.1192949999999655	4.057374427390728	2.114990999999918	4.985571936834905	2.183575000000019	6.095354647785008	2.1338270000001103	7.689457073489721	2.5050489999998717	9.167134794711068	2.4792199999997138	11.1414563365874	2.105231999999887	13.593100119175697	2.1352959999999257	17.582313627670416	2.1263309999999365	20.779020168612618	2.147719000000052	24.317958198350713
2.1592909999999392	4.067981572566451	2.1602520000001277	5.005822443285257	2.1995750000000953	6.10588646979461	2.1698300000002746	7.711895705532461	2.557766999999785	9.198120293964818	2.5229930000000422	11.172258460880832	2.145144000000073	13.614568277003663	2.1744519999997465	17.61551357682667	2.1609330000001137	20.817806694101193	2.1717210000001614	24.36007525516947
2.2002899999999954	4.078805552709702	2.194981000000098	5.0212104015393	2.234574000000066	6.128461503997677	2.2058270000002267	7.733500343518548	2.5873869999995804	9.214855255496941	2.559353999999985	11.1968548974649	2.184939000000213	13.634770797075317	2.2124839999996766	17.64603992363795	2.2036090000001423	20.863159351979075	2.186717999999928	24.38576999925807
2.2397289999998975	4.089170979704871	2.2345990000001166	5.0386069873372685	2.2748710000000756	6.153688794961425	2.243821999999909	7.755442807637499	2.623222999999598	9.234482056839111	2.5994000000000597	11.222951763191588	2.2249369999999544	13.653957920614921	2.281113000000005	17.697180048847276	2.2402759999999944	20.90006877855392	2.2267259999998714	24.45206686282287
2.293333999999959	4.10318657453528	2.322883999999931	5.076778639136561	2.313868000000184	6.177349112373489	2.2845430000002125	7.778022081220112	2.682050999999774	9.265296791719472	2.6433999999999287	11.250480732211049	2.265429999999924	13.672327236709368	2.3096040000000357	17.717031641735964	2.2842759999998634	20.942015638650208	2.3104889999999614	24.580946304055633
2.3310039999998935	4.112985803841265	2.330883999999969	5.080197519975956	2.3548690000002352	6.201455058451596	2.3192739999999503	7.796547999317089	2.7158230000000003	9.282235889918836	2.6872379999999794	11.27677413309023	2.3054290000000037	13.68950953525429	2.3246140000001105	17.727185290876086	2.3199620000000323	20.974275818569378	2.3364919999999074	24.61841238827042
2.375003000000106	4.124379505302635	2.3638840000000982	5.094230886644614	2.3951179999999113	6.224378430467781	2.3564480000000003	7.815663728769986	2.7488219999995636	9.298282878960888	2.7210939999999937	11.296341427509056	2.3450510000002396	13.70565810090562	2.359602999999879	17.750073406955412	2.365812999999889	21.01356612849921	2.3510630000000674	24.63891084408272
2.4681550000000243	4.148318497399804	2.397909000000027	5.108583797907981	2.4395950000002813	6.248888496653259	2.395451000000321	7.8349619288211185	2.7838879999999335	9.31480941771871	2.759538999999677	11.317814402057879	2.384348999999929	13.72088210688581	2.4047679999998763	17.77808911793757	2.405811000000085	21.045987080246164	2.391175000000203	24.693569797459787
2.4911560000000463	4.154191497527673	2.4402489999999943	5.126281022032689	2.4965259999999034	6.279056190386812	2.435037000000193	7.85379122003253	2.823714999999993	9.332949362683577	2.814216999999644	11.347052111672681	2.425348000000213	13.735987677135864	2.4427670000000035	17.800413109635407	2.440462000000025	21.072767864198926	2.4260300000000825	24.739044377817862
2.503787000000102	4.157410294320478	2.475787999999966	5.140997316391002	2.534200999999939	6.298306693156094	2.4746610000001965	7.871910235175211	2.8637109999999666	9.35052034400395	2.863918999999896	11.372373836294559	2.4651699999999437	13.749957357959378	2.4796269999997094	17.821052466360783	2.484132999999929	21.104902538641237	2.47147300000006	24.795668771100036
2.5384220000000823	4.166213376148834	2.519741999999951	5.159025640893182	2.571183999999903	6.3166725898295875	2.5146490000001904	7.889491759902378	2.9035339999995813	9.367400840686734	2.9088159999996606	11.394277797526238	2.5048790000000736	13.763250896587154	2.5201309999997648	17.84265339976851	2.5257339999998294	21.13394440709265	2.526159000000007	24.860062276987467
2.572400000000016	4.174816752595328	2.5545130000000427	5.173153732983375	2.626181000000088	6.34304888225999	2.6002830000002177	7.924917143694131	2.943528999999671	9.383764627425528	2.931626000000051	11.405069248092582	2.5488530000002356	13.777288452930017	2.5601309999997284	17.862949581902235	2.5607340000001386	21.157268440533706	2.55978499999992	24.897750898040655
2.607058000000052	4.183559086652912	2.594853999999941	5.189398684189579	2.6521849999999176	6.355144477148894	2.6090500000000247	7.928381807634463	2.9840049999997973	9.399750542668595	2.9636249999998654	11.419839974323464	2.585653999999977	13.788525981744147	2.6011759999996684	17.88277843928186	2.6044600000000173	21.18507469276073	2.5950889999999163	24.935847944170813
2.6407030000000304	4.1920139562838	2.634714000000031	5.205297234777418	2.6741790000000947	6.365192310097923	2.638560000000325	7.9398336311514175	3.0238619999995535	9.41495236165285	2.9990929999999025	11.435727068797574	2.6247020000000703	13.799979867764034	2.640179999999873	17.900747766045846	2.65730399999984	21.216842177228838	2.6300900000001093	24.972201489483357
2.679446999999982	4.201711402611328	2.6847110000001067	5.225027064139773	2.7141790000000583	6.383048585716513	2.6782690000000002	7.954747364967529	3.0628600000000006	9.429331286853081	3.0390919999999824	11.453056954508423	2.6646989999999278	13.811247443445904	2.681152999999995	17.918769376075645	2.6930440000001	21.237268486586952	2.6710880000000543	25.01308318070905
2.720017000000098	4.211821627777772	2.718006999999943	5.238037017112099	2.7551770000000033	6.4008084594169325	2.714903999999933	7.968023075199783	3.103175999999621	9.443704024248555	3.0789139999997133	11.469719278684936	2.70584800000006	13.822386099511283	2.7201249999998254	17.935152104753904	2.7627090000000862	21.274833524937595	2.705738999999994	25.046279000105667
2.75960299999997	4.22164323414648	2.754527000000053	5.252189156523276	2.7949760000001334	6.417543056538188	2.777437000000191	7.9896701405606025	3.1437859999996363	9.45769832688553	3.1186469999997826	11.48578339052932	2.744858000000022	13.832553395063472	2.7591389999997773	17.95086078224293	2.787710000000061	21.287640053683194	2.7453450000002704	25.082781109248657
2.79960200000005	4.2315240131118355	2.7947639999999865	5.267640793928554	2.8337259999998423	6.433374781545344	2.8120899999998983	8.001144622165357	3.18378199999961	9.471028309639697	3.1592329999998583	11.501640181505906	2.785439000000224	13.84275584847915	2.799293999999918	17.96635384360705	2.801531999999952	21.29457628931815	2.786348000000089	25.119038581212116
2.8392599999999675	4.241277831439667	2.8357639999999265	5.283235170852962	2.8747050000001764	6.449639144831931	2.8470860000002176	8.012375080511417	3.22358099999974	9.483866641909035	3.199286999999913	11.516766940663139	2.825018999999884	13.85236669954457	2.839426000000003	17.98119944809633	2.8405320000001666	21.31361815209354	2.8256540000002133	25.15241382897874
2.878924999999981	4.250991056872092	2.874309999999923	5.297759404285603	2.913879000000179	6.464743967895143	2.884082000000035	8.023873122477587	3.2632629999998244	9.496262970516463	3.242797999999766	11.532639060274098	2.8650179999999636	13.861764184781554	2.8793900000000576	17.995391114083027	2.8811829999999645	21.33267600961911	2.865654000000177	25.18506762712045
2.9309240000000045	4.263660943798204	2.9153080000000955	5.31306375661042	2.959385999999995	6.481767152905342	2.9207500000002256	8.034906043827247	3.303740999999718	9.508510629237527	3.2789859999998043	11.54541566683737	2.9046339999999873	13.87078301599686	2.9195529999997234	18.00909843629832	2.9209399999999732	21.350584650441142	2.9062159999998585	25.216905308170563
3.0071009999999205	4.282092477982229	2.955306000000064	5.327853574138888	2.9943170000001373	6.494465962352846	2.956746000000294	8.045400370908988	3.3478470000000016	9.521420287271143	3.3226669999999103	11.56034861046579	2.945227000000159	13.879748938969692	2.9595829999998386	18.02224388907067	2.9609510000000228	21.367925891777393	2.9458340000001044	25.24683200501665
3.0310369999999693	4.287852404129508	2.9944940000000315	5.342210133331373	3.0341929999999593	6.508585669239491	2.9947409999999763	8.056131777863877	3.3834149999997862	9.531514711557529	3.3596849999998994	11.5726034248979	2.9852280000000064	13.88833222799955	3.0005809999997837	18.03520890848417	3.0002300000001014	21.384327059593712	2.985834999999952	25.275940541182113
3.0430180000000746	4.290729859911394	3.03449599999999	5.356729906394132	3.0792270000001736	6.524065983689352	3.0343910000001415	8.0669690730025	3.4372079999998277	9.546271694955186	3.4034419999998136	11.58663788837462	3.0248740000001817	13.89661141045407	3.0403559999999743	18.04733775254953	3.0400079999999434	21.400347902653834	3.025771999999961	25.303954134357305
3.079238999999916	4.299406206608533	3.106211999999914	5.382424532903368	3.1142549999999574	6.535777359241712	3.074391000000105	8.077545282187376	3.472309999999652	9.555585568746391	3.439183999999841	11.597754867326012	3.0654970000000503	13.904877158361344	3.0798279999999068	18.05896602131838	3.081854000000021	21.416603703193406	3.0757779999999	25.337642578662347
3.1192399999999907	4.308948381991579	3.131212000000005	5.391281348448837	3.159212000000025	6.5504017755430874	3.115381999999954	8.088029507697344	3.507796999999755	9.56475995512191	3.4794520000000375	11.609922993609402	3.105497000000014	13.912817441740584	3.1198340000000826	18.070364335725024	3.1208510000001297	21.431236577253777	3.143949000000248	25.381263071386012
3.1589329999999336	4.318376193207203	3.155001000000084	5.399661561799542	3.1949290000002293	6.56170581886989	3.158050000000003	8.09858062479545	3.5431769999995595	9.57367437699645	3.5192779999997583	11.621602244419439	3.1449499999998807	13.92047068368845	3.1672789999997804	18.0834124931967	3.160921000000144	21.44578699436832	3.1529490000002625	25.38683492753478
3.199546000000055	4.327980599335209	3.200458000000026	5.415546935131005	3.2339310000002115	6.573742679717071	3.1940420000000813	8.107207330285723	3.5831749999997555	9.583484556600675	3.5595650000000205	11.633073570748929	3.1859480000002804	13.928250165457447	3.202277999999751	18.09273352468547	3.2007400000002235	21.45979029054595	3.190950000000157	25.409906252268634
3.240545000000111	4.3376335257832945	3.2344940000000406	5.427332285302074	3.2734989999999016	6.58563802307208	3.2350360000000364	8.116742441117246	3.623171999999613	9.593022495660621	3.5996399999999085	11.644157749308333	3.2622550000000956	13.942304755885441	3.2402759999999944	18.10258046682055	3.2455540000000838	21.475042855159124	3.225949000000128	25.430529236396318
3.279111000000057	4.346674624421938	3.2744930000001204	5.441064603076798	3.314128999999866	6.5975329907434554	3.27862099999993	8.126557064060444	3.663169999999809	9.602300814014107	3.6393269999998665	11.65482801894951	3.2872529999999642	13.94679957979543	3.296418999999787	18.116647051345037	3.2815490000002683	21.48692995301576	3.2653949999998986	25.45309106119797
3.319684000000052	4.356145653518149	3.31895499999996	5.45618144629819	3.3541260000001785	6.608937615596286	3.313955000000078	8.134280855468546	3.703168999999889	9.611331093655743	3.679261999999653	11.665270964540715	3.3052740000002814	13.950008942899549	3.333364000000074	18.12561253711966	3.320231000000149	21.499366220631153	3.3054230000002462	25.475286818254254
3.3596829999999045	4.365442196316399	3.3549490000000333	5.468306614936846	3.3941110000000663	6.620047192443237	3.35559400000011	8.143128017972789	3.7431629999996403	9.62012309860531	3.7188569999998435	11.675346991558705	3.344250000000102	13.956866159635812	3.369177000000036	18.13409867997192	3.365925000000061	21.513634575345083	3.3453480000002855	25.49676307289898
3.3993660000001	4.374625786514433	3.3947160000000167	5.481586969106069	3.434082000000217	6.630871862374395	3.394590000000335	8.151175047740745	3.7831849999997758	9.628694477907462	3.758425999999872	11.685152334861948	3.3848699999998644	13.963897904323192	3.403841999999713	18.142132480689554	3.3998890000002575	21.523962649445828	3.385671000000002	25.517819531590636
3.4395099999999275	4.383876248872271	3.4350620000000163	5.4949377999398905	3.4750810000000456	6.641693542075984	3.4345820000003187	8.159199379695337	3.8231589999995776	9.637039234052576	3.799424999999701	11.695046248911758	3.4243139999998675	13.970622472585713	3.4398409999998876	18.150298902465387	3.4404899999999543	21.53601850925244	3.425655000000006	25.53810513442155
3.4795090000000073	4.3930536955242205	3.475730999999996	5.50827168358323	3.5142989999999372	6.6517880138204735	3.4822950000002493	8.168485696416681	3.8661559999995916	9.645784732264644	3.8389939999997296	11.70435023087066	3.4646230000003015	13.977397084153049	3.479522999999972	18.159105270238623	3.4860509999998612	21.54919477725303	3.4664569999999912	25.55823048943986
3.53463499999998	4.40563753798827	3.5156560000000354	5.5212420861858575	3.559324000000288	6.663078724199647	3.5192900000001828	8.17548149334915	3.9141159999999218	9.655271738693596	3.8835909999997966	11.714561834862081	3.504503999999997	13.98401018294338	3.5191369999997733	18.167705191959882	3.520825000000059	21.559016950808136	3.506304999999884	25.57735590783896
3.5866550000000643	4.4174444125458985	3.5551609999999982	5.533960783350397	3.5942939999999908	6.6716356983989344	3.554286999999931	8.181942853807909	3.953791999999794	9.662916864315536	3.9195890000000873	11.722601878432302	3.545329000000038	13.990694591824164	3.559138999999959	18.17620826507007	3.5654600000002574	21.571346849379804	3.5458160000002863	25.595831958880044
3.622967000000017	4.425647235501941	3.5941620000000967	5.546406010358454	3.6336080000000948	6.681041883478329	3.594078999999965	8.18911269833936	3.9868459999997867	9.669151817810334	3.959071999999651	11.731221641094228	3.5883170000001883	13.997647244461579	3.599218999999721	18.184557622869495	3.600467000000208	21.580812201079286	3.5862419999998565	25.61426134229197
3.697200000000066	4.442317746135208	3.634859000000006	5.559275954784999	3.6736070000001746	6.690387678052235	3.634074999999939	8.196138329484418	4.023114999999962	9.675858578929942	3.9985859999997047	11.73964918022392	3.629092000000128	14.004166950512287	3.645017999999709	18.19390430108512	3.6400589999998374	21.5913140789737	3.625782000000072	25.63184832517429
3.719784000000118	4.447363327649601	3.675386000000117	5.571975271691093	3.7193449999999757	6.700807473201564	3.6740680000002612	8.202990615529616	4.063111999999819	9.683098019070702	4.039479999999912	11.748170946151278	3.6655500000001666	14.009939247758103	3.679020000000037	18.200718546117493	3.6812760000002527	21.602032101069852	3.6657820000000356	25.649223312471193
3.7317840000000615	4.450039365285589	3.7153690000000097	5.584391148807946	3.754077999999936	6.708536747339236	3.7147060000002057	8.209784843242717	4.104025999999976	9.690340803104524	4.080061999999998	11.75643570541906	3.7049550000001545	14.01612195313998	3.719391000000087	18.2086802622528	3.7302740000000085	21.614508078156707	3.706003000000237	25.666295351739404
3.765427000000045	4.45752367609788	3.754805999999917	5.596528800430474	3.7991040000001703	6.718329696256495	3.754703000000063	8.216313897979646	4.1430239999999685	9.69709813622791	4.11868000000004	11.764130971576082	3.745531000000028	14.022431895024997	3.758597000000009	18.216286769115502	3.7658900000001267	21.623407964116627	3.7507470000000467	25.6848444362978
3.803429000000051	4.465945587645357	3.794806000000108	5.608730721651551	3.8866760000000795	6.736678810673405	3.794799000000239	8.222709294318056	4.183866999999736	9.704028979033662	4.158347999999933	11.771871107838791	3.785182999999961	14.028546960712717	3.799293999999918	18.224060573362756	3.8005080000002636	21.63193105766209	3.7854230000002644	25.698916850722263
3.8394290000001092	4.473892556883962	3.833800999999994	5.620521576560686	3.9116790000002766	6.741756586908872	3.8347929999999906	8.228946086663894	4.222862999999961	9.71051300108767	4.199164999999994	11.77966941476745	3.8243290000000343	14.034538111595324	3.844720000000052	18.232601193199336	3.8404920000002676	21.64162823736223	3.831003000000237	25.71703544958291
3.8940399999999045	4.48589016860783	3.880194000000074	5.634416567400136	3.9256780000000617	6.744569522480288	3.878791000000092	8.23565111199118	4.263691999999992	9.717168431398589	4.239244999999755	11.787170535050162	3.86473100000012	14.040677292497271	3.879739999999856	18.239093720742506	3.919726999999966	21.660417016957446	3.8659990000001017	25.730670355161607
3.9289320000000316	4.493519457036385	3.914504999999963	5.644601157766593	3.9632010000000264	6.752005281841652	3.914494999999988	8.24097762567382	4.303277999999864	9.723496763651761	4.2789960000000065	11.794464025741172	3.905003000000306	14.046755429818262	3.9198049999999967	18.24643029813807	3.9537310000000616	21.668320124167476	3.9103660000000673	25.74763120294381
3.9634820000001127	4.501046307464777	3.955490999999938	5.656666001250404	4.001778000000286	6.759496157221918	3.9654890000001615	8.248416380771092	4.342905999999857	9.729714542106098	4.318676999999752	11.801606171984867	3.989238000000114	14.059349106226609	3.9596050000000105	18.25362810688037	3.9665319999999156	21.671272069487898	3.9453659999999218	25.760768357345377
3.9990889999999126	4.508774773833869	4.027254999999968	5.67752942321373	4.037382999999863	6.766276210261042	4.005482999999913	8.254118518833646	4.382901999999831	9.7358763685241	4.40098399999988	11.816006051058057	4.013785000000098	14.062991426467326	4.0036049999998795	18.261488031911814	4.002307000000201	21.679457534956484	4.000366000000213	25.781006676643702
4.0396780000000945	4.517549286726202	4.052253000000064	5.68471978635618	4.074575000000095	6.773225947747365	4.04734099999996	8.259968663346731	4.4275259999999435	9.742622606027465	4.423831000000064	11.819909456914017	4.027606999999989	14.065037300801661	4.039314999999988	18.267796869983936	4.039941999999883	21.68797103732095	4.036763999999948	25.794143330395766
4.079238999999916	4.526065580815715	4.079895999999962	5.692625101207555	4.119576000000052	6.781460194494266	4.083337000000029	8.264907701809271	4.472245999999814	9.749253835385906	4.43882799999983	11.822450558721217	4.064789999999903	14.070523772031699	4.114700999999968	18.280926287092786	4.080719999999928	21.697089561262246	4.072782000000188	25.806953510889617
4.119239000000107	4.534640464292631	4.116872000000058	5.703124811294018	4.197888000000148	6.795355182029883	4.118331000000126	8.26963149906775	4.5032209999999395	9.75377431033434	4.478693000000021	11.829126287369203	4.104221999999936	14.076316268273537	4.138697999999749	18.285055914474327	4.120472999999947	21.705879518598273	4.111764000000221	25.820616671763897
4.159803999999895	4.543299795272962	4.154230999999982	5.7136473563262395	4.232887000000119	6.801395039060053	4.154027000000042	8.274374419555814	4.543061999999736	9.759505082776673	4.518689999999879	11.835712863362284	4.1444919999999	14.082206462400919	4.1600329999996575	18.288708634618192	4.160472000000027	21.7146312629319	4.145996000000196	25.83245127763605
4.204373999999916	4.552771737142572	4.198671999999988	5.726053408398374	4.253967000000102	6.804984204608378	4.194019000000026	8.27960139276128	4.583385999999791	9.765213508193035	4.599860999999692	11.84875792513377	4.185222000000067	14.088139817672399	4.2000309999998535	18.295511198127908	4.199768999999833	21.7231447291445	4.185997000000043	25.846096628937428
4.244376000000102	4.561235378198467	4.234684000000016	5.736018793085247	4.290530000000217	6.811125220921754	4.235016000000087	8.28486894759308	4.623304999999618	9.770777676671456	4.607861999999841	11.850021564869666	4.225220000000263	14.093944737249183	4.240030999999817	18.302258231717992	4.240256000000045	21.731833861499105	4.225983000000269	25.85954952191734
4.312953999999991	4.575663159739418	4.2746669999999085	5.746992176928401	4.3261170000000675	6.817002416446925	4.273653000000195	8.289753139651674	4.663024999999834	9.776232099428304	4.638846999999714	11.854879306955334	4.265218000000004	14.099729703666364	4.279602000000068	18.308881599481712	4.286023000000114	21.741562527085343	4.26562100000001	25.872710756828198
4.321955000000116	4.577549189381053	4.330985000000055	5.762288550413633	4.3627480000000105	6.822952446914027	4.314542000000074	8.294841358296871	4.703020999999808	9.781645444776435	4.683849000000009	11.861836266267002	4.3052160000002	14.105496232290868	4.318944000000101	18.31541941307348	4.31976799999984	21.748676141108707	4.306183000000146	25.886008915423297
4.369658000000072	4.587515222306548	4.376981000000114	5.774644279351746	4.399420000000191	6.828811233280637	4.3543320000003405	8.299716951297793	4.743686999999682	9.787071857111497	4.719493999999941	11.86726754565101	4.345217999999932	14.111246297572837	4.358934999999747	18.322020023617508	4.360466000000088	21.757192589434442	4.3458700000001045	25.898863170585063
4.402287000000115	4.594303609489045	4.41220700000008	5.784024626507878	4.449489000000085	6.8366579782038315	4.412325000000237	8.306696310429603	4.783261999999922	9.792280910100398	4.758492999999817	11.87313335244474	4.385215000000244	14.116979900429936	4.398855999999796	18.328566795637876	4.400109000000157	21.76542620346023	4.390510000000177	25.913146814184813
4.439288999999917	4.601974017055856	4.462872999999945	5.797392912054291	4.48642000000018	6.842337179076873	4.448319999999967	8.310956647171112	4.823261000000002	9.797477046595898	4.79848899999979	11.879069669222009	4.425213999999869	14.122699241817376	4.439859999999953	18.335250158777054	4.445223000000169	21.774726603868142	4.425506999999925	25.924222689612876
4.479129000000057	4.610199904887448	4.498873000000003	5.806803973271627	4.523067000000083	6.847884945927834	4.487171000000217	8.31549670682545	4.862964999999804	9.802569564066511	4.8391240000000835	11.885022172925828	4.465211000000181	14.128404854601248	4.478631999999834	18.341534047658325	4.480359000000135	21.781922050220363	4.465889999999945	25.936877058661118
4.5188060000000405	4.618358490187911	4.536247000000003	5.81649814642516	4.563062000000173	6.8538431565639115	4.523169000000053	8.31965171216483	4.9025189999997565	9.807581026134235	4.878975000000082	11.890786346096442	4.504214000000047	14.133956702392918	4.51950799999986	18.34812391816117	4.526358999999957	21.791283132896545	4.510735000000295	25.950780187165343
4.559801999999991	4.62675322337961	4.573855999999978	5.826175861887372	4.5977130000001125	6.858926615392763	4.589984000000186	8.32723934022896	4.943203999999696	9.812674286655657	4.919046999999864	11.896512461234728	4.545208999999886	14.139780326944715	4.57850899999994	18.35757731363388	4.560359000000062	21.798161729570136	4.5447360000002845	25.96122238659217
4.599361999999928	4.634820304504645	4.610854999999901	5.83562163596925	4.633491000000049	6.864101328192825	4.615983000000142	8.330150366305066	4.9832009999995535	9.817623345019157	4.958556999999928	11.902092632566193	4.5977530000000115	14.147228394678125	4.61492700000008	18.36338047193637	4.60335699999996	21.80681472293357	4.585853000000043	25.973742318693805
4.639018000000078	4.6428740249837235	4.647668999999951	5.844947154164211	4.675489000000198	6.870082848987451	4.639699000000292	8.332786450115146	5.022801999999956	9.822469217090223	4.999127000000044	11.907757780101273	4.6347020000002885	14.152455899792091	4.651926000000003	18.36925312547612	4.645356999999876	21.8152204370951	4.625628000000233	25.9857474319776
4.679247999999916	4.651010811776525	4.684643999999935	5.85424090319885	4.713876000000255	6.875465431200339	4.674696999999924	8.336644012592378	5.063366999999744	9.827379648209355	5.03869399999985	11.913222556915459	4.668844000000263	14.157279519130705	4.700603999999657	18.376946489972468	4.679356000000098	21.821993399091546	4.670262000000093	25.999102026801037
4.718890000000101	4.658995845563773	4.722641000000067	5.863716581777551	4.753330999999889	6.880916526606915	4.714116000000104	8.340944224188647	5.150002999999742	9.837697127861366	5.079371999999694	11.918781530328625	4.710262000000057	14.16312301205397	4.7644319999999425	18.386982064508896	4.720356000000265	21.830125944299795	4.7290140000000065	26.01650446236074
4.763543000000027	4.667951443592262	4.764392999999927	5.874042040734364	4.798310000000129	6.887034030564753	4.754112000000077	8.345261229782112	5.173605999999836	9.840470137162736	5.118371999999908	11.924057337027365	4.74505900000031	14.1680260021299	4.788440999999693	18.39074280219327	4.76035499999989	21.838025246689554	4.7680310000000645	26.027957944054496
4.799537999999984	4.675140844296086	4.797391999999945	5.882139342551309	4.833868000000166	6.891799829680846	4.793986000000132	8.349520977013626	5.185823999999684	9.841899496477188	5.1639900000000125	11.930164679524582	4.7845760000000155	14.173587513061877	4.802056999999877	18.392872351954672	4.7998170000000755	21.845787094445143	4.805260999999973	26.03881472215962
4.839071000000104	4.68300647421648	4.834391000000096	5.891152199384279	4.875206000000162	6.89726503726448	4.833988000000318	8.353752260814948	5.223243999999795	9.846252100000644	5.198605999999927	11.934755292660846	4.824567999999999	14.179209305959807	4.847702000000027	18.399994937403502	4.839817000000039	21.85362497070402	4.842262000000119	26.049538616088892
4.895134000000098	4.694106696070365	4.875220000000127	5.901017945138461	4.919104999999945	6.902983401376382	4.873986000000059	8.357942923427105	5.263170999999602	9.85085599551411	5.238605000000007	11.940014872501187	4.864930000000186	14.184876919659335	4.880995999999868	18.40517520460773	4.8808140000001	21.861629093052464	4.882262999999966	26.061061803741847
4.929613999999901	4.700902157118486	4.914220000000114	5.910364138126527	4.953741000000264	6.907435266401495	4.914706999999908	8.362170014759986	5.303164999999808	9.855427711062507	5.283938000000035	11.945920278032505	4.9044810000000325	14.190425077543924	4.91944599999988	18.41114296236176	4.920814999999948	21.869412197271057	4.918584999999894	26.071465338803
4.977243999999928	4.71025016484589	4.954881000000114	5.920028567209158	4.993743999999879	6.912513557475006	4.954701000000114	8.366284865154828	5.347790999999688	9.860483947079624	5.318569999999909	11.950393729184384	4.945126999999957	14.196121528846142	4.959037999999964	18.417272486252724	4.959842000000208	21.876982131280915	4.988577999999961	26.091363315225912
5.010127999999895	4.716677744498216	4.999546000000009	5.930551872264993	5.034013999999843	6.917559442559584	4.993699000000106	8.37026380980777	5.38341199999968	9.864487381749248	5.364059999999881	11.9562221264708	4.985113000000183	14.201720628398554	4.999037000000044	18.423450121437096	5.000105000000076	21.884768889118458	5.01381900000024	26.098493531751203
5.043728999999985	4.72322337055901	5.034542000000101	5.938729995055361	5.073754999999892	6.9224761580038345	5.03427499999998	8.374370374489553	5.423409999999876	9.868949883715675	5.398346999999831	11.960580973869288	5.024770999999873	14.207269405990576	5.039023999999699	18.4296119342663	5.040535000000091	21.89256602754133	5.043826999999965	26.10694085747022
5.080328999999892	4.730327920582485	5.07434000000012	5.947959432165866	5.114266999999927	6.92742626963123	5.073268999999982	8.37828625564732	5.462986000000001	9.873332554677576	5.4439729999999145	11.966337945594939	5.064342000000124	14.21280197926596	5.0800319999998464	18.435917551959133	5.081783000000087	21.900499768342687	5.091827000000194	26.120389556572203
5.118676999999934	4.737743630313542	5.119676000000027	5.958382344144122	5.154080000000249	6.932232175708833	5.113267000000178	8.382273299887833	5.5025589999995645	9.877683765676027	5.478734999999688	11.970692321831725	5.104576000000179	14.218423432334255	5.119684999999663	18.442002669253203	5.119595000000118	21.907755054940207	5.139854000000014	26.13377227337169
5.15929200000005	4.745566489771804	5.154831000000058	5.966398775861479	5.216087000000243	6.939605983941995	5.153944000000138	8.386298678142719	5.543138999999883	9.88211481547414	5.518941999999697	11.975696014814986	5.144575000000259	14.22400852586934	5.158901999999671	18.4480099173701	5.160753000000113	21.915634498626545	5.164853000000221	26.14071077158124
5.198891000000003	4.753162887617502	5.199274999999943	5.976452056741161	5.2548689999998714	6.944151940464757	5.193939000000228	8.390229086747741	5.583137999999963	9.886453187633128	5.558452999999645	11.98058036738814	5.1849019999999655	14.22963613119434	5.203907999999956	18.454891417656558	5.230951000000005	21.929033898212012	5.190853000000061	26.147908072609763
5.239892000000054	4.760996405403652	5.234271999999919	5.984305192376416	5.2918110000000524	6.948436945953159	5.233935000000201	8.394133646067134	5.6228259999998045	9.89073042369496	5.599134000000049	11.985577007493822	5.2250779999999395	14.235239632807163	5.282521999999972	18.466882447086096	5.254753000000164	21.933566719297545	5.225478000000294	26.157464028734736
5.2794719999999415	4.768527885491066	5.274270000000115	5.993213081483017	5.3298070000000735	6.9527996923158755	5.273567000000185	8.397978286731036	5.663430999999946	9.895079499618706	5.638836000000083	11.990423194698918	5.264639999999872	14.24075476514347	5.305524999999761	18.47038465522233	5.292938000000049	21.940828293806813	5.265189000000191	26.168384888084205
5.319050000000061	4.776029149394986	5.3195610000000215	6.003213902515358	5.367295999999897	6.957061465355615	5.321288000000095	8.402577039098327	5.703001999999742	9.899292737058659	5.6788329999999405	11.995276594036888	5.3046360000003006	14.246327851974504	5.3191209999999955	18.472453363266485	5.329145000000153	21.947702586908083	5.305186999999933	26.1793450487894
5.359046999999919	4.783579686342095	5.354559000000108	6.0108801504446125	5.4049770000001445	6.961303710585026	5.368029000000206	8.407050663520076	5.742805999999746	9.903506912522838	5.718452999999954	12.000057038981856	5.344333000000006	14.251856934568501	5.358801999999741	18.47848583164868	5.360693999999967	21.953684180515936	5.345865000000231	26.190453037232807
5.424379999999928	4.79584836816204	5.39398099999994	6.01945172662975	5.440977000000203	6.96531926076079	5.40102700000034	8.410191566471905	5.8121629999996	9.910795896231422	5.758445999999822	12.004856271221653	5.384931000000051	14.257509281522735	5.399120000000039	18.484607594038362	5.399265000000014	21.96098719078404	5.386508000000049	26.201514877607178
5.472044000000096	4.804748750431366	5.433991999999989	6.028083066140261	5.486476000000039	6.970343872020499	5.434497000000192	8.413363372801438	5.836972999999944	9.913387419082515	5.803040999999666	12.010178149873546	5.4239299999999275	14.262937042007087	5.440117999999984	18.490825333425633	5.439288999999917	21.968554442115646	5.4255050000001575	26.21209626688506
5.4943040000000565	4.808890957215669	5.475668999999925	6.037001472397027	5.523475999999846	6.974389816940554	5.47380800000019	8.417071426036776	5.862926999999672	9.916089899792805	5.839047999999821	12.014453419526047	5.464498000000276	14.268581285931866	5.483813999999711	18.497444740243083	5.48586400000022	21.977347274381376	5.4652970000001915	26.222862425910986
5.5329249999999774	4.816055962394732	5.514586000000008	6.045263394583784	5.55947500000002	6.978293006057135	5.513789999999972	8.420824480092847	5.9029239999999845	9.920238103727192	5.883653999999751	12.019724034121401	5.504101999999875	14.274089693658471	5.518704000000071	18.502724954153827	5.52185099999997	21.984132263863515	5.505294000000049	26.23365429257289
5.5709190000000035	4.823077899930883	5.554202000000032	6.053609110804124	5.603793000000223	6.983054657547174	5.554783999999927	8.424654287133183	5.943033999999898	9.924378705259764	5.918256999999812	12.023794002380523	5.544278000000304	14.279676060353722	5.558704000000034	18.508773213200175	5.560538000000179	21.99141817719969	5.5450989999999365	26.244366383430638
5.604559000000108	4.829273117598712	5.594241000000011	6.061978457564564	5.658792000000176	6.988899795738121	5.5943600000000515	8.428334932223672	5.9825739999996586	9.928442369451915	5.963569999999891	12.029100129213793	5.584276000000045	14.28523619822735	5.6034169999998085	18.515527857917267	5.605457000000115	21.99986786521694	5.584990000000289	26.255075183151515
5.643391999999949	4.836399098747253	5.634518000000071	6.070331889933915	5.694436000000223	6.9926515410313534	5.634054000000106	8.43201086790747	6.023569999999836	9.932637552567243	5.998564999999871	12.033180550895846	5.624956000000111	14.29088974383308	5.639415000000099	18.520961485363323	5.640455000000202	22.006444418527465	5.625524000000041	26.265931006642116
5.679390000000012	4.842980478571048	5.6795210000000225	6.079588512618361	5.732058999999936	6.9965817201654845	5.674042999999983	8.435698989350282	6.063498999999865	9.936706609663517	6.070236000000023	12.041492581436211	5.664674000000105	14.29640833849374	5.683415999999852	18.527598065420413	5.6804550000001655	22.013953983797734	5.665304999999989	26.2765614834679
5.719618000000082	4.850307622638737	5.7145130000001245	6.086730474923978	5.77089500000011	7.0006075132284415	5.714784000000236	8.439441589995958	6.103181999999833	9.94073477987374	6.59393399999999	12.100780649896342	5.704295999999886	14.301912451966153	5.718426999999792	18.53287499630232	5.719454999999925	22.021269133130943	5.705304000000069	26.287227890013323
5.7593389999999545	4.857514003576365	5.759911999999986	6.0959250193990435	5.809540000000197	7.004583223464143	5.7547779999999875	8.443101661365484	6.143179999999575	9.944779678403133	6.607083999999759	12.10224349612133	5.764412999999877	14.310261651757083	5.758424999999988	18.538899826197877	5.760005999999976	22.028868658036913	5.7455530000002	26.29793962854228
5.799336000000039	4.8647420859780235	5.793938999999909	6.102764037017368	5.847536000000218	7.008463727685096	5.797703000000183	8.447015383372104	6.188748999999916	9.949370172542306	6.616084999999657	12.103244209977476	5.800411000000167	14.315260094897955	5.799105999999938	18.545023695983076	5.7996109999999135	22.036284869741532	5.785573000000113	26.30857039019542
5.840118999999959	4.872083062154793	5.839590999999928	6.11186986843498	5.887534999999843	7.0125193893188875	5.833723000000191	8.450288435373846	6.223333999999795	9.952842089862349	6.646636999999828	12.106637449015809	5.835117999999966	14.32007859571765	5.83868799999982	18.550978662362585	5.845271000000139	22.04482801405975	5.825177000000167	26.31907208003929
5.879118000000062	4.879075542519455	5.8745890000000145	6.118797157176853	5.925888000000214	7.016380812003899	5.882710000000316	8.454724332160103	6.262513999999555	9.956763255973595	6.6716419999997925	12.109410719324915	5.8701169999999365	14.324937002941857	5.883687999999893	18.557744883637955	5.8812699999998586	22.051558685803137	5.865358000000015	26.329708947986646
5.918713000000025	4.886147660006369	5.9205930000000535	6.127833150975501	5.962899000000107	7.020082612369188	5.926354000000174	8.458662181836301	6.3071139999997285	9.961211986388447	6.695314000000053	12.112033015827954	5.904747000000043	14.329743603070662	5.919280000000072	18.563093797634462	5.925278000000162	22.059781350909006	5.910695999999916	26.34169069295591
5.959272000000055	4.8933636767488204	5.95614999999998	6.1347634825133595	5.999464999999873	7.023717054035056	5.9633490000001075	8.461990155807607	6.347121999999672	9.965189823012068	6.703316000000086	12.112918773713146	5.944006000000172	14.335192048372003	5.958916000000045	18.569047827264974	5.959889000000203	22.06624429351963	5.995476000000053	26.364042744616757
5.999268000000029	4.900451657143437	5.993721999999934	6.142036260681677	6.0337610000001405	7.02710589491576	6.015223000000333	8.466642020165416	6.383150999999998	9.968762107638451	6.735374999999749	12.116464118319325	5.997126000000208	14.342563133827817	5.99891499999967	18.575053753778022	5.9995890000000145	22.073653507279268	6.021235000000161	26.37082128750881
6.039545000000089	4.907561626175941	6.033721000000014	6.149722645573173	6.073601000000053	7.031019070730274	6.050220000000081	8.469771270800392	6.434931999999662	9.973880498538316	6.743375999999898	12.117348117630248	6.041271999999935	14.348688146607344	6.039632999999867	18.5811651061576	6.0448740000001635	22.082100163457213	6.0342060000002675	26.37423251680103
6.083170999999993	4.915231482898605	6.080009000000018	6.158546074156251	6.11423300000024	7.034984938023288	6.10221300000012	8.474407351020625	6.4691609999999855	9.977254219445175	6.775372999999945	12.120880172021852	6.10229900000013	14.35715420756124	6.0786339999999655	18.587016518265457	6.079420000000027	22.088540481242358	6.074204000000009	26.384742934644404
6.119142000000011	4.9215311736650795	6.114006999999901	6.164978487145316	6.153568000000178	7.038800927119407	6.139408999999887	8.477715048164809	6.502858999999717	9.980568390999414	6.810443999999734	12.12474589782066	6.1266709999999875	14.36053492278883	6.119208999999955	18.59310191499007	6.1254250000001775	22.097112963172123	6.114849999999933	26.395410886421327
6.1588480000000345	4.92845957743724	6.159008000000085	6.173430512085098	6.193575000000237	7.042659450559505	6.176400000000285	8.480997463276507	6.553823999999622	9.9855677634737	6.847013000000061	12.12877068757431	6.144466000000193	14.363003212130046	6.158815999999661	18.599040143182457	6.161419999999907	22.10381713523352	6.146858000000066	26.40380314241792
6.198957000000064	4.935431381038139	6.193934000000127	6.179941986024552	6.233568000000105	7.04649459754337	6.238389999999981	8.486483253923932	6.589384999999766	9.989047240103716	6.88101000000006	12.132507081151077	6.184474000000137	14.368552276853272	6.199816999999712	18.60518544226435	6.205136999999922	22.11195617598879	6.185856999999942	26.414018716872782
6.239004000000023	4.942365565908747	6.246904000000086	6.189738006141956	6.274776000000202	7.050424052846177	6.262395000000197	8.488602794459627	6.622571999999764	9.992288160911041	6.918772999999874	12.136651608044065	6.229098000000249	14.374741085327063	6.239000000000033	18.61105654466288	6.240044000000125	22.118452514242996	6.225089000000025	26.424285158585267
6.278962999999976	4.949257931740521	6.306325000000015	6.20061457924947	6.313775000000078	7.054122851453534	6.276389999999992	8.489837312698846	6.663187999999991	9.996246667175157	6.9895159999996395	12.144400270918405	6.264897000000019	14.379705627907539	6.27911499999982	18.61706567940104	6.297065000000202	22.129059939510487	6.270600000000286	26.43618268276701
6.319095999999945	4.95615373489977	6.3303249999999025	6.204974320436974	6.353525999999874	7.057873658755535	6.314795000000231	8.49322073624925	6.703476999999566	10.000165074166212	7.014321999999993	12.147112805389899	6.304897999999866	14.385252560614394	6.319715999999971	18.623146061809855	6.34306400000014	22.13761327658941	6.305597999999918	26.445323583630305
6.35880300000008	4.96295027835049	6.35932600000001	6.210217243896521	6.394154999999955	7.06168787967342	6.353339000000233	8.49661024794072	6.7424779999996645	10.003950754668505	7.038330999999744	12.149736049646753	6.344637000000148	14.390762836496512	6.359227999999803	18.629061955966133	6.388852999999926	22.146124541725904	6.353766000000178	26.45789316801733
6.399480999999923	4.969886295262974	6.393929000000071	6.216437025095796	6.433144999999968	7.065330417471882	6.3933350000002065	8.500121226884641	6.78259799999978	10.007837735990051	7.079015999999683	12.154176689502924	6.38403900000003	14.396226087405644	6.403895999999804	18.635748279372873	6.433852000000115	22.154486237572375	6.388773000000128	26.46702072332786
6.438478000000032	4.9765104278394094	6.434705000000122	6.223716748875536	6.473758999999973	7.069106784071333	6.433336999999938	8.503626693409442	6.8221669999998085	10.01166438765172	7.118017999999665	12.158428373387025	6.424340000000029	14.401813706553662	6.4418940000000475	18.64143497022109	6.456852000000254	22.158759109366244	6.425083000000086	26.47648161152264
6.479096000000027	4.983383769782382	6.474701999999979	6.230805796733587	6.513405000000148	7.072776162961636	6.473496999999952	8.507140219155893	6.862810999999965	10.01558813998554	7.158622999999807	12.162849580231226	6.4648990000000595	14.40743683080036	6.479632000000038	18.647081727732317	6.517161000000215	22.169960207590275	6.465917999999874	26.48711414329064
6.518933000000061	4.990099191250406	6.514889999999923	6.23787781571834	6.553402999999889	7.076461729140972	6.56937599999992	8.515506659652273	6.902807999999823	10.019442947201888	7.198192999999719	12.167153197959859	6.504561000000194	14.412935356165603	6.519338000000062	18.653021929224778	6.5461669999999685	22.17534602843145	6.505151000000296	26.49732258472968
6.558958000000075	4.996820758712691	6.553900000000112	6.244694305693087	6.594411000000036	7.080223881787417	6.5943740000002435	8.517683255833305	6.961120999999821	10.02505207112682	7.23813599999994	12.17149270579354	6.549289000000044	14.419135944042772	6.577984000000015	18.66179385800617	6.560159000000112	22.17794374551107	6.549731999999949	26.508914772935963
6.598570000000109	5.003447900142777	6.59347200000002	6.2515609964744305	6.634399999999914	7.083877060911502	6.60736900000029	8.518814007882966	6.994812999999795	10.028287281226618	7.278135999999904	12.175833910250214	6.592121000000134	14.425073453848613	6.616800999999668	18.667598798712753	6.600156999999854	22.185368600107267	6.590968999999859	26.519630473975877
6.639167000000043	5.010214102574952	6.633869000000004	6.258521538568439	6.673401999999896	7.08742586758243	6.665346000000227	8.523852963382883	7.033441999999923	10.031991737364589	7.32278899999983	12.180675041151881	6.6351190000000315	14.431033760277826	6.6536989999999605	18.6731160214208	6.639931000000161	22.19275038562681	6.625594000000092	26.52862312606686
6.678192000000081	5.0166938877968175	6.673870000000079	6.265365320789126	6.713610000000244	7.091070244767705	6.689069000000018	8.52591213607614	7.073439999999664	10.035822279265448	7.35837999999967	12.184530048084806	6.66885400000001	14.435709906825855	6.688296999999693	18.678288720056617	6.67993000000024	22.200172529542467	6.666940999999952	26.539356071206477
6.73763699999995	5.026518553749155	6.713868000000048	6.272160856175455	6.7541409999998905	7.094729863803853	6.713716000000204	8.528049942952464	7.114360999999917	10.039735984720199	7.403180999999677	12.189378240472896	6.70459000000028	14.440663296159274	6.728513000000021	18.684300658452784	6.7198309999998855	22.207575179709174	6.736941000000115	26.55751406044095
6.771645000000035	5.03211450977694	6.798551999999972	6.286393339311731	6.793884000000162	7.098305141688177	6.7637110000000575	8.532381637536897	7.170089999999618	10.045057857229706	7.43808399999989	12.193152068635227	6.7443020000000615	14.446167662033648	6.762177000000065	18.68933258732889	6.759837000000061	22.214996081897993	6.762381000000005	26.564109468754673
6.814286999999922	5.039105981111823	6.82454400000006	6.29072005915583	6.833654000000024	7.101870241019675	6.802286999999978	8.535719831148135	7.20572699999957	10.048456389647491	7.488701999999648	12.198620260367884	6.784005999999863	14.451670783140697	6.798930999999811	18.69482586402053	6.800688000000264	22.222572540334077	6.785076000000117	26.569991643501687
6.850132999999914	5.044961626040854	6.838195999999925	6.292984876112884	6.87365200000022	7.105443511354935	6.844281000000137	8.539349924588505	7.238749999999982	10.051602553749692	7.526147999999921	12.202662017144108	6.823797000000013	14.457185836714947	6.838710999999876	18.700770823446227	6.880204000000049	22.237316881486592	6.825064999999995	26.580352659610114
6.895132000000103	5.052284733341938	6.87479200000007	6.2990299007909965	6.91924999999992	7.10950261731118	6.8762770000003	8.54211316676671	7.284982999999556	10.056002489552673	7.559146000000055	12.206221334460817	6.874870999999985	14.464264550300886	6.879707999999937	18.70689706383857	6.9052090000000135	22.241952668097195	6.865063000000191	26.590711776131737
6.928779999999961	5.057740522637358	6.913784999999962	6.305429358476604	6.954745999999886	7.112652178788678	6.914005999999972	8.54536876948962	7.320567999999639	10.059385440578911	7.5977789999997185	12.210385796459189	6.915295000000242	14.469867079586926	6.918420999999853	18.712681485648524	6.9212069999998675	22.244918421464696	6.904324999999972	26.600876387967585
6.986433999999917	5.067049063541596	6.954958999999917	6.312140784824642	6.993755999999848	7.116103538357881	6.953005000000303	8.548730962315702	7.35654999999997	10.06280306495261	7.638048999999683	12.21472378121682	6.945244999999886	14.474017908654085	6.95842999999968	18.718659060701256	6.959932000000208	22.25209679379885	6.962312999999995	26.61588241102588
7.022005999999919	5.072767516638015	6.993956999999909	6.318454464442474	7.03407500000003	7.119660082716916	6.993995000000268	8.552261672733769	7.391640999999709	10.066133207494847	7.678051999999752	12.219030168245721	6.984933000000183	14.479518266595873	6.999430999999731	18.724784361531242	7.0005049999999756	22.259616897867904	6.996266000000105	26.624665273418785
7.056610999999975	5.078312441696124	7.034955000000082	6.325047292529189	7.0730750000002445	7.123090361915038	7.033269999999902	8.555641791699147	7.425588999999945	10.06935230282866	7.7176299999996445	12.223288148143453	7.067504999999983	14.490961652738402	7.039056000000073	18.730703661464585	7.040223999999853	22.26697794670931	7.029237000000194	26.633191831859143
7.089611999999988	5.08358382423232	7.074432999999999	6.331352931005454	7.113615000000209	7.126646125904657	7.077264000000014	8.55942487166662	7.462584999999763	10.072857651650912	7.758222999999816	12.227652707732615	7.07650700000022	14.492209191066884	7.079054999999698	18.73667842634118	7.081265000000258	22.274583252672265	7.0649570000000494	26.642426886186886
7.127803000000085	5.089664187213162	7.113937999999962	6.337621362506605	7.153831000000082	7.130163791149099	7.114260000000286	8.562603718731001	7.503144999999677	10.076697504190829	7.797970000000078	12.231923852707014	7.104115999999976	14.496035350225604	7.118054000000029	18.742503453205003	7.133270000000266	22.28421928415578	7.11005699999987	26.65408364672195
7.158357999999907	5.0945134203224764	7.166564999999991	6.34590820274009	7.19362000000001	7.1336349588453905	7.161955999999918	8.566698793655927	7.542715999999928	10.080440658414847	7.837967999999819	12.236219631505161	7.144154000000071	14.501583910105472	7.16247199999998	18.74913747189958	7.17284299999983	22.291551079611594	7.1450519999998505	26.66312614707086
7.198358999999982	5.100841185489026	7.195601000000124	6.350449514945293	7.23361900000009	7.137115603141124	7.197949000000335	8.56978683068993	7.5822989999996935	10.084182050554439	7.878605999999763	12.240581853574131	7.189158000000134	14.507820595244473	7.199468999999681	18.754662822354174	7.207840000000033	22.298034594291025	7.190055000000029	26.67475166252895
7.238902000000053	5.107230984110933	7.233598000000029	6.356359639736238	7.274024000000281	7.140622896713888	7.234351999999944	8.572908174143155	7.6334039999997	10.089008425639069	7.9181839999996555	12.244828171577414	7.223969000000125	14.512644677377613	7.24708099999998	18.761773094684912	7.25524600000017	22.306816328046942	7.225422999999864	26.683885955917646
7.284603000000061	5.11440526897565	7.27450900000008	6.362681975462287	7.319025000000238	7.144519253154429	7.289346999999907	8.57762028543365	7.676996999999574	10.093121912750613	7.971346999999696	12.250528895668142	7.263667000000169	14.518145947003418	7.279649000000063	18.766636495683183	7.290925000000243	22.313425221021454	7.266423999999915	26.694472728465502
7.320600000000013	5.12003508932839	7.314278999999942	6.368787650285498	7.353566000000228	7.147503128935679	7.324912999999924	8.580665609157055	7.723043999999845	10.097463690833486	8.010886000000028	12.25476649580148	7.3036689999999	14.523689295076334	7.318687999999838	18.772465982440497	7.328923999999915	22.320463436919454	7.30542400000013	26.7045406362448
7.35921600000006	5.126053957542787	7.353616000000102	6.374788178102257	7.399279000000206	7.1514433546177365	7.364567999999963	8.584059240889895	7.771682999999939	10.102046405965035	8.05589400000008	12.259588063878992	7.3444720000002235	14.529343596079535	7.36314399999992	18.779104071789398	7.363499000000047	22.32686710527151	7.345146000000113	26.71479285564513
7.398914999999988	5.132219565668492	7.399265000000014	6.381703905870212	7.433273000000099	7.154367213221256	7.403563000000304	8.587394612798343	7.803297999999813	10.105023319648074	8.089586000000054	12.263195937396013	7.384231	14.534853181901516	7.3991399999999885	18.784478718648273	7.399089999999887	22.333458619374174	7.385152000000289	26.725116376850448
7.439024999999901	5.138426417132728	7.435265999999956	6.387122296620997	7.473557000000255	7.157825426458152	7.436559000000216	8.59021555435479	7.839298999999755	10.108411556587797	8.140183999999863	12.268611959916127	7.424003000000084	14.540364530661952	7.439139999999952	18.79045100589468	7.4401170000001	22.341056501114178	7.424741000000267	26.735330426853565
7.478350000000091	5.144489873907644	7.474259999999958	6.392956057296215	7.519554999999855	7.161765652052882	7.474169999999958	8.593429640886704	7.8819909999997435	10.112427308978944	8.174732999999833	12.272308635917565	7.46903199999997	14.546604317921034	7.482668000000103	18.79694981869072	7.4800890000001345	22.348458629585316	7.466479000000163	26.746097028344295
7.523007000000007	5.151349300359914	7.5138489999999365	6.398841901704673	7.553553000000193	7.1646723249154425	7.513569000000189	8.596794985008675	7.917616999999609	10.115776653643476	8.208733999999822	12.275945574362183	7.504030999999941	14.551454192584114	7.518671999999697	18.802325114866786	7.5198270000000775	22.35581708174325	7.510481000000254	26.757445660167445
7.5696479999999156	5.158483951205318	7.553857000000107	6.4047526596837585	7.598891000000094	7.168541356299537	7.553562000000056	8.60020953207586	7.9516139999996085	10.118971422039102	8.244400999999925	12.279759588587476	7.543802000000142	14.556965303407836	7.562294999999722	18.80883771524494	7.559830000000147	22.3632242813329	7.545638999999937	26.766511939546945
7.6252770000000965	5.166954320325707	7.5948470000000725	6.410769969795462	7.6345360000000255	7.171577662620093	7.593318000000181	8.60360238412746	7.992364999999609	10.122799116424243	8.278163999999833	12.283368977340814	7.5845320000003085	14.562609274779973	7.598895000000084	18.814301681144133	7.599827000000005	22.370630066057586	7.58812799999987	26.77746713725089
7.659558999999945	5.172153194504245	7.633843999999954	6.416458922155334	7.675604000000021	7.175070074339067	7.633314000000155	8.607014318663785	8.02230499999996	10.125610170040149	8.318025999999918	12.287629143739082	7.624533000000156	14.568152201848827	7.644894999999906	18.82116877896646	7.640077999999903	22.37808259408699	7.624881000000187	26.786942096302596
7.739313000000038	5.184186186192148	7.673332000000073	6.422184347677294	7.713869000000159	7.178318689298904	7.681183000000146	8.611096121848238	8.062975999999708	10.12942722309662	8.35760399999981	12.291857699294473	7.663908999999876	14.573608499149094	7.696074999999837	18.82880895150985	7.685076000000208	22.386413717762398	7.665142000000287	26.79732012332252
7.761314999999968	5.187490670489446	7.743695000000116	6.432299942052778	7.753868000000239	7.1817091161696816	7.716179999999895	8.614079176287474	8.126290999999583	10.135366127159877	8.398235999999997	12.29619761968573	7.703620000000228	14.579111195084375	7.731072999999924	18.83403334439557	7.719681000000037	22.392820423005283	7.7051400000000285	26.80762908666232
7.7753150000000915	5.189589952724777	7.768694000000096	6.435867550893622	7.7941390000000865	7.1851172184316745	7.794456000000082	8.620747928176986	8.161285999999564	10.138646982683532	8.43823599999996	12.300468859316071	7.744434000000183	14.584766710845079	7.7665719999999965	18.83933242935717	7.7596810000000005	22.40022573194691	7.748145000000022	26.818711733288108
7.81005499999992	5.1947878538396175	7.793513000000075	6.4393959754742855	7.834756000000198	7.18854933115652	7.818454000000202	8.622791584114111	8.196884999999838	10.141983318047952	8.477934999999889	12.304706856268393	7.783846000000267	14.590227935292205	7.802455999999893	18.84468889282332	7.800247000000127	22.40773560350999	7.797239999999874	26.831362225742026
7.848649999999907	5.20054371051873	7.834783000000016	6.445233661693779	7.87375400000019	7.191839835754456	7.834456999999929	8.624154176124485	8.232878999999684	10.145355543945811	8.534903999999642	12.310786663110365	7.823558999999932	14.595730851189407	7.842902999999751	18.850726378752952	7.839510000000246	22.41500405461982	7.8327509999999165	26.84051148816577
7.879650000000083	5.2051525975834565	7.873487999999952	6.450675360672912	7.913563999999951	7.195194172654027	7.872447000000193	8.62738820865616	8.266246999999566	10.148480769539523	8.568688999999722	12.314391280328467	7.864293999999973	14.601375365925602	7.8789019999999255	18.856099828983034	7.880568000000039	22.422604603541348	7.875604000000294	26.85155134567736
7.918378000000075	5.210892638998011	7.914612000000034	6.4564223861625765	7.953571000000011	7.198560512540254	7.912374	8.630786163583894	8.302858999999899	10.151908790346967	8.60214999999971	12.317960655973552	7.904132000000118	14.606895571165822	7.918996999999763	18.86208458536603	7.919566000000032	22.429823636612017	7.915117999999893	26.86173005126911
7.959209000000101	5.216923077880909	7.954058000000032	6.461901631303945	7.993031999999857	7.201876556876116	7.952988999999889	8.634241696502777	8.34215899999981	10.15558733453744	8.63839599999983	12.321826389042137	7.9441390000001775	14.612439180178118	7.957994999999755	18.86790551350838	7.95951100000002	22.43721780710677	7.955115000000205	26.872032297802704
7.998209000000088	5.222662793677315	7.993019000000004	6.467281878844583	8.033361000000241	7.2052612348119265	7.993452000000161	8.637683367450984	8.382086999999956	10.159323486678659	8.678336999999829	12.326085365664307	7.9843150000001515	14.618006193853088	7.998990000000049	18.8740244338142	7.999279000000115	22.444579058516805	7.986427000000276	26.88009691630343
8.039142999999967	5.228665929739004	8.035227999999961	6.473075584596938	8.074022000000241	7.20866952630545	8.034872000000178	8.641205523500828	8.422519999999622	10.163105740751966	8.718175999999858	12.33033262896266	8.02898499999992	14.62419590749747	8.039397000000008	18.880055510092955	8.039166999999907	22.451962377288645	8.024855000000116	26.88999364281069
8.078682999999955	5.234444119093231	8.11882199999991	6.484443921900118	8.112834999999905	7.211919075595859	8.072654000000057	8.644417552854003	8.46246199999996	10.166840977537378	8.763708999999835	12.335185958502706	8.063978000000134	14.629044714800397	8.078398000000107	18.88587665990945	8.080773000000136	22.45966355511502	8.065861999999925	26.900553795652232
8.123321000000033	5.240943227288744	8.145463000000063	6.488037788764963	8.193142999999964	7.218631375777414	8.1146490000001	8.647986930087058	8.502493999999842	10.170583595057343	8.798718999999892	12.338916974064665	8.107618999999886	14.635091821922817	8.119106000000102	18.891952522582393	8.119772000000012	22.466882057402632	8.104322000000138	26.910457362188563
8.160957000000053	5.246403144269844	8.159460000000081	6.489920399221705	8.202143999999862	7.219382780175098	8.153645000000324	8.651300670190492	8.542328999999881	10.174306811525275	8.838592999999946	12.3431656639273	8.149229000000105	14.640857493533522	8.158668000000034	18.89785727731361	8.15947499999993	22.474230749416474	8.144322000000102	26.920756822989564
8.199139999999943	5.251924074583372	8.196112000000085	6.494832043213067	8.23277199999984	7.221938274046494	8.231634000000213	8.65792590086225	8.58212599999979	10.178025540334975	8.877947999999833	12.347358371345404	8.18422499999997	14.64570669186082	8.199666999999863	18.903976448770905	8.199474999999893	22.48163430202458	8.18432299999995	26.931055905011593
8.238775000000032	5.2576355172908995	8.234756000000061	6.499982520554606	8.273623999999927	7.225343689144338	8.257149000000027	8.660092876494256	8.622737999999572	10.181819503435275	8.918458999999984	12.35167355880919	8.223851000000195	14.651197435775002	8.23873599999979	18.90980751127515	8.239472000000205	22.48903719454531	8.230813000000126	26.94302496132162
8.278418000000102	5.263328419353525	8.273756000000049	6.505151508620731	8.313622000000123	7.228674559766374	8.27614500000027	8.661706030890873	8.662734999999884	10.185555144525294	8.996204000000034	12.359953066302563	8.276534000000083	14.658497400902727	8.27873499999987	18.915777326510995	8.285072000000127	22.49747700574098	8.265827000000172	26.952038966743164
8.318434999999909	5.269055166394531	8.31875500000001	6.511079891018493	8.353255999999874	7.231971960889652	8.313493999999992	8.664877336033607	8.702412999999979	10.189260177826371	9.019338000000062	12.362416303927471	8.311235000000124	14.66330570247567	8.317733999999746	18.921597847043426	8.323081000000002	22.50451175681704	8.310553000000255	26.963552637015198
8.359124000000065	5.274857735934143	8.35317299999997	6.515588753699764	8.394066000000294	7.235364034739613	8.353489999999965	8.668272833071724	8.742967999999564	10.193046303048213	9.05449499999986	12.366159352658855	8.34523100000024	14.668016312024447	8.36266999999998	18.928304400655605	8.35940699999992	22.51123494416379	8.345196000000215	26.972470240388322
8.398805000000038	5.280496909291912	8.399173000000019	6.521580754189963	8.435064000000239	7.238768617260048	8.393804000000273	8.671694763226073	8.786645999999564	10.197123121567241	9.090925999999854	12.370037596822941	8.383896000000277	14.673373870100077	8.39966800000002	18.933826194334575	8.39905200000021	22.518572333931317	8.385197000000062	26.98276662583371
8.438805000000002	5.286161892056337	8.43416900000011	6.526113490156387	8.513492000000042	7.245273191613007	8.432455000000118	8.67497502826957	8.822640999999749	10.200482181335506	9.127657	12.373947339538043	8.42872299999999	14.679585250211186	8.443653999999697	18.94039087466062	8.440051999999923	22.526160425793044	8.429736999999932	26.994230835841083
8.47853299999997	5.291769058657545	8.479413999999906	6.53194094848782	8.54149600000028	7.247593232346256	8.47298099999989	8.67841391507636	8.866469999999936	10.204571563358867	9.168709000000035	12.378316522993536	8.464440000000195	14.684534313555305	8.483420999999908	18.946325854216532	8.481049999999868	22.533748073700785	8.465745999999854	27.00349885607512
8.518542000000025	5.297396561744097	8.513971999999967	6.536367341159458	8.55649399999993	7.248835241789947	8.512159000000338	8.681737945016051	8.90230399999973	10.207914402969045	9.202984000000015	12.381964041895504	8.504437000000053	14.69007642322098	8.518415999999888	18.951548614989807	8.51975100000027	22.54091054419501	8.504746000000068	27.013536335845146
8.559191999999939	5.303094477529593	8.561247999999978	6.542388630810517	8.593875000000025	7.251929265542048	8.553154000000177	8.685215665404048	8.947272999999768	10.212108708619242	9.245978999999807	12.386539062876889	8.544679999999971	14.695652615112213	8.557925999999952	18.95744517951138	8.560749000000214	22.54849806227147	8.544803000000229	27.023845482052202
8.603861000000052	5.309332918404446	8.597850999999991	6.547023799967674	8.637905000000046	7.255570854122812	8.593096999999943	8.688603699806768	8.986272999999983	10.215745668901798	9.295016000000032	12.391756389679399	8.584257999999863	14.701136658697902	8.609508999999889	18.965143504172694	8.59938800000009	22.555648943835976	8.584646000000248	27.034099196692758
8.638858999999911	5.314204114731717	8.633849000000055	6.551559836702955	8.682611000000179	7.259265399242587	8.633920000000217	8.692065948367517	9.02205799999956	10.219082336445677	9.329404999999952	12.395414861230064	8.624225000000024	14.706674599642525	8.648509999999987	18.970964042532064	8.639388999999937	22.563051836460243	8.624644999999873	27.04439272107707
8.683584999999994	5.32040819808405	8.673696000000064	6.556555114584631	8.72689100000025	7.262921921839063	8.67234099999996	8.695324102932457	9.062057999999979	10.222811502479107	9.375990999999885	12.400370446281784	8.668893000000025	14.712863920521041	8.693897000000106	18.9777376025773	8.680386999999882	22.570639189275152	8.66640499999994	27.05513908896741
8.718470999999909	5.325230994538153	8.719233999999915	6.562231058057485	8.761888999999883	7.265810051320454	8.71232000000009	8.69871400784458	9.106817999999748	10.226983821412556	9.410669999999755	12.404059093260368	8.704525000000103	14.717801185624383	8.732852999999977	18.983551375849977	8.718976000000112	22.57778067184035	8.704185999999936	27.064861232535776
8.758559999999989	5.330755482682571	8.75323400000002	6.566446351331315	8.838219000000208	7.272103426408545	8.753713000000062	8.702223429828098	9.142443999999614	10.230304265866137	9.445357999999942	12.407748427251452	8.744255000000067	14.723306277872542	8.770852000000104	18.989222307251993	8.759975999999824	22.58536830172236	8.747674000000188	27.0760516386249
8.798753000000033	5.336275516358086	8.803556000000071	6.572650313022563	8.863220000000183	7.274163151041923	8.792406999999912	8.705503690399624	9.1828059999998	10.234065663309948	9.47835699999996	12.41125788205524	8.784434000000147	14.728873582064217	8.808415999999852	18.9948283018201	8.79918600000019	22.59262462620183	8.78949300000022	27.086812276382943
8.838970000000018	5.341780125371926	8.838551999999936	6.576940509927444	8.876248000000032	7.275236170213082	8.833401000000322	8.708978598719959	9.221804999999677	10.237699600525547	9.518145000000004	12.415489049419959	8.824081000000206	14.734367168557258	8.848414999999932	19.00079767382197	8.838803999999982	22.59995641871967	8.832491000000118	27.097876001125073
8.882980999999972	5.347782695273443	8.873550999999907	6.58121136840966	8.924563999999918	7.279213841000308	8.872395000000324	8.712283671155445	9.26199299999962	10.241443896642494	9.558142999999745	12.419742232448165	8.864675000000261	14.73999197140606	8.881414999999834	19.005722515526767	8.879801999999927	22.607543559670614	8.869091000000026	27.107293253751664
8.918539999999894	5.352616322172937	8.919736000000057	6.586817402191044	8.962566000000152	7.282340512090475	8.913129000000026	8.715735922579539	9.302576999999928	10.245224662293024	9.597760999999991	12.423954709710483	8.904315000000224	14.74548458362321	8.919010999999955	19.01133323960283	8.91980199999989	22.614945975260433	8.905091000000084	27.11655594166108
8.989540000000034	5.362224545657754	8.953731000000062	6.5909223387953135	9.003607000000102	7.285715425391234	8.95281100000011	8.719098734263332	9.342132999999649	10.248909267331	9.638402999999926	12.428275771550647	8.944312000000082	14.751026660677311	8.957989999999882	19.017150344281237	8.959471000000121	22.622287104626196	8.94408999999996	27.126590068230804
9.013169999999946	5.365409696431993	8.997303999999986	6.596157544900594	9.054881000000023	7.289929307022782	8.992807000000084	8.722487887754108	9.382130999999845	10.252634667275185	9.67840299999989	12.432528297792294	8.983970000000227	14.756521763337819	9.00018399999999	19.023447229989095	8.999470000000201	22.62968927418864	8.983913999999913	27.136836262827643
9.038792000000058	5.368856267751067	9.035172000000102	6.600683584427084	9.09187699999984	7.2929681001440745	9.032576999999947	8.725857636616905	9.421887999999853	10.25633726157665	9.72318499999983	12.437288901759132	9.02369200000021	14.762025732352793	9.053281999999854	19.03137136942318	9.039467999999943	22.63709123099939	9.026922999999897	27.147901704531172
9.078790000000026	5.374221965344756	9.07417200000009	6.605322125056046	9.128864000000249	7.296004805956434	9.07226300000002	8.729220027538032	9.466495999999552	10.260491226164461	9.757846999999856	12.440973471150851	9.063693000000058	14.767568358705784	9.100280000000112	19.038385150306343	9.082617999999911	22.64507646216942	9.069918000000143	27.158963337340417
9.11841400000003	5.379519936125088	9.114000999999917	6.610035652155204	9.166862999999921	7.299123242118843	9.117017999999916	8.733011614647644	9.502142999999705	10.263810433720515	9.81304	12.446840116060272	9.104463000000123	14.77321753793194	9.136637000000064	19.04381090292753	9.124356000000262	22.652800365423637	9.106541000000107	27.168385446016103
9.174784000000045	5.387027032351718	9.153553999999986	6.61469316750987	9.203860000000077	7.302158170754754	9.152718000000277	8.736035875136125	9.546140999999807	10.267906885119805	9.85123799999974	12.450900054084133	9.149155999999948	14.779410294954584	9.171371999999792	19.0489945874214	9.159977000000254	22.659392256420855	9.145375000000058	27.1783762391631
9.212170999999898	5.391986801958374	9.193694999999934	6.619396401950377	9.24151000000029	7.305245415957668	9.19239400000015	8.739396758417403	9.581903999999668	10.271236344938263	9.88626499999964	12.45462278430362	9.184153000000151	14.784259552571957	9.207598999999846	19.054400922748545	9.19897600000013	22.666609248404075	9.185101999999915	27.188596626460512
9.24685199999999	5.396573943939259	9.234654000000091	6.624171335468349	9.301519000000098	7.3101635638987785	9.233024999999998	8.74283833317454	9.629656999999952	10.275681690685564	9.920188000000053	12.458228028331897	9.228841000000102	14.790451614213307	9.242960999999923	19.059678162344824	9.243978999999854	22.674937292141095	9.224909999999909	27.198837711096882
9.2805350000001	5.401016571434169	9.274650000000065	6.628810739090761	9.336095000000114	7.312995961849549	9.2729589999999	8.74622067741877	9.663654999999835	10.278846339594423	9.958581999999751	12.462308265936722	9.264427000000069	14.795382483005962	9.2790329999998	19.065061351466543	9.280618000000231	22.681717516019848	9.266184000000067	27.20945580095688
9.322560000000067	5.406542270638042	9.336317000000008	6.63591946746201	9.386868999999933	7.317153566958251	9.314956000000166	8.749777558575763	9.705953999999565	10.282783409606807	9.99765699999989	12.466460695585432	9.303758000000016	14.800832265768472	9.32390899999973	19.071758392241456	9.319617000000108	22.688934453325096	9.305985999999848	27.21969507805425
9.35897	5.411314320095303	9.373990999999933	6.640236197548149	9.412869000000228	7.319281807179994	9.353884000000107	8.753074344084208	9.742707999999766	10.286204139136178	10.038555999999971	12.470806772927345	9.355767999999898	14.808038875071437	9.358572000000095	19.07693129588569	9.359618999999839	22.696336984166628	9.34525900000017	27.229798150647863
9.398586000000023	5.4164904566213465	9.413688000000093	6.644763522712693	9.432867999999871	7.320918494184918	9.392481000000316	8.756342942965617	9.782344999999623	10.289892965360053	10.078223999999864	12.47502186667944	9.395762000000104	14.813580522534817	9.40326899999991	19.083601607061944	9.39937800000007	22.70369453180576	9.385262000000239	27.240088905171316
9.443402000000106	5.422325894993727	9.451297000000068	6.649032865458324	9.47769100000005	7.324585697025066	9.464104000000134	8.762407975175158	9.822341999999935	10.293615066781571	10.118220999999721	12.479271755110343	9.433399000000009	14.818795578761518	9.439597000000049	19.089022972842763	9.439374999999927	22.711096108020193	9.424536999999873	27.25019227782842
9.478033000000096	5.42682061013057	9.497839999999997	6.654289957861499	9.512682999999925	7.327447603155891	9.489104000000225	8.764524862838984	9.862941999999748	10.297393059053771	10.158044999999674	12.483503104592106	9.464984000000186	14.823172057581013	9.4834350000001	19.095565077611095	9.480869999999868	22.71877487999005	9.465369999999893	27.260696337851464
9.522684000000027	5.432597201718075	9.534407000000101	6.6583999737827	9.553659000000152	7.330797881547035	9.514231000000109	8.766652449144097	9.902490999999827	10.301073044252151	10.197904999999992	12.487738129547612	9.503982000000178	14.828575695500673	9.518430999999964	19.10078765336599	9.519869000000199	22.72599174759571	9.504370999999992	27.270729033254327
9.558393000000024	5.437201946856356	9.582630000000108	6.663793148698849	9.592896999999994	7.33400503848916	9.553049000000101	8.769939192920987	9.942091999999775	10.304757672112407	10.237900999999965	12.491987460576235	9.543635999999879	14.834070229465024	9.563112999999703	19.107455698755054	9.56487100000004	22.73431947243476	9.544801000000007	27.281129237020547
9.599044000000049	5.442427837208696	9.615629000000126	6.66746623664744	9.63390100000015	7.337355514266042	9.592666000000008	8.773293462658415	9.982087999999749	10.30847886215246	10.277516999999989	12.49619628355443	9.58423300000004	14.839695426752462	9.599110999999994	19.112827796914956	9.599653000000217	22.740755953059583	9.583807999999863	27.29116330612739
9.63804499999992	5.447425551576354	9.655627999999979	6.671899683384279	9.673765000000003	7.340611869383727	9.632348999999977	8.776653198945283	10.021702999999889	10.312164424320834	10.317363999999998	12.500429518332613	9.624229999999898	14.845237486392453	9.638110999999753	19.118647888886922	9.64365399999997	22.7488984175964	9.624370999999883	27.30159755591309
9.678730000000087	5.452622393182447	9.689828000000034	6.675674197930343	9.713392000000113	7.343847950811245	9.677212999999938	8.780451442074447	10.062263999999686	10.315937819836321	10.357360999999855	12.504678563753307	9.663387000000057	14.850663153597573	9.678109999999833	19.124617060332504	9.678653999999824	22.75537522258896	9.664540000000216	27.311930377898207
9.71843899999999	5.457678248219591	9.724829	6.679521834264115	9.75339299999996	7.347113683121376	9.713799000000108	8.783548755056154	10.102260999999999	10.31965857853805	10.402360000000044	12.509458849588153	9.704951000000165	14.856422338774566	9.722240000000056	19.131202708533714	9.718441999999868	22.76273804620845	9.704537999999957	27.322219141098405
9.759076999999934	5.462835790382247	9.76182700000004	6.683572362015163	9.793251999999939	7.350366963365397	9.756601000000046	8.787172191830967	10.14247499999965	10.323399363418966	10.449972999999773	12.514516666949994	9.743555000000015	14.861771380457649	9.763239999999769	19.13732125350433	9.764415000000099	22.771245402225283	9.750990000000002	27.334167994596054
9.79794599999991	5.467753201990955	9.811500000000024	6.688983964361226	9.833251999999902	7.353630920730974	9.792237000000114	8.790188896590214	10.189166999999998	10.327742552186047	10.48711800000001	12.518462387208984	9.789234000000306	14.868100746791894	9.80024000000003	19.142842863999036	9.79941400000007	22.777722000131025	9.810563999999886	27.349492097537517
9.837942000000112	5.472797340373004	9.84749899999997	6.692887038948227	9.874251000000186	7.356975562352108	9.831948000000011	8.793550473029281	10.24602799999957	10.333031375068487	10.531856999999945	12.523214661306485	9.82423000000017	14.872949856678986	9.838236000000052	19.14851310726955	9.85126900000023	22.787317806505225	9.848111000000245	27.35915017163309
9.883285999999998	5.478496613015353	9.885373999999956	6.696976638207113	9.913457999999991	7.36017325447339	9.87234800000033	8.796970280619151	10.278687999999875	10.33606906121157	10.575853999999708	12.527887999484651	9.869008000000122	14.879154378061399	9.879233999999997	19.15463134371742	9.891267999999855	22.7947196434898	9.883857000000262	27.368344936137213
9.918480000000045	5.482906053544314	9.923177000000123	6.701041391703008	9.95323899999994	7.3634170287106455	9.912212000000181	8.800344628550738	10.31368399999974	10.339323921046836	10.63330599999972	12.533990352715385	9.90364499999987	14.883953743730908	9.91774600000008	19.160378585198387	9.928119000000152	22.801538935772797	9.920306999999866	27.377720744043156
9.97549499999991	5.49002348735182	9.96017299999994	6.70500303583968	9.992231000000174	7.366595776063068	9.95283100000006	8.803782799018933	10.348301999999876	10.342543530196103	10.658280999999988	12.536643054569554	9.948643000000175	14.89018874809118	9.95774799999981	19.166348180378026	9.973117000000002	22.809865826895084	9.954795000000104	27.386591840854553
10.010111000000052	5.494329192061349	9.997765999999956	6.709012230544905	10.037835000000086	7.370312717880814	9.992823000000044	8.807167817093847	10.381968999999572	10.345674606250313	10.677278999999999	12.5386608915879	9.984124999999949	14.895105198039026	9.99974199999997	19.172615043768307	10.017999000000145	22.818171245278425	9.991115000000264	27.39593413174661
10.043394000000035	5.498458068646676	10.03454099999999	6.712918381828143	10.077440999999908	7.3735400899989285	10.033439000000271	8.810605574314557	10.421965999999884	10.349394274535488	10.718070999999782	12.542993475281454	10.0288129999999	14.901297247703678	10.03874199999973	19.178435103130816	10.053539999999884	22.824748106153475	10.024425999999949	27.40450241010702
10.083395999999993	5.503406234665218	10.073534000000109	6.717043232113789	10.11919799999987	7.3769420582979555	10.072133000000122	8.813880583163861	10.461597999999867	10.35307988930672	10.757755999999972	12.547208404293594	10.064801999999872	14.906283948088683	10.077741999999944	19.184255160367798	10.091542000000118	22.831780370816137	10.06901599999992	27.415971834474853
10.122988999999961	5.508288595581716	10.118764000000056	6.721806328852628	10.155295999999908	7.379882439808655	10.112916999999925	8.817332417026869	10.502166999999645	10.356852533917495	10.797757999999703	12.551456927042638	10.10399600000028	14.911714738841832	10.117739999999685	19.190224149314766	10.130537999999888	22.838996570816136	10.104209999999966	27.42502438764219
10.158582999999908	5.512664976095968	10.153373000000101	6.725435503829981	10.193293000000267	7.382976978636648	10.152914000000237	8.82071757529904	10.54216499999984	10.360571977795706	10.837706999999682	12.555699749311028	10.143548999999894	14.917195273100676	10.158739999999852	19.19634266688918	10.17024500000025	22.84634433707034	10.148271000000022	27.436357657167893
10.198617999999897	5.517572931740871	10.193373000000065	6.7296135018134695	10.233837000000221	7.386278373975306	10.19169200000033	8.823999503415461	10.581749999999829	10.364252921644278	10.877704999999878	12.559947707369988	10.184176000000207	14.922824622545527	10.197666000000027	19.202151675245965	10.207245000000057	22.85319117042867	10.184681000000182	27.44572292111985
10.238790000000108	5.522482380481997	10.23467699999992	6.733909351532111	10.272836999999981	7.389453504373351	10.232308999999987	8.827437012957828	10.622311999999965	10.368024621604873	10.922381999999743	12.564692518175496	10.224295999999867	14.928383721011016	10.243379999999888	19.20897366898894	10.249906999999894	22.861085750410144	10.224915000000237	27.456071749487794
10.278407000000016	5.527309074941415	10.273676000000023	6.737948549312247	10.312860999999884	7.392711470439889	10.272486000000299	8.830837226690944	10.661838999999873	10.371699994008768	10.95803399999977	12.568478795443287	10.263805000000048	14.933858158090656	10.278430999999728	19.21420440003151	10.28454499999998	22.8674954906337	10.269914999999855	27.46764643097
10.31840699999998	5.532167477333474	10.319678999999951	6.742692291136405	10.353053000000273	7.395982588863771	10.311771000000135	8.834161896939339	10.702152999999726	10.375448460202724	10.998047999999926	12.572728265248381	10.303631000000223	14.939376519121737	10.364242999999988	19.227010292284497	10.31954399999995	22.873972031195883	10.303914000000077	27.476391463308047
10.358553999999913	5.537028710096868	10.353667000000087	6.746182720004495	10.39265000000023	7.399204787718659	10.352552000000287	8.837613120366738	10.745816999999988	10.379508323412793	11.049647999999706	12.578208079909349	10.34423199999992	14.94500226539944	10.387240999999904	19.230442327681825	10.359543999999914	22.881374000444346	10.348915999999917	27.487966594059923
10.398550999999998	5.541856896967524	10.398654999999962	6.750784273554425	10.43364900000006	7.402540575869912	10.392207000000326	8.840969003499573	10.781425999999556	10.382819168029762	11.088652999999795	12.58235027199661	10.383229999999912	14.950405897056097	10.40052199999991	19.23242427645384	10.399155999999948	22.888704167750998	10.38391300000012	27.49696827820872
10.438192999999956	5.546627655041635	10.434729999999945	6.754459083738166	10.47383600000012	7.405809823313435	10.432196000000204	8.844353105526812	10.826182999999673	10.38698049097148	11.12180699999999	12.585871070471995	10.462739000000056	14.961422804018119	10.454132999999729	19.240424746166727	10.439159000000018	22.89610668659489	10.42491199999995	27.507513730161172
10.482854000000088	5.551985149038004	10.481731000000082	6.759226980904034	10.524860999999873	7.409960101596791	10.472811000000092	8.847790137776549	10.86212599999999	10.39032226086752	11.15779799999973	12.58969310681663	10.484735999999884	14.96447074698427	10.49113299999999	19.245946324157728	10.47975600000018	22.90361912201984	10.465912000000117	27.51805941406677
10.518448000000035	5.556241936418225	10.51830300000006	6.7629215344555815	10.555511000000024	7.412452778528802	10.517342999999983	8.851558594839616	10.92951099999982	10.396587180260235	11.198036999999658	12.593966211151606	10.503737000000001	14.967103558906	10.527901999999813	19.251433428729253	10.51975799999991	22.911021450895	10.504913000000215	27.528090909456463
10.580827	5.563674312483359	10.553904999999986	6.766505296316054	10.599256999999852	7.416010094121848	10.552881999999954	8.854565996254602	10.963508999999704	10.39974797537209	11.237036999999873	12.598107698800634	10.545418000000154	14.972878951384892	10.563648999999714	19.25676801761093	10.55975699999999	22.918423222416273	10.544910999999956	27.538378823294877
10.624800999999934	5.568892696885939	10.59359399999994	6.770485733750196	10.635267999999996	7.418938058992464	10.591875000000073	8.857865649144623	10.999524999999721	10.403096337123253	11.28238199999987	12.602922923417115	10.58344500000021	14.978148039141756	10.6036509999999	19.262737586919318	10.599357999999938	22.925751342435078	10.583911000000171	27.54841002135647
10.670462999999927	5.574293096422994	10.634590000000117	6.774581126130678	10.673341000000164	7.422033339004621	10.632113000000118	8.861270619500695	11.032524999999623	10.406164264470581	11.317376999999851	12.606639036671007	10.624107000000095	14.983782237045851	10.639435999999932	19.26807784513572	10.639348000000155	22.933151444539106	10.624326999999994	27.558805409892603
10.695065000000113	5.577195063484102	10.678926000000047	6.778991950582261	10.713141000000178	7.425268659697538	10.672753000000284	8.86470957154103	11.077312999999776	10.410328033006788	11.358024999999998	12.610955403549756	10.693514999999934	14.993399530881412	10.678152999999838	19.2738556501367	10.679347000000234	22.94055321027392	10.666737999999896	27.569713912044175
10.718067999999903	5.57990356974352	10.726916999999958	6.783745321600959	10.753140000000258	7.4285197973470645	10.712369000000308	8.868061839783616	11.112011999999595	10.413553820676993	11.397711000000072	12.615169579503373	10.726516000000174	14.997972207080403	10.718152999999802	19.279824918725623	10.718954999999823	22.94788262027184	10.704489000000194	27.57942380291899
10.758849999999939	5.584694009224495	10.773738000000094	6.788361969584024	10.79245600000013	7.431715081539677	10.753109000000222	8.871509187447467	11.146526999999878	10.416762465293226	11.437708999999813	12.619416850618729	10.764490999999907	15.003234089362316	10.757888999999977	19.285754789460334	10.75995499999999	22.9554696164634	10.748531000000185	27.59075177653945
10.798678999999993	5.589358418148663	10.809056999999939	6.791831046004438	10.833512000000155	7.435051433004612	10.792860999999903	8.874872902122593	11.181620999999723	10.420024899060182	11.477512999999817	12.623643487673863	10.79981399999997	15.008128505855579	10.799649999999929	19.291986853700127	10.79919800000016	22.962731480653087	10.78896399999985	27.60115146879019
10.837680000000091	5.593912445904117	10.845055000000002	6.79535504498818	10.873507000000245	7.4383012364812595	10.832448000000113	8.878222626718376	11.221344999999928	10.423717707195973	11.517295999999988	12.627867862686374	10.833816000000297	15.012839882250864	10.838276999999835	19.29775122527007	10.838928000000124	22.970083462176532	10.833509999999933	27.612609040838773
10.878371000000016	5.598649741673555	10.87874899999997	6.79864283713451	10.912913000000117	7.441502875865484	10.871444000000338	8.881522316576152	11.262068	10.427503338612944	11.557299000000057	12.632115567571226	10.869465000000218	15.017779469804037	10.878276999999798	19.30372049136891	10.883934999999838	22.97841194370571	10.868905000000268	27.62171289379477
10.923039000000017	5.603833600043108	10.913406000000123	6.802013950995345	10.95291300000008	7.444752477906941	10.913390000000163	8.88507159629599	11.301904999999806	10.431206564525061	11.602065000000039	12.636868994950376	10.90353499999992	15.022500268336298	10.917875000000095	19.309629765829857	10.919488000000001	22.984990974857542	10.9039029999999	27.630714625662733
10.958035999999993	5.607883152521085	10.957405999999992	6.806278477374947	10.99245000000019	7.447964180874751	10.957092000000102	8.88876943175102	11.341689999999744	10.434904916491666	11.637529000000086	12.64063467484741	10.943534	15.028042599399386	10.963616999999886	19.316455918892093	10.959487999999965	22.99239291584876	10.957472999999936	27.644493188857247
11.00273100000004	5.613039688453512	10.999039000000039	6.810297919866671	11.034085000000232	7.451346015180995	10.991969000000154	8.89172052148505	11.38635499999964	10.439056860207621	11.67752900000005	12.644881976212634	10.983998000000156	15.03364936163674	11.015747999999803	19.32423551210204	10.999194999999872	22.999740636571847	10.992471999999907	27.653495155395067
11.03839999999991	5.6171427248241335	11.033830999999964	6.813645345328387	11.073656000000028	7.454559928967291	11.04658500000005	8.896341776904636	11.42134999999962	10.442309873427257	11.730015999999978	12.650455140030301	11.028806000000259	15.0398580360336	11.050748999999996	19.329458767388342	11.043924000000061	23.008017669683714	11.040487000000212	27.66584490716958
11.078130000000101	5.6217002708441175	11.073830999999927	6.817480987612545	11.11229800000001	7.457698144993436	11.083607999999913	8.899474403036475	11.466043999999783	10.446464432732803	11.764013999999861	12.654065086254551	11.063470000000052	15.044661140125669	11.103395000000091	19.337315213732374	11.079639999999927	23.01462686008324	11.078137999999853	27.6755289646733
11.123293999999987	5.62686509229585	11.113941000000068	6.82131351795909	11.158272000000125	7.461431507387031	11.13710200000014	8.904000659141039	11.51225199999999	10.450759682865005	11.79772099999991	12.657644117171689	11.108724000000166	15.050931612994464	11.147155999999995	19.343845736921956	11.123638999999912	23.02276880583614	11.114137000000028	27.684788110310407
11.157813000000033	5.630801115895075	11.152941000000055	6.825027018862611	11.193270000000211	7.464273339574919	11.172998000000007	8.907037887016825	11.546866999999565	10.453977281377705	11.837369999999737	12.661854053176425	11.14372000000003	15.055780719537935	11.180959999999686	19.348890360996002	11.160636999999952	23.029615226789836	11.14977799999997	27.693955169201164
11.197810000000118	5.6353494121735315	11.192937999999913	6.828822320751575	11.241969000000154	7.4682273953474185	11.21158000000014	8.91030236616027	11.593343999999888	10.45829746293537	11.8773699999997	12.66610123713637	11.183324000000084	15.061268318543513	11.218305999999757	19.35446356304405	11.198635000000195	23.03664669547411	11.184393	27.702858328862856
11.243335000000116	5.640510281045524	11.233500999999933	6.832657903085551	11.278931000000284	7.47122825845876	11.247577999999976	8.913348194805494	11.63479499999994	10.462150429073503	11.917034999999942	12.670312830787617	11.223997999999938	15.066904178585	11.265302999999676	19.36147699857534	11.240635000000111	23.044418727063764	11.224392999999964	27.713146531272482
11.278332000000091	5.644466109534189	11.274496	6.836520754436951	11.312878000000183	7.4739841781405945	11.286258000000089	8.916620935391531	11.671150999999554	10.465529778695744	11.957327000000078	12.674590979125828	11.267998000000262	15.073000894936724	11.312371999999868	19.36850117841012	11.280029999999897	23.05170870697902	11.263953000000129	27.723321555954236
11.318066999999928	5.648945387660373	11.313495000000103	6.840183001034807	11.35298899999998	7.477240316317831	11.324933000000328	8.91989323818442	11.703736999999819	10.468558681996711	11.998323999999684	12.678943964030722	11.30345299999999	15.077913601244411	11.321371	19.369844113090508	11.319030000000112	23.05892559219915	11.303949999999986	27.733608972002312
11.358651999999893	5.653507271667512	11.353710999999976	6.843946884824426	11.392992999999933	7.480487566668225	11.360928999999942	8.922938857374188	11.741529999999784	10.472071560263839	12.07701599999973	12.68729928223838	11.344054000000142	15.083539346223171	11.357939999999871	19.3753013613638	11.359676000000036	23.066447066395146	11.343949000000066	27.743896895658537
11.397652999999991	5.657878597755157	11.392698999999993	6.847583716295513	11.433645999999953	7.483787299390045	11.401928000000225	8.926407765890183	11.782347999999729	10.475865589264274	12.10101799999984	12.68984774137511	11.383871999999883	15.089056597348153	11.406304999999975	19.382518944621722	11.39867600000025	23.073663950519048	11.389300000000276	27.755561370165488
11.438176999999996	5.66240770885697	11.438075000000026	6.851801575527566	11.47325200000023	7.487001862952544	11.43164700000034	8.928922269211341	11.821994999999788	10.479550750616502	12.118016999999782	12.69165263990235	11.423631999999998	15.094565811878297	11.449239999999918	19.38892620038054	11.43967500000008	23.081250745692806	11.424299000000246	27.764563259920237
11.477787000000035	5.6668220173637405	11.478894000000082	6.855582358538022	11.513249000000087	7.490247981830072	11.471643000000313	8.932306290683663	11.861993999999868	10.483268607886462	12.157373000000007	12.695831321377106	11.464126000000306	15.100176730707384	11.485239000000092	19.394298386071686	11.48359500000015	23.089378066389585	11.464296999999988	27.774850908113958
11.517980999999963	5.671288697410459	11.51288999999997	6.858721535245169	11.552947000000131	7.493469661996146	11.51726600000029	8.936166391658277	11.901632999999947	10.486952982545066	12.20237700000007	12.700609670166768	11.503678000000036	15.105657124371373	11.532120999999734	19.401294658236594	11.518587000000025	23.09585327560889	11.508730000000014	27.786279250015795
11.557563000000073	5.67567492336096	11.557035999999925	6.862785032668951	11.591938999999911	7.496633885873151	11.55182300000024	8.939090202826652	11.94233499999973	10.490736140327499	12.237429999999677	12.704331448373972	11.543684000000212	15.111200425050846	11.569797999999992	19.406917254083385	11.564586999999847	23.104365495748596	11.543727000000217	27.795280611279225
11.598201999999901	5.680165504765237	11.599036999999953	6.866637685843003	11.633937999999944	7.500041957448381	11.592529999999897	8.94253434451902	11.986104999999952	10.494804439216278	12.28217799999993	12.709082585462609	11.583306999999877	15.116690656576202	11.60379899999998	19.411991274755593	11.598393000000215	23.110621237028997	11.584452000000056	27.80575523125635
11.638202000000092	5.684572909321719	11.644031999999925	6.870750650446614	11.672231999999894	7.50314923120065	11.632489999999962	8.945915273017008	12.0211019999997	10.498057296319331	12.31717499999968	12.712798395012747	11.628167000000303	15.122906535883047	11.638034000000061	19.41710021549373	11.639392999999927	23.11820821509965	11.628451999999925	27.817072188006247
11.678343999999925	5.688983496669388	11.67832199999998	6.873875245265772	11.712233000000197	7.506394867951446	11.672315000000253	8.949284769181855	12.065753999999743	10.502207534499814	12.357843999999659	12.717116417928022	11.662918999999874	15.12772183319285	11.678645999999844	19.423160805437725	11.678392000000258	23.12542491129655	11.66545300000007	27.826588973011678
11.71867700000007	5.693402566463384	11.71332099999995	6.8770557703547865	11.75623399999995	7.5099648926638665	11.712175000000116	8.952657216823988	12.101346999999805	10.505515757001056	12.416854000000058	12.72338177154927	11.707918999999947	15.133957111122784	11.71864400000004	19.42912976710562	11.72406600000022	23.133876804089144	11.704185999999936	27.836551230693043
11.763337999999976	5.698281295143885	11.75331899999992	6.88067995760283	11.793199000000186	7.51296392012369	11.75217100000009	8.956041161685278	12.145813999999973	10.509648763183236	12.460691999999653	12.728036231152762	11.743679000000157	15.138912078644196	11.75841599999967	19.43506500233332	11.759062000000085	23.140352751632772	11.744751000000178	27.846984681082667
11.798489000000018	5.702110476619216	11.798661000000038	6.884774816251369	11.837076000000252	7.516523579520193	11.79685500000005	8.959821733986837	12.181810999999925	10.51299450722312	12.505467999999837	12.732790269222438	11.80054199999995	15.146791114375583	11.799000999999862	19.441121562655393	11.798620000000028	23.147672888902765	11.783526000000165	27.856957734155632
11.84398299999998	5.707052486382154	11.833542999999963	6.8879153433973475	11.873685999999907	7.519493561051952	11.832491000000118	8.962836775938086	12.221914999999626	10.516721962598679	12.53946599999972	12.736399957819886	11.841257999999925	15.152432793822431	11.838584999999966	19.44702874214377	11.838251000000128	23.15500653443469	11.824267999999847	27.867436702417194
11.878208000000086	5.71076007296562	11.873317000000043	6.891486152634245	11.912364000000252	7.522631194752182	11.87210899999991	8.966188713950162	12.28223399999979	10.522328269066573	12.587048999999752	12.741452002797708	11.874259000000166	15.157005469508755	11.877583999999842	19.452848621113233	11.883570999999847	23.163392918926828	11.864847000000282	27.87787374325311
11.923181999999997	5.715618764117208	11.913013000000092	6.895039283304127	11.952372000000196	7.525876601532779	11.913120000000163	8.96965850074799	12.316863999999896	10.525546916028977	12.619804999999815	12.744929808604187	11.907848000000286	15.16165961948908	11.91831299999967	19.458926670471012	11.919152999999824	23.169977303826375	11.908848000000035	27.889190929251352
11.963482000000113	5.71995971673444	11.957012000000077	6.898965252360028	11.992688000000271	7.529146874800006	11.952665000000252	8.973004247458148	12.352862999999616	10.528892793095283	12.65653999999995	12.74883007029485	11.948671000000104	15.16731612502607	11.957916999999725	19.464836834317115	11.994150999999874	23.183855547862276	11.94362799999999	27.898136444604653
11.998018000000002	5.723670229246951	12.00078499999995	6.902858360114311	12.032662999999957	7.5323893746005375	11.992403000000195	8.97636631623426	12.386670999999751	10.532035021714247	12.691231999999673	12.752513414353542	11.983668000000307	15.172165369915444	11.998477999999977	19.470889812615738	12.003185999999914	23.185527458198024	11.990628999999899	27.910225232827834
12.037910999999895	5.727945362618006	12.079782000000023	6.909852696123798	12.07832899999994	7.536093357150919	12.032024999999976	8.97971856416101	12.422115999999733	10.535329389601372	12.726889000000028	12.75629920888743	12.02338200000031	15.17766821048441	12.038477000000057	19.476858922744015	12.038758000000144	23.19210999208159	12.024042000000009	27.918819147428387
12.07872599999996	5.732307242104637	12.105369999999994	6.912109656794771	12.113115999999991	7.538914849483345	12.072020000000066	8.983102363686502	12.462113999999929	10.539046916785765	12.760888999999679	12.759909069886954	12.063975000000028	15.183292846810364	12.078103999999712	19.482772518691434	12.078230000000076	23.19941421370699	12.066767000000254	27.92980813134339
12.117897999999968	5.736482128480929	12.11909700000001	6.913318720068448	12.152799999999843	7.542133433029963	12.116640000000189	8.98687745680131	12.50181399999974	10.542736736370214	12.797673000000032	12.763814508867332	12.103927999999996	15.188828803625032	12.1176889999997	19.48867984685287	12.123230000000149	23.207741381457	12.104769000000033	27.93958234488073
12.157803999999942	5.740723819943335	12.153099000000111	6.9163084789802225	12.192783999999847	7.5453762513287685	12.1514430000002	8.989821973684904	12.541627999999946	10.546437141236245	12.837389999999687	12.768031344340322	12.143438999999944	15.194303516151436	12.157693000000108	19.494649702944333	12.159106000000065	23.214380169544057	12.144628000000012	27.94983418157628
12.198163999999906	5.745002106919476	12.193095000000085	6.9198160416345065	12.23402699999997	7.548721079995756	12.191863000000012	8.993241713096149	12.585327999999663	10.55049870870567	12.877388999999766	12.772278113680372	12.183222000000114	15.19981591746533	12.198383999999805	19.50072208100371	12.198577000000114	23.221684205662477	12.187428000000182	27.960842448745417
12.238070000000107	5.749220803694412	12.233809000000065	6.923376421216182	12.273027000000184	7.551883911768293	12.231486000000132	8.996594017019262	12.621325999999954	10.553844428123044	12.922305000000051	12.777046922610765	12.222937000000002	15.20531889657858	12.23795599999994	19.506627468987123	12.254150000000209	23.231967887111743	12.228429000000233	27.971388006555056
12.27815099999998	5.753446590645478	12.273805000000038	6.926864155439635	12.312581000000137	7.555091587304222	12.272132000000056	9.000032866765102	12.661896999999954	10.557615161763614	12.957464000000073	12.780779808736922	12.267965999999888	15.211558192722615	12.278004999999666	19.51260404033558	12.294022999999925	23.239346312286017	12.264318000000003	27.980618743862284
12.318291999999929	5.757667307442974	12.313513999999941	6.930317308004306	12.356160000000273	7.5586255795511645	12.316935000000285	9.003823413295613	12.70152599999983	10.561298335909246	13.000465000000077	12.785345286211946	12.303617000000031	15.216498056959653	12.31797800000004	19.51856927004603	12.331924999999956	23.246360007436103	12.304257000000234	27.990891149314603
12.36303399999997	5.762358445541872	12.353294000000005	6.933767196883461	12.392116999999871	7.561541401453968	12.352926000000025	9.006868418678271	12.741247999999814	10.564990145542465	13.042664999999943	12.789825714167115	12.342975000000024	15.221951569527693	12.35739999999987	19.524452273172212	12.369608999999855	23.253333361992155	12.344258000000082	28.001179499698296
12.398320000000012	5.7660482562177275	12.393291999999974	6.93722657508153	12.432842000000164	7.564843793336835	12.391593000000285	9.010139822176846	12.78079499999967	10.568665682806127	13.077660999999807	12.79354127977966	12.387787000000117	15.22816079776843	12.397556999999779	19.530444961391	12.406609000000117	23.260180143524572	12.383932000000186	28.01138374341224
12.442690999999968	5.7706757812479985	12.433893000000126	6.940728559049305	12.473011999999926	7.56810110365681	12.432452999999896	9.013596759244516	12.821505999999772	10.572449395750006	13.122845999999754	12.798338617559594	12.430810000000292	15.234122139072012	12.441269999999804	19.53696831668128	12.445608999999877	23.267397021267524	12.423933000000034	28.021672090839633
12.477689000000055	5.77431617218249	12.473424999999907	6.944129201009699	12.512013999999908	7.571263632856681	12.472447999999986	9.016980509522586	12.861148999999841	10.576133840811512	13.15761799999973	12.802030392273815	12.47454400000015	15.240181997763306	12.483263999999963	19.543235143033954	12.479538000000048	23.273675519786362	12.464226999999937	28.032035797151714
12.521690000000035	5.778881075126883	12.513619999999946	6.947577738030823	12.551964000000225	7.574502962758761	12.513762999999926	9.020475933607997	12.901152999999795	10.57985183064705	13.206616999999824	12.807232654587015	12.518217000000277	15.246233404187114	12.52850699999999	19.54998682239307	12.519536000000244	23.281077075420527	12.503827000000001	28.04222100385145
12.557690000000093	5.782606059964971	12.553202000000056	6.950964780048831	12.59196400000019	7.5777462792708725	12.55224700000008	9.023731839689821	12.945766999999705	10.58399826829155	13.242395999999644	12.811031334976919	12.570968999999877	15.2535428125529	12.566262999999708	19.555621205713248	12.559537000000091	23.288479186119854	12.544828000000052	28.052766549565867
12.60277300000007	5.787258449544481	12.593205000000125	6.954378973213974	12.63296500000024	7.5810706920845305	12.591914000000088	9.027087829204238	12.981335999999828	10.58730405556677	13.277194999999665	12.814725964910142	12.61555700000008	15.259721002955494	12.603947000000062	19.561244844343	12.598340000000007	23.29565960907508	12.584374000000025	28.06293786499927
12.643546000000015	5.791454229072224	12.633199999999988	6.957783666237954	12.672959999999875	7.584313473498929	12.631906999999956	9.030471396435027	13.021929999999884	10.591076861231853	13.317192999999861	12.81897257194189	12.640560000000278	15.263185461881784	12.639458999999988	19.566544352203532	12.639340000000175	23.303246582721798	12.629083000000264	28.074437113760396
12.678544000000102	5.795046813019476	12.672587000000021	6.961128082285677	12.712488000000121	7.587518331161928	12.672051999999894	9.033867820384444	13.06092899999976	10.594701422114339	13.356929000000036	12.823191358523097	12.697156000000177	15.27102750153093	12.67809299999999	19.57230976068248	12.679340000000138	23.310648508165013	12.664080999999896	28.083438672024602
12.71864000000005	5.799152645862381	12.71261000000004	6.964517940149646	12.75291900000002	7.590796343355236	12.711765000000014	9.037227692545795	13.101580999999896	10.598479607064517	13.397641999999905	12.827513869841436	12.719977000000199	15.274189618761797	12.717275999999856	19.578157097214643	12.719090999999935	23.318004356562163	12.7164929999999	28.09691914587555
12.769774000000098	5.804373266839579	12.752582000000075	6.967894961582503	12.79270600000018	7.5940220859316785	12.751758000000336	9.040611251005512	13.14178099999981	10.602215778001732	13.437640999999985	12.831760572055822	12.742975999999999	15.277376399980158	12.763304000000062	19.58502592310539	12.764091999999891	23.32633170759829	12.750492000000122	28.105663757549344
12.807774999999992	5.808241860852529	12.793155999999954	6.971314237368007	12.83364900000015	7.597341495421793	12.792132000000038	9.044027040809075	13.181777999999667	10.60593307724217	13.477298999999675	12.835971066949213	12.783713000000262	15.283020989156912	12.803308000000015	19.590995778626958	12.798771000000215	23.33274899175918	12.78348700000015	28.114150137800696
12.838547999999946	5.811367675384906	12.832419999999956	6.974614955207844	12.874189999999999	7.600628259131813	12.831883000000289	9.047390119990919	13.22141399999964	10.609616820674828	13.517033000000083	12.840189627645644	12.822912999999971	15.288452608954374	12.839013999999679	19.596324237296706	12.843421999999919	23.34101157583494	12.827681000000211	28.125516922477548
12.883268000000044	5.815899147865414	12.873090000000047	6.978025501250575	12.913018000000193	7.603776096873597	12.871548999999959	9.050746005492691	13.261476999999559	10.61334024469321	13.56259399999999	12.845026837543342	12.863569999999982	15.294086113190945	12.877732999999807	19.602102330353286	12.87889099999984	23.347575047935077	12.869682000000012	28.136319662330365
12.923271000000113	5.819941634608505	12.913753999999926	6.98142712910297	12.953621999999996	7.607067868229439	12.911503000000266	9.054126254543686	13.301706999999624	10.61707918520277	13.597347999999783	12.848716666084353	12.903233	15.299581887067609	12.917723999999907	19.608070245816158	12.923945999999887	23.355912391354124	12.906433000000106	28.145772091201202
12.958039999999983	5.8234468015615555	12.999565000000075	6.988578218555999	12.991653999999926	7.610151083311322	12.951778999999988	9.057533743720924	13.341215999999804	10.620751112550355	13.649347999999918	12.854237496776705	12.952976000000035	15.306474363176516	12.963332999999693	19.614876543623314	12.957910999999967	23.362197550996598	12.944171000000097	28.155478377799135
13.002707999999984	5.82793851579093	13.025564999999915	6.990737762345872	13.033652000000075	7.613555770351402	12.991723000000093	9.060913142462894	13.380769999999757	10.624427218300564	13.682362000000012	12.857742584953165	12.982974000000013	15.310630937936585	12.998103999999785	19.620065470819537	12.997910000000047	23.369599291003787	12.984171999999944	28.165766711748496
13.037874000000102	5.831465758530803	13.040561999999909	6.991981904517309	13.09383200000002	7.618434349387525	13.0316499999999	9.06429110097061	13.421368999999686	10.628200441383834	13.723991999999726	12.862162429290331	13.023269000000255	15.316214282824305	13.03710299999966	19.625885348628998	13.089735000000019	23.386591335077437	13.023935000000165	28.17599383103781
13.086103999999978	5.836290578850392	13.082560999999941	6.995460325033471	13.14157699999987	7.622304800298678	13.071879999999965	9.067694692394186	13.461592999999993	10.631938808754674	13.757990000000063	12.865771984608914	13.063090999999986	15.321732088013363	13.08376300000009	19.632848488658095	13.1147390000001	23.391218278364665	13.064671999999973	28.186471464392035
13.120102000000088	5.839682831083256	13.116729000000078	6.998283928261764	13.175608000000011	7.6250634905304215	13.112900999999965	9.071165203168064	13.501389999999901	10.635637487868655	13.797795999999835	12.869998171083052	13.107782000000043	15.327924550262411	13.117772999999943	19.637923850679694	13.134062000000085	23.394793963252734	13.103669999999966	28.1965018231338
13.158102000000099	5.843465801238365	13.152728999999908	7.001252931356219	13.213470000000143	7.628132704492942	13.152493999999933	9.074514898763194	13.545098999999936	10.639699739208258	13.842607999999927	12.874755839912515	13.143777000000227	15.332912079712091	13.163367999999991	19.644728059176174	13.16405900000018	23.400344851796692	13.144454000000223	28.20699154390435
13.208180000000084	5.848437383743264	13.192616999999927	7.004535478277698	13.250715000000127	7.63115187007045	13.192093000000114	9.077865100379418	13.581042999999681	10.643040319858255	13.877602000000024	12.878471134512301	13.198463000000174	15.340489466445218	13.198367999999846	19.64995116032706	13.200051000000258	23.40700510381765	13.183845999999903	28.217123239204163
13.242185999999947	5.851804511329655	13.237100999999939	7.008187535327953	13.288139000000228	7.634185514515585	13.231718	9.081217500153713	13.621548999999959	10.6468048829483	13.9178509999997	12.882744347821443	13.235120000000279	15.345568723758866	13.238007999999809	19.655866695450513	13.23961700000018	23.414326717804187	13.223837000000003	28.22740899795935
13.278031000000055	5.855345998092536	13.278097000000116	7.011545194457561	13.323439000000235	7.637046956601001	13.27334800000017	9.084739527677044	13.661365999999816	10.650505408614533	13.957516999999825	12.886955662471522	13.27186699999993	15.350660451627776	13.277016999999887	19.661688065513598	13.27861699999994	23.421543594530878	13.269071000000167	28.23904326543942
13.31876299999999	5.8593607400983165	13.329846999999972	7.015772760850367	13.375436000000263	7.641261821569991	13.312948000000233	9.088089809467794	13.701350999999704	10.65422154519357	13.997221999999965	12.891171115940683	13.305867000000035	15.355371550425923	13.317675999999665	19.667755667479092	13.31926999999996	23.42906635577931	13.304065000000264	28.24804378584599
13.357762999999977	5.863195268731408	13.380010999999968	7.019859343401466	13.413320999999996	7.644332736852918	13.352126000000226	9.091404387466175	13.741753999999673	10.657976527315938	14.036857000000055	12.895379135853835	13.34354600000006	15.360592417826089	13.363683000000037	19.674621359287734	13.363878999999997	23.43732116736817	13.348938999999973	28.259585459782112
13.397543999999925	5.86709706628166	13.426240000000007	7.023615548428371	13.45198500000015	7.647466768422248	13.391127000000324	9.094703989506806	13.780784999999923	10.661603995807939	14.077853999999661	12.899731756635367	13.38375300000007	15.366163569277752	13.403503	19.680563756041977	13.3988760000002	23.443797296409805	13.383712000000287	28.26852913794133
13.438169000000016	5.871071778202816	13.450870000000123	7.025612988544888	13.487986000000092	7.6503849171098555	13.43167799999992	9.098134724985409	13.821608999999626	10.665398099952808	14.11741499999971	12.903931916800776	13.422755000000052	15.371567753845289	13.438151999999718	19.685734476909023	13.444882000000234	23.452310620178835	13.427711000000272	28.279845759528875
13.478166999999985	5.874975459451212	13.47787100000005	7.0277997044034635	13.526561000000129	7.653511681698781	13.471716000000015	9.101522057963368	13.861916999999721	10.669144245720357	14.157109999999648	12.908146302159544	13.463414000000284	15.377201535198104	13.488148999999794	19.693195602220367	13.479530000000068	23.45872216739575	13.469383000000107	28.29056387218989
13.517786000000115	5.878832730933644	13.513034000000061	7.030642755367444	13.565168000000085	7.656641014147663	13.511422000000039	9.104881301666486	13.905782999999701	10.673221062461193	14.197107999999844	12.91239285534537	13.508060999999998	15.38338790072713	13.5239160000001	19.698533163848868	13.524134000000231	23.46697605366495	13.503709999999955	28.299392837513743
13.567459000000099	5.883655685186197	13.552251999999953	7.0338074861935285	13.602182999999968	7.6596412817490975	13.55100500000026	9.10823013817592	13.941016999999647	10.676495636886294	14.237768999999844	12.916709797262868	13.550833000000239	15.389314463013491	13.557618999999704	19.703562711740016	13.55813100000023	23.473267134530683	13.548718999999892	28.310969231875667
13.6050580000001	5.887296643352983	13.597250999999915	7.037430780527177	13.637771000000157	7.662525862199208	13.595628000000033	9.112005372113572	13.98093499999959	10.680205530635664	14.28231199999982	12.92143888608924	13.593828999999914	15.39527206312691	13.602132999999867	19.71020560093824	13.5988040000002	23.480793596618504	13.584092999999939	28.320067486964366
13.638699000000088	5.89054729104751	13.633250999999973	7.040323440942492	13.672458000000006	7.6653373930226385	13.631619000000228	9.115050313198052	14.05072599999994	10.686691752773504	14.322308999999677	12.925685329013064	13.633992999999919	15.400837256422776	13.643141000000014	19.71632528463359	13.640805999999884	23.488565987640328	13.623927000000094	28.330312861666272
13.677699000000075	5.894307497190624	13.673115000000053	7.043520388105647	13.712452000000212	7.668579056318506	13.671542999999929	9.118427996420332	14.08416299999999	10.689799312140098	14.385687999999845	12.932414213922765	13.662740000000213	15.404820490455082	13.67904099999987	19.721682694029518	13.683464000000185	23.496459770213367	13.672951000000012	28.342921920165786
13.71835400000009	5.898217869605179	13.713113999999905	7.0467216928267105	13.752199999999903	7.671800757078629	13.711209999999937	9.121783935860133	14.13558299999977	10.694578168682078	14.4206879999997	12.936130127645042	13.702737999999954	15.410362682503557	13.718046999999842	19.727503616334968	13.71846000000005	23.502935714104492	13.713950000000295	28.35346693437466
13.75834000000009	5.902054586178689	13.752872000000025	7.049897360404437	13.793193999999858	7.675123426595941	13.751762000000326	9.125214747941476	14.15760199999977	10.69662456308844	14.476835999999821	12.942091300928	13.743371000000025	15.415992861250036	13.758260999999948	19.73350481023963	13.758460999999897	23.5103378238095	13.747949999999946	28.362211793422425
13.797461999999996	5.905799516684285	13.792492999999922	7.053055859265144	13.837902000000213	7.678747099242567	13.791994000000159	9.128618486332432	14.181260999999722	10.698823374738664	14.500029999999697	12.94455378259593	13.78300100000024	15.421484062581909	13.798772999999983	19.739550475115546	13.798208000000159	23.517692931283023	13.784231999999975	28.371543586671667
13.838023000000021	5.90967296912235	13.832222000000002	7.05621679739746	13.872441999999864	7.68154661717451	13.832001000000218	9.132003188349548	14.221662999999808	10.702578240099326	14.517264999999952	12.946383603526423	13.822809000000234	15.426999927901445	13.837579999999889	19.74534170035031	13.839206000000104	23.525279533940072	13.824586000000181	28.381922705188558
13.877633999999944	5.913446685570435	13.877523999999994	7.059813686614674	13.912438000000293	7.684788333026412	13.87166900000011	9.135359209330828	14.29326699999956	10.709232941225451	14.556803999999829	12.950581414865557	13.862818000000061	15.432543644128426	13.878334999999879	19.751423628464362	13.877966999999899	23.53245218395322	13.864586000000145	28.3922107741109
13.918633	5.9173433086964256	13.912518000000091	7.062586767851112	13.952440000000024	7.6880305155623105	13.912532000000283	9.138816329871757	14.317039999999906	10.711442344906512	14.59741699999995	12.954893250662836	13.903493000000253	15.43817964246705	13.917335999999978	19.757243804596452	13.918692000000192	23.53998826845737	13.903345000000172	28.402179655530862
13.958262000000104	5.921100757789855	13.952518000000055	7.065750875935943	13.991837000000032	7.691223644040861	13.952526999999918	9.142200014605812	14.351031999999577	10.714601476321397	14.63741600000003	12.959139897913106	13.943066000000272	15.44366294577988	13.958095999999841	19.763326478862155	13.958686999999827	23.54738926782929	13.947521000000052	28.413541798475983
13.997859000000062	5.924846418953928	13.996849999999995	7.0692506688785945	14.032529999999952	7.694521794789225	13.993335000000116	9.145652480694636	14.390028999999686	10.718225758806401	14.677054999999655	12.96334832357084	13.983662000000095	15.449287997741648	13.997695999999905	19.769236044633043	13.997687000000042	23.55460614431962	13.984093999999914	28.422948436643487
14.037857000000031	5.928621178672719	14.032846999999947	7.072087111283759	14.073162000000139	7.697814983348295	14.030991000000085	9.14883827859947	14.420615999999882	10.7210684363815	14.722643999999946	12.968188452726125	14.023431000000073	15.454798459153235	14.037696999999753	19.775205452216586	14.049019999999928	23.564105219204112	14.028847000000042	28.43445898464102
14.077645000000075	5.932367360778429	14.077522999999928	7.075600848313372	14.112782000000152	7.701026133331162	14.072990000000118	9.152391505287797	14.461612999999943	10.724878591690253	14.756642999999713	12.971798084924608	14.063572999999906	15.460360604089743	14.078414000000066	19.781281709522467	14.08804599999985	23.57132690693107	14.06762800000024	28.444433523905964
14.117647000000034	5.936124934658634	14.113340999999991	7.0784127029197	14.152783999999883	7.704268227648812	14.113181000000168	9.155791769835032	14.500609999999597	10.728502871093616	14.800862000000052	12.976492761237825	14.103394000000208	15.465878270711148	14.167167999999947	19.79452659840507	14.123986999999943	23.577977721219092	14.131231000000298	28.460792323597804
14.158202000000074	5.939925541621884	14.152340000000095	7.081469068824227	14.192504000000099	7.707487450740615	14.151965000000018	9.159072997987439	14.54121699999996	10.732276778636002	14.836859999999888	12.980314623575046	14.142725000000155	15.471328042085092	14.190169999999853	19.797959220415894	14.157987999999932	23.584269542160623	14.165156000000025	28.46951789112955
14.197855000000118	5.943632990009498	14.193254000000024	7.084669739997543	14.2334850000002	7.710808859539293	14.191956000000118	9.162456341030353	14.581213999999818	10.735993993376898	14.877454999999827	12.984624542981745	14.182870000000094	15.476890602706602	14.205751999999848	19.800284545003557	14.197987000000012	23.59167128168824	14.199155000000246	28.47826249150636
14.240858000000117	5.947644067974213	14.234001000000035	7.08785153773137	14.272484000000077	7.713969617845617	14.240673000000243	9.166577925842269	14.62102799999957	10.73969419963449	14.917187999999896	12.9888429443263	14.22333000000026	15.482496810272803	14.25175199999967	19.807149192097018	14.244132000000263	23.600210326920934	14.236377000000175	28.487836052853268
14.283429999999953	5.951605177077696	14.273325999999997	7.0909168617721	14.317855000000236	7.717646791791614	14.293614000000161	9.17105687130253	14.666027999999642	10.743876377718994	14.982916999999816	12.995821306175138	14.263025000000198	15.48799701811603	14.286485000000084	19.812332448345714	14.278373999999985	23.606546744445573	14.273439999999937	28.497368719044534
14.318052999999964	5.954819546562655	14.31328499999995	7.094026199498859	14.352280999999948	7.720436896925541	14.32746700000007	9.173920922240542	14.70402299999978	10.747407529223437	15.01690299999973	12.999429554695563	14.303022000000055	15.493539071601436	14.332511999999952	19.81920112468518	14.318137000000206	23.61390481260463	14.308440000000246	28.5063707780766
14.361053999999967	5.958802873857502	14.352284000000054	7.097055641234781	14.397280000000137	7.724083891549757	14.381433000000015	9.178486584175342	14.740625999999793	10.750809311340506	15.050805999999739	13.00302899083558	14.343021000000135	15.499081402210287	14.377156999999897	19.82586356314738	14.358951000000161	23.621457366327427	14.344653999999991	28.515685079882907
14.402561999999989	5.962638652765322	14.392284000000018	7.100157569177088	14.43327700000009	7.727001297415674	14.406432000000223	9.180601563428514	14.788870999999745	10.75529306789194	15.086203999999725	13.006787148735249	14.383021000000099	15.504623871380808	14.423213999999916	19.832736716427338	14.397950000000037	23.628674057719778	14.383952000000136	28.525792591604766
14.43782699999997	5.965890415659757	14.432358000000022	7.10325994288514	14.482274999999845	7.730972363965494	14.431989000000158	9.182763750763572	14.832340999999815	10.759333048238693	15.117220999999972	13.010080181461209	14.423021000000062	15.510166340551288	14.4579719999997	19.83792370345771	14.439948000000186	23.636445708401947	14.423951000000216	28.53608040162532
14.47782600000005	5.969570849835476	14.472361999999976	7.106351673641335	14.513858000000255	7.73353201409752	14.47175900000002	9.186128393844243	14.867009999999937	10.762555087624873	15.166396000000077	13.015301023787272	14.463016000000152	15.515708116913107	14.49466799999982	19.84339990105362	14.478730000000269	23.643622244347032	14.46470700000009	28.54656291323886
14.517436000000089	5.973207315161041	14.512357000000065	7.109437550572914	14.557690000000093	7.73708437503873	14.511749000000236	9.189511649157152	14.910714999999982	10.76661690670926	15.200395999999728	13.018910756774476	14.503015000000232	15.521250447521805	14.533666999999696	19.849219778697183	14.519726999999875	23.651208661860753	14.503896000000168	28.556642389750934
14.557436999999936	5.9768714667112075	14.552819	7.112554271042624	14.591687000000093	7.739839650143692	14.551699000000099	9.192891520056836	14.942713999999796	10.7695908027635	15.236877999999706	13.02278399992668	14.558015000000069	15.52887134263106	14.562504999999874	19.853523315492083	14.559726999999839	23.658610586402382	14.543897000000015	28.566930713956605
14.598050000000057	5.980583285239257	14.596817999999985	7.115937587489898	14.645917000000281	7.744234686018538	14.591423000000304	9.19625227049132	14.981423999999606	10.773188399531229	15.276884999999766	13.027031487030417	14.593043000000307	15.533724882883568	14.610282000000097	19.86065314687503	14.59881600000017	23.665843932110086	14.584170000000086	28.577288996952515
14.637952000000041	5.98422193262685	14.64034300000003	7.119278527980845	14.685923000000003	7.74747693494435	14.632354000000305	9.199715135872829	15.02142399999957	10.77690588461632	15.3170769999997	13.031298614930929	14.627011999999922	15.538431686264689	14.640272000000095	19.865128598308672	14.639819999999872	23.673431644952416	14.623274999999921	28.58734686833439
14.698945000000094	5.98976827746244	14.675997000000052	7.122010955959806	14.722915000000285	7.750474908405918	14.671025999999983	9.202986883921909	15.061036999999942	10.780587402462666	15.356836999999814	13.035519877630547	14.66255799999999	15.543357001492893	14.683273999999983	19.871545849476618	14.678507999999965	23.68059078636191	14.664698999999928	28.59800119033338
14.73165599999993	5.992735110897957	14.71222499999999	7.124783412635788	14.762659999999869	7.753695986601344	14.717826999999943	9.206946365408252	15.1010339999998	10.784304607609796	15.396835999999894	13.039766514265342	14.70329700000002	15.549001867781104	14.71706499999982	19.876588529681975	14.718593000000055	23.68800843998362	14.705241000000115	28.608428660402446
14.766106000000036	5.995853882062254	14.75243300000011	7.127855825514244	14.800661000000218	7.756775716382908	14.751443000000108	9.209790362758255	15.141030999999657	10.788021812228425	15.436651999999867	13.043993721714017	14.742294000000129	15.55440535953694	14.756665999999768	19.88249824465911	14.758715999999822	23.695433125431517	14.744242000000213	28.618459782649534
14.800101999999924	5.998925760444229	14.7928730000001	7.130941112148734	14.837755000000016	7.759781932197711	14.797151000000213	9.213657373170673	15.185929999999644	10.792194593840993	15.482191999999941	13.048828637615728	14.783030999999937	15.560049948701622	14.7976749999998	19.888618077528797	14.798129000000245	23.702726426717255	14.782971000000089	28.6284209459972
14.83769600000005	6.002316088291245	14.833094999999958	7.1340049933845755	14.874479999999949	7.762758235915168	14.831120000000283	9.216531234816769	15.220924999999625	10.79544692626801	15.522269000000051	13.053083554381706	14.856176000000232	15.570185046388062	14.843778999999813	19.895498244677324	14.840532000000167	23.710573021859446	14.828309999999874	28.640082212306822
14.87836799999991	6.005976155999758	14.872478000000001	7.13700040405959	14.912476999999853	7.765837619061175	14.878893000000062	9.220572948840777	15.297702999999728	10.802582446670842	15.562132999999903	13.05731585695489	14.878767000000153	15.573315294413653	14.878558999999768	19.90068851479279	14.878471999999874	23.717593747270985	14.864317999999912	28.649343529836635
14.922968999999966	6.009980478015425	14.912479000000076	7.140038252055994	14.95762300000024	7.769496367915904	14.911769000000277	9.223354339632458	15.32055199999968	10.804705964894026	15.596892999999909	13.061006275085509	14.916297000000213	15.578515516112596	14.917562000000089	19.90650898935575	14.918308000000252	23.724965323903604	14.903959000000214	28.65953926097484
14.963404000000082	6.013602399954873	14.95247900000004	7.143071473871569	14.992251000000124	7.772302704223906	14.950764000000163	9.226653412767936	15.345546999999897	10.80702892583234	15.636892999999873	13.065253016066187	14.945517999999993	15.58256442840311	14.957394999999906	19.912453326028444	14.957785999999942	23.732270653310184	14.943620999999894	28.669740393309844
14.997401000000082	6.016641517809872	14.992840999999999	7.146127586702583	15.038253000000168	7.776030808331175	15.002490000000307	9.231029559622177	15.380543999999645	10.810281442632723	15.68225399999983	13.070068926196164	14.987521000000015	15.58838443671698	14.997379999999794	19.918420345882357	14.997973000000002	23.7397071818276	14.98360700000012	28.680024858947302
15.043208999999933	6.020727663069585	15.037841000000071	7.149529541759161	15.072059000000081	7.778770515587816	15.038166000000274	9.23404783682206	15.421323999999913	10.814071413835036	15.717251999999917	13.073784611762225	15.023067000000083	15.593309751945052	15.05812799999967	19.927485858500948	15.040316999999959	23.747542859123364	15.024788000000171	28.69061668053426
15.082975999999917	6.024266794352852	15.072476000000051	7.152144125319746	15.117655000000013	7.782465700813519	15.081075000000055	9.237678043408918	15.461290999999619	10.817785826879563	15.756249999999909	13.077924971163394	15.0635299999999	15.59891637519582	15.092720999999983	19.93264822233177	15.079463999999916	23.754786937600752	15.063791000000037	28.700648316872524
15.117983999999979	6.027376158796664	15.121724000000086	7.155856234743205	15.151651000000129	7.7852207947555865	15.115074000000277	9.240554442025632	15.501097999999729	10.821485369656601	15.796747999999752	13.082224583098583	15.10250700000006	15.604317095716954	15.129719999999907	19.938169637050486	15.119461000000229	23.7621883069731	15.103437000000213	28.710845333848223
15.163589000000002	6.031418032625691	15.15356399999996	7.158252737344673	15.197786000000178	7.788959646690955	15.151734999999917	9.243656052236517	15.549069999999574	10.825943742521114	15.836746999999832	13.086471216737063	15.143171000000166	15.609951569875323	15.167719999999917	19.943840432458494	15.158363999999892	23.769387233708798	15.14308600000004	28.72104312240031
15.197758000000022	6.034439940845333	15.197670000000016	7.161568024261122	15.235560000000078	7.79202090417202	15.191413000000011	9.24701290788624	15.584069	10.829196443638908	15.876379999999699	13.090678992505172	15.183144999999968	15.615490436440455	15.204588999999942	19.949342447087123	15.200095000000147	23.777109476506826	15.18308100000013	28.731329902698988
15.237757000000101	6.037970509553218	15.232664999999997	7.1641948389239944	15.272131000000172	7.79498466385709	15.231442000000243	9.25039945885638	15.62068199999976	10.832599144781724	15.917116999999962	13.095003978087275	15.223144999999931	15.621032905610562	15.238589000000047	19.95441631666226	15.240572000000157	23.784599668970323	15.227844999999888	28.74284327767242
15.277354999999943	6.04145834422022	15.283089000000018	7.1679742123685655	15.312402999999904	7.798248351721382	15.272437000000082	9.25386773564593	15.660679999999957	10.836316437275833	15.95683999999983	13.099221308639795	15.262771000000157	15.626523552693957	15.277749999999742	19.960260369792316	15.279472000000169	23.79179804055904	15.264426000000185	28.752251971464197
15.318107999999938	6.045040330852688	15.31566900000007	7.170412679188437	15.352405999999974	7.801490234016344	15.317053000000215	9.257642357701974	15.701298999999835	10.840091443336146	15.997081999999864	13.10349374045547	15.30276700000013	15.632065467617135	15.317367000000104	19.9661724724671	15.31861600000002	23.799041563886494	15.303427000000283	28.76228309324317
15.35710999999992	6.04846125157406	15.352669000000105	7.173178701635512	15.391971000000012	7.804696615154582	15.350766000000021	9.260494559356825	15.740994999999657	10.843780668324142	16.036818999999923	13.107712557022637	15.34276600000021	15.63760779822551	15.358060999999907	19.97224529742192	15.357692000000043	23.80627250394159	15.343123999999989	28.772493227353248
15.397077999999965	6.051959675590902	15.393113999999969	7.176198336284719	15.433105000000069	7.8080301440889315	15.3915649999999	9.263946253709689	15.780993999999737	10.847498052953107	16.076816999999664	13.111959083399938	15.382418000000143	15.643102047913805	15.404152000000067	19.97912352455574	15.397523999999976	23.81364334036924	15.387774000000263	28.783977281238005
15.437077000000045	6.055453531178842	15.43322400000011	7.179188953996521	15.472105000000283	7.811190727322608	15.436191000000235	9.267721721416953	15.824990999999955	10.851586999184377	16.12222100000008	13.11677955632807	15.423416999999972	15.648782940251387	15.450315000000046	19.986012496354235	15.438732000000073	23.821268802999395	15.423769999999877	28.793235511984804
15.477750999999898	6.058998919285425	15.486218000000008	7.183134168171524	15.511647000000266	7.814395229953065	15.482962000000043	9.2716786611849	15.860650999999962	10.854901130001151	16.16203799999994	13.12100686589372	15.467419000000064	15.65487993346194	15.497957000000042	19.993122181478952	15.479079000000183	23.828734939203848	15.463650000000143	28.80349271393965
15.523359000000028	6.062965529212727	15.524529999999913	7.185982130916576	15.552188000000115	7.817680687377958	15.521587000000181	9.27494642954343	15.913302999999814	10.859794444760904	16.201920999999857	13.125241182439007	15.50300500000003	15.659810791159089	15.534589999999753	19.998588977481717	15.554447999999866	23.842681830410807	15.50423499999988	28.813931243042674
15.563351999999895	6.06643613465826	15.560881999999992	7.188681153392373	15.597189999999955	7.821327660567808	15.554583999999977	9.277738055431014	15.952942999999777	10.863478464065546	16.23683200000005	13.128947629310266	15.552005999999892	15.66660045445413	15.570588999999927	20.003961160740012	15.580451000000267	23.84749363648531	15.544235000000299	28.824219309162203
15.597901000000093	6.06942857982788	15.609879000000092	7.192314091538363	15.633428999999978	7.824264474166598	15.59634700000015	9.281271306002969	16.00893999999971	10.868682652154003	16.276832000000013	13.133194367320428	15.583124000000225	15.670912218345027	15.616864000000078	20.010866846461028	15.598446999999851	23.850823762321188	15.583638999999948	28.834354083081294
15.642528000000084	6.07328611109443	15.648546000000124	7.195177145948577	15.671428000000105	7.827343914798892	15.64634100000012	9.285500918916428	16.066086999999698	10.873993717309054	16.322601999999733	13.13805369713895	15.622737000000143	15.676401064125855	15.654252999999699	20.01644646144564	15.640445999999883	23.858595598005657	15.624568000000181	28.844881089505815
15.688562000000047	6.0772560860949065	15.684570000000122	7.197841400393232	15.712426999999934	7.830666471559401	15.681974999999966	9.288515641138805	16.088094999999612	10.876039072557711	16.356254999999692	13.141626583788138	15.667749000000185	15.682638004682923	15.68825199999992	20.021520181787487	15.702448000000004	23.870068951087212	15.664271000000099	28.855092766690873
15.730774999999994	6.080888398210411	15.725593000000117	7.200871765672979	15.756732000000284	7.834256941882004	15.721559999999954	9.29186462740696	16.103067999999894	10.87743061670007	16.40746999999965	13.14706400050224	15.70244700000012	15.687445819564477	15.724924000000101	20.026992797816565	15.739474999999857	23.87692072755442	15.703887000000122	28.86528206731952
15.774857000000111	6.084673272337865	15.763732000000118	7.2036856850105675	15.791704000000209	7.837091064150123	15.759493999999904	9.295073935035676	16.14039899999989	10.880900043859118	16.467789999999695	13.153468080653173	15.745445999999902	15.693403835360522	15.763537999999699	20.03275522133695	15.774445999999898	23.883392045101747	15.743886000000202	28.875569876168548
15.820470999999998	6.088580854628342	15.800729000000047	7.206412246145904	15.837832000000162	7.840829261776165	15.802355000000261	9.298700078639484	16.181167999999616	10.884688987896563	16.492447999999968	13.156085981920484	15.782447000000047	15.698530757904566	15.800537000000077	20.038276636052636	15.813446999999996	23.890609106542733	15.787540000000263	28.88679775703978
15.855407000000014	6.0915676550718025	15.848465000000033	7.209925778026305	15.878171000000293	7.844098317070775	15.83335500000021	9.301322753092053	16.22116399999959	10.888406091563155	16.51644899999974	13.158634130491315	15.823103000000174	15.704164123569015	15.837191000000075	20.04374656591516	15.8484440000002	23.897085235340466	15.8228509999999	28.89587980452741
15.937040000000025	6.098526485570174	15.884164000000055	7.212550099363392	15.913164999999935	7.846934213146245	15.871953000000303	9.30458823654027	16.26116299999967	10.892123473893312	16.5572259999999	13.162963360625644	15.863103000000137	15.709706592739053	15.877764999999727	20.049801483093002	15.887443000000076	23.904301926684607	15.867514000000028	28.907367201840998
16.44950300000005	6.141582211678115	15.920170999999982	7.215194280208548	15.951775999999882	7.850063226254927	15.916617000000315	9.308366918079603	16.300812999999835	10.895808421113049	16.596223999999893	13.167103717034388	15.903100999999879	15.715248784785599	15.916764999999941	20.055621509955913	15.927966000000197	23.911800631352133	15.90331100000003	28.91657424931302
16.46250400000008	6.142660796869991	15.965351000000055	7.218508172981274	15.99233200000026	7.853349857962382	15.953671000000213	9.31150177531041	16.340428999999858	10.899490208347096	16.63722299999972	13.171456516383978	15.942700000000059	15.720735690702234	15.95755199999985	20.06170821343418	15.97024300000021	23.919623910408873	15.943607000000156	28.926938447000502
16.485087999999905	6.144532831203813	16.001261000000113	7.221139054688981	16.034153999999944	7.856739082299409	15.997463000000153	9.315206683434717	16.380117999999584	10.903178779846705	16.676320999999916	13.17560748947467	15.982699000000139	15.726278021310552	15.99728099999993	20.067637030029804	16.00125100000014	23.92536188228443	15.983600999999908	28.937224969780893
16.502653999999893	6.145987536244002	16.035268000000087	7.223628037957683	16.07172700000001	7.859783968122698	16.041557999999895	9.31893722602282	16.421115999999984	10.906989005584615	16.717122000000018	13.179939267315397	16.02268600000025	15.731818689178121	16.042019999999866	20.074313496229998	16.038340999999946	23.93222531678062	16.062206999999944	28.9574425626384
16.528663999999935	6.148139314072011	16.076616000000058	7.226651097570446	16.11187400000017	7.86303744616417	16.075282000000243	9.32179035713692	16.461113999999725	10.910706294335307	16.7570139999998	13.184174537985589	16.063464000000295	15.737468959373519	16.077022999999826	20.079537044954886	16.078813999999966	23.93971476904155	16.085219999999936	28.963361544191937
16.541654000000108	6.149212978692507	16.112612000000126	7.229280017151327	16.15197900000021	7.866287517894691	16.116941000000224	9.325314808196707	16.51272899999958	10.91550323048924	16.796781999999894	13.188396643702344	16.102462000000287	15.742872589690842	16.120640999999978	20.08604622269053	16.118191000000024	23.947001408570873	16.10381600000028	28.96814446605924
16.563650999999936	6.151029610807742	16.152583999999933	7.232196253807098	16.19209200000023	7.86953823536655	16.15293500000007	9.32835998666538	16.544728999999734	10.91847720999794	16.836780999999974	13.19264327425752	16.14209800000026	15.748364622391422	16.15697999999975	20.091469144643188	16.158187999999882	23.954402777929765	16.14453800000001	28.97861823160988
16.57847199999992	6.152252556065237	16.19340299999999	7.235170993399373	16.237094999999954	7.873185230609558	16.196625999999924	9.332056349692989	16.594726999999693	10.923123866977168	16.882497000000058	13.19749686958107	16.18309700000009	15.75404551472895	16.19675099999995	20.097404228959757	16.199035000000094	23.96196143818423	16.18353900000011	28.988649353116354
16.601470000000063	6.154148546472111	16.232408000000078	7.238010462801091	16.272091000000273	7.876021267142029	16.230301000000054	9.334905335148036	16.62867499999993	10.926278887314579	16.92551400000002	13.202063916276643	16.222095999999965	15.759449283607982	16.242760999999973	20.104270368342764	16.24043299999994	23.96962205994847	16.223535999999967	28.998936647458947
16.614045999999917	6.155184471821216	16.273445000000038	7.240994652527707	16.31680600000027	7.879644917972401	16.27529400000003	9.338711850401019	16.67767099999992	10.930832421322194	16.983299999999872	13.208198964185042	16.267788999999993	15.765780584702638	16.277600999999777	20.109469592339728	16.278439000000162	23.97665499851478	16.264328000000205	29.00942841710637
16.648046000000022	6.157982128576511	16.313329000000067	7.243891883870469	16.352801	7.8825619082901355	16.311905000000024	9.341809228401669	16.712075999999797	10.934029913641409	17.01908400000002	13.211998094615929	16.306786999999986	15.771184215019952	16.316420000000107	20.115262608308146	16.31802800000014	23.98398086824309	16.303327999999965	29.019459281394152
16.681078999999954	6.160695992953349	16.35235200000011	7.2467236348031125	16.391294000000016	7.885681331533891	16.350492999999915	9.345073865290225	16.779769999999644	10.940321180576271	17.05208599999969	13.215501864489857	16.342615000000023	15.776148604655551	16.363422999999784	20.122276934528745	16.35802700000022	23.991382607697435	16.343098000000282	29.02968819094629
16.723347999999987	6.164162611426377	16.397087000000056	7.249966352816657	16.431767000000036	7.8889612093798736	16.39148800000021	9.34854214008897	16.80174199999965	10.942363188934413	17.085861999999906	13.21908780867841	16.38315300000022	15.781765620035939	16.400192999999945	20.12776417523961	16.398024000000078	23.99878397705538	16.400657000000137	29.04449246061105
16.757344999999987	6.16694592118812	16.432608999999957	7.2525385892599585	16.47200100000009	7.892221716973539	16.431106	9.351893917370912	16.820886999999857	10.944142464813115	17.119636999999784	13.222673646664521	16.42296299999998	15.787281762477374	16.437472999999954	20.133327523993994	16.44364200000018	24.007225501853906	16.43620400000009	29.053635207592464
16.80662099999995	6.170972410510137	16.47210999999993	7.255396225007158	16.511911000000055	7.895455966145944	16.47270400000025	9.355413207342878	16.87328899999966	10.949012541227406	17.15663399999994	13.226601559224337	16.462961000000178	15.792823954523968	16.477472000000034	20.139296633082676	16.47764099999995	24.0135169526325	16.474036999999953	29.063365917537475
16.84027500000002	6.173717170338261	16.512513000000126	7.258316172945881	16.552467999999863	7.898742645391531	16.511723000000075	9.35871430773798	16.910285999999815	10.952450925512249	17.196502999999666	13.23083438740747	16.50257099999999	15.798312384619555	16.516705	20.145151430874474	16.523643999999877	24.022029720954066	16.507598000000144	29.071997862039698
16.877934000000096	6.176783586674651	16.552183000000014	7.261180285003976	16.592466999999942	7.901984103354421	16.556231000000025	9.362479790583336	16.9406299999996	10.9552710009549	17.237302	13.235165952165241	16.542570999999953	15.803854853789574	16.557459000000108	20.15123320971389	16.5577830000002	24.028347078468343	16.54363400000011	29.081266380617173
16.952125000000024	6.182809357079705	16.59686499999998	7.2644029003542165	16.63357500000029	7.905315431202336	16.59083899999996	9.36540770981846	16.98062499999969	10.95898800977412	17.276299999999992	13.239306307586569	16.58316700000023	15.809479905750266	16.602132999999867	20.157899975868585	16.598781000000145	24.035933680986407	16.58739000000014	29.09252049591113
16.97512400000005	6.1846732349186855	16.642769999999928	7.26771006620658	16.671574999999848	7.908394890053417	16.630456000000322	9.36875940236201	17.020625999999993	10.96270557615258	17.32210299999997	13.244169138951232	16.622169000000213	15.814884090314493	16.637686999999914	20.163205751126334	16.639240999999856	24.04342072761979	16.623743999999988	29.1018708046061
16.997125000000096	6.186454430038135	16.690769000000046	7.2711641803155915	16.712573000000248	7.911717300388743	16.670526000000336	9.372149419760573	17.060252999999648	10.966388384096064	17.362192999999934	13.24842543019023	16.662165000000186	15.820426005237593	16.67689399999972	20.169056668900097	16.678244000000177	24.050638159153234	16.667374999999993	29.113092769686773
17.037687000000005	6.189733715660612	16.726644999999962	7.273743317423513	16.75183100000004	7.9148987024799355	16.71503100000018	9.375914648691364	17.100246999999854	10.970105299801734	17.402266000000054	13.252679916531697	16.702466000000186	15.826010181488119	16.721645999999964	20.17573507510851	16.718269999999848	24.058044894905606	16.703018000000156	29.122260208004793
17.082630999999992	6.1933603339563605	16.762269999999944	7.276302251487746	16.791827999999896	7.918139990417235	16.7558640000002	9.379369217658674	17.140245999999934	10.973822680137648	17.436686999999893	13.256334339043025	16.74746499999992	15.832245320742624	16.76783599999999	20.182628076153463	16.757840000000215	24.065367248718715	16.747791000000234	29.133775897360213
17.122657000000117	6.196584007589316	16.801269000000048	7.279101098613922	16.83757800000012	7.9218474898099585	16.790859000000182	9.382329877916746	17.180599999999686	10.977573052996634	17.47668500000009	13.260580862694185	16.782463000000007	15.837094704142947	16.814712999999756	20.189623599209998	16.798841000000266	24.072954406380738	16.78635200000008	29.143693850079675
17.15645399999994	6.199301549479489	16.839954999999918	7.281874989476216	16.88250999999991	7.925488698178684	16.843858000000182	9.386813719380578	17.220646999999644	10.981294894199172	17.516865999999936	13.264846815131985	16.82237299999997	15.842624702757327	16.851380000000063	20.195095469080442	16.839840000000095	24.080541193946427	16.824082999999973	29.15339832542961
17.208454999999958	6.203474921956537	16.876848999999993	7.284518100929029	16.92050700000027	7.928567905337682	16.871861999999965	9.389182924377954	17.281065999999555	10.986910044399517	17.56679699999995	13.270147909419013	16.86688499999991	15.848792362449716	16.888275999999678	20.200601512954645	16.88288300000022	24.08850621985412	16.863546000000042	29.16354827403018
17.2544519999999	6.207158494847577	16.911865000000034	7.287024626559271	16.969059000000016	7.932502468665892	16.911605000000236	9.39254527667749	17.31506199999967	10.990069524753823	17.59979999999996	13.27365178503903	16.90756300000021	15.854428776472208	16.925782999999683	20.20619873724973	16.91785000000027	24.09497679720495	16.936932999999954	29.182423531301943
17.289005999999972	6.209920803968681	16.952029999999922	7.289897303468285	17.00405600000022	7.935338559015236	16.951598999999987	9.395928864156962	17.349673999999595	10.993286254161948	17.637539999999717	13.277658580335753	16.94756200000029	15.859971107080508	16.960790000000088	20.21142288289987	16.96285200000011	24.103304332364917	16.9629359999999	29.18911154572835
17.326006000000007	6.212874039135151	16.99283800000012	7.292813343391101	17.042054000000007	7.938417843679736	16.991484000000128	9.399303229961316	17.383300999999847	10.99641144076778	17.676270999999815	13.28177058849056	16.982558000000154	15.86482021335734	16.99756699999989	20.216911168230563	16.99757899999986	24.109730498168595	16.982934999999998	29.194255321465747
17.357672999999977	6.215397840073391	17.031836999999996	7.295597671610141	17.079713000000083	7.941469655424829	17.03006600000026	9.402567358853997	17.42026399999986	10.999846664589171	17.71688099999983	13.28608208703775	17.039058000000296	15.872648951060008	17.037448999999924	20.222862817238358	17.04324200000019	24.118180350130928	17.02403800000002	29.204827080758868
17.397400999999945	6.218559196132238	17.07717600000001	7.298831674946213	17.123805000000175	7.945042783678986	17.070694000000003	9.406004584194397	17.460261999999602	11.00356395163509	17.75651199999993	13.290289646702858	17.074534000000313	15.8775645669669	17.07645599999978	20.22868388872037	17.08064800000011	24.12510225982801	17.063034000000243	29.2148569161802
17.437398999999914	6.22173656676303	17.11218800000006	7.301326900448403	17.171026999999867	7.94886955950518	17.110689999999977	9.40938834081902	17.500848999999562	11.007335978433245	17.796089999999822	13.294491579421594	17.111402	15.882673060800862	17.116993000000093	20.234733284333167	17.118191000000024	24.13204952111648	17.107354000000214	29.226256093167386
17.477286999999933	6.224899763344893	17.18344500000012	7.306399495803722	17.208144000000175	7.951877445479217	17.150349000000006	9.412743586429887	17.53984599999967	11.010960235651172	17.837090999999873	13.298844589744226	17.14621500000021	15.887496810281286	17.156156999999894	20.240577785154052	17.15804100000014	24.13942368840054	17.14339999999993	29.235527183727214
17.517076999999972	6.228049810396183	17.209446999999955	7.308248619390911	17.24814000000015	7.955118638799222	17.196210000000065	9.416623535958298	17.580843999999615	11.014770459414962	17.876803999999993	13.30306085515544	17.18221399999993	15.892484893972533	17.197859999999764	20.246801184646785	17.19769200000019	24.146761031110163	17.18741	29.24684662820041
17.55707499999994	6.231210941086899	17.23244999999997	7.309883637533645	17.286727000000155	7.9582456487722455	17.230207000000064	9.419499762897305	17.620444999999563	11.018450850409533	17.91631499999994	13.30725567453256	17.22221300000001	15.898027224580833	17.23685999999998	20.252621211508604	17.237691000000268	24.154162770562912	17.22386400000005	29.256222657029465
17.597741999999926	6.234419442417205	17.272596999999905	7.312735368370638	17.324919000000136	7.9613406479348985	17.276202000000012	9.423391049117066	17.660441999999875	11.022168044355102	17.95630600000004	13.311501454720323	17.262763000000177	15.90364590270196	17.276634999999715	20.25855689275029	17.282698999999866	24.162491416011154	17.262643000000025	29.266196679685837
17.636743000000024	6.237491319484588	17.31267600000001	7.315579937287931	17.362922000000253	7.964420330140172	17.31214600000021	9.426431996859714	17.700440999999955	11.025885424145848	18.003762999999708	13.316539888104655	17.30276099999992	15.909188094748483	17.316835999999967	20.264556146593147	17.317551000000094	24.168940712828736	17.307643999999982	29.27777101098628
17.676703999999972	6.240633577163051	17.351674000000003	7.318345572129114	17.400097000000187	7.96743291224623	17.355875000000196	9.430131574075167	17.740124999999807	11.02957352881199	18.040762000000086	13.320468012428302	17.34776099999999	15.915423372564762	17.356819000000087	20.270522867978137	17.357524000000012	24.176337641030443	17.343483000000106	29.286988860799138
17.717272999999977	6.243818256222205	17.392548999999917	7.321242004508466	17.448104000000058	7.971323295306764	17.3898650000001	9.433007208761444	17.780123000000003	11.033290815613006	18.076266000000032	13.32423741499371	17.386946999999964	15.920853052487166	17.40116799999987	20.277141133908668	17.39852400000018	24.18392461364373	17.383266000000276	29.297221113905145
17.757231000000047	6.246949695438393	17.43176100000005	7.324018394442283	17.48510699999997	7.97432193732069	17.434963000000153	9.43682260660569	17.819828999999572	11.0369809648389	18.11673299999984	13.328533731270774	17.421947000000273	15.925702713010974	17.436957999999777	20.282482127790242	17.480156999999963	24.199030646212837	17.42326600000024	29.307509179767308
17.797225000000026	6.250078742421955	17.476765000000114	7.327202259617776	17.537168000000293	7.978540845552856	17.470874999999978	9.439860847037941	17.86482799999976	11.041163028605068	18.156676999999945	13.332774521464966	17.47899200000029	15.933606966856063	17.476795999999922	20.288427210613804	17.50615599999992	24.203841712090153	17.465000000000146	29.318243233283482
17.837901999999985	6.253255906031222	17.512623000000076	7.329737093973982	17.572167000000263	7.981377086368235	17.510967000000164	9.443252725382749	17.908822999999757	11.045251783780765	18.196595999999772	13.337012657435688	17.513992000000144	15.938456627379807	17.51680099999976	20.294397215090804	17.52382200000011	24.207110772045908	17.502999000000273	29.328016638649004
17.876903000000084	6.25629715255185	17.55231200000003	7.332540715479874	17.609769000000142	7.984424267893081	17.550475000000006	9.446595195933583	17.942414999999983	11.04837371725258	18.242289999999684	13.341863915844188	17.546990000000278	15.943028887321631	17.55654000000004	20.300327524000032	17.558824000000186	24.213587826080214	17.54388999999992	29.338533871175166
17.91756200000009	6.2594624959365115	17.591955000000098	7.335338981834239	17.661783000000014	7.988639364505563	17.591390000000047	9.450056702015203	17.985414999999648	11.052370000253774	18.282288999999764	13.346110545258837	17.587719000000106	15.948672367992248	17.59724499999993	20.306401990497626	17.613820999999916	24.223764917124193	17.58261900000025	29.348495033740964
17.957137999999986	6.262538465257218	17.63695800000005	7.3385130720300324	17.685782000000017	7.990584188673026	17.630083999999897	9.453330306219772	18.02040999999963	11.05562232404228	18.316321999999673	13.349723774051903	17.622237999999925	15.953455380324217	17.637081999999737	20.31234692408966	17.65379299999995	24.231161660277657	17.62324200000012	29.358943336224215
17.99713799999995	6.265642344200292	17.671925999999985	7.340977557874858	17.72199300000011	7.993518645009191	17.670685999999932	9.45676533174415	18.064312999999856	11.059702528945147	18.35708199999999	13.35405119758901	17.663082999999915	15.95911493415545	17.677087999999912	20.31831707779815	17.69379200000003	24.238563399730154	17.662823000000117	29.369123634591134
18.04252500000007	6.269158131696082	17.712322000000086	7.343822631054607	17.76168000000007	7.996734787831771	17.710671000000275	9.460148157598013	18.1003139999998	11.063048347135183	18.396080999999867	13.358191658582406	17.70275700000002	15.964612232201743	17.7170000000001	20.32427320374958	17.727791000000252	24.244854850507576	17.70353299999988	29.37959431361605
18.082523000000037	6.272251124667554	17.751942999999983	7.346611093173355	17.797679000000244	7.999652063148037	17.750707000000148	9.463535298166416	18.14030899999989	11.066765354938395	18.436409999999796	13.362473323522487	17.742756999999983	15.970154701371754	17.76169600000003	20.33094325299601	17.77475800000002	24.253546005207987	17.74353400000018	29.389882636673107
18.130464000000075	6.275951777230746	17.797921000000088	7.349844462962411	17.833294999999907	8.002538300578196	17.790414000000055	9.466894604548383	18.18066699999963	11.070516098787733	18.476404999999886	13.36671952821087	17.78275500000018	15.97569689341834	17.797555999999986	20.336294693079616	17.820756999999958	24.2620580333355	17.787411000000247	29.401167873310733
18.16812099999993	6.278853601542734	17.840922999999975	7.3528661584678305	17.871725999999853	8.005652658539665	17.84277800000018	9.471324723143102	18.22033799999963	11.074202995031829	18.51655099999971	13.370981764316342	17.822736000000077	15.981236729915484	17.836813999999777	20.34215322165745	17.86856799999987	24.270905368642865	17.822986000000128	29.41031782187964
18.2030850000001	6.281543998359294	17.880916999999954	7.3556744382754555	17.912720000000263	8.008974715456763	17.872785999999905	9.47386347111053	18.26049699999976	11.077935244424854	18.556669000000056	13.37524102769792	17.862379000000146	15.986729732548168	17.877400999999736	20.348210078842982	17.905029999999897	24.277652592921328	17.86722000000009	29.421694879503676
18.23708499999998	6.2841566281295185	17.923389000000043	7.358654582384396	17.95137100000011	8.012106900692924	17.916462000000138	9.477558564287998	18.30049599999984	11.081652623913753	18.59699099999989	13.379521949421818	17.902472000000216	15.992285087959013	17.916400000000067	20.354029956473276	17.942681999999877	24.284620024453655	17.90260500000022	29.430795959758843
18.282645000000002	6.287652032892692	17.95594099999994	7.3609371949308695	17.9916360000002	8.015369880161924	17.950511000000006	9.480439190430907	18.345200999999633	11.085807364017331	18.635997999999745	13.383663259708099	17.942473000000064	15.997827695690738	17.956635000000006	20.360034284185584	17.980155000000195	24.291554332373906	17.94260200000008	29.441083254006283
18.3226709999999	6.2907176774586056	17.992453999999952	7.36349605664128	18.032376999999997	8.018671433040062	17.99077400000033	9.48384553570512	18.380741999999827	11.089110431179897	18.675780999999915	13.387886956655322	17.982472000000143	16.003370026299034	18.001358999999866	20.366708511912805	18.01915000000008	24.29877028352131	17.998215000000073	29.45538700916174
18.357304999999997	6.293366448682881	18.032451000000037	7.366297273452343	18.072572000000036	8.021928738918632	18.030365000000074	9.487195028181297	18.424741999999696	11.093199650804204	18.716579999999794	13.392218520676185	18.02728500000012	16.009579393071927	18.037131000000045	20.372046819628125	18.054987999999867	24.305402037777487	18.0340070000002	29.46459277048553
18.400998000000072	6.2967029188474015	18.072014999999965	7.369066326967214	18.12374600000021	8.026075755835084	18.07002300000022	9.490550189012115	18.46054299999969	11.096526881515612	18.756285999999818	13.39643404264293	18.06275000000005	16.014493484799782	18.076704000000063	20.37795235611525	18.093781000000035	24.3125806092062	18.06963399999995	29.473756093537244
18.45184900000004	6.3005788318262255	18.112669000000096	7.371909786298939	18.1527430000001	8.028425602116656	18.11001800000031	9.49393386083786	18.500172999999904	11.100209967259387	18.795972999999776	13.400647547403596	18.106752000000142	16.02059047801027	18.11671299999989	20.383922957518024	18.133784000000105	24.31998308885103	18.103621000000203	29.482497605888895
18.489440999999943	6.3034392142275175	18.151665000000094	7.374635507610804	18.191215000000284	8.031543278994757	18.1506830000003	9.497374216248089	18.540170999999646	11.103927253738009	18.836393000000044	13.4049388735851	18.147440000000188	16.02622827765002	18.15833500000008	20.390134269262596	18.166779000000133	24.32608875132336	18.143456000000242	29.492743233467486
18.538414000000103	6.307159350433853	18.192817000000105	7.377510066979182	18.237212999999883	8.035270844039516	18.197418000000198	9.501328108044543	18.58016899999984	11.107644540206257	18.876541999999972	13.409201428127542	18.182436999999936	16.03107752248856	18.196950000000015	20.395896842012945	18.20662799999991	24.333462733558797	18.19944200000009	29.507142924834092
18.57511199999999	6.309942448291	18.232817000000068	7.380302345943715	18.271915000000263	8.03808300862705	18.235168000000158	9.504521847536376	18.62473399999999	11.111786269067434	18.916322000000036	13.413424806529541	18.22697300000027	16.0372485076625	18.236947999999757	20.40186580186967	18.252625999999964	24.341974576638112	18.236989999999878	29.516800332246845
18.644774000000098	6.31521472145957	18.27248499999996	7.3830697063721225	18.31660499999998	8.041704575717223	18.271496000000297	9.507595282454322	18.668728999999985	11.115875023936356	18.955917999999656	13.417628649942868	18.262602000000243	16.04218532351396	18.27781499999992	20.40796444386345	18.289624999999887	24.348821171752903	18.273987999999918	29.52631627875396
18.66977399999996	6.31710340177363	18.312053000000105	7.385828381187404	18.35129700000016	8.044515929302644	18.311493000000155	9.51097912346677	18.703178999999636	11.119076696965056	18.995654999999715	13.421847463093338	18.302600999999868	16.04772765412219	18.316571999999724	20.413748207480808	18.335253000000193	24.357264547030617	18.30898900000011	29.535318593573358
18.682700000000068	6.318079222137376	18.352065999999922	7.38861636485196	18.39680300000009	8.048203622218217	18.351090999999997	9.514329208130357	18.740175999999792	11.122515080036134	19.03564899999992	13.426093561513845	18.34259800000018	16.053269707607065	18.35656999999992	20.41971716733759	18.373249000000214	24.364295635113596	18.34276	29.544004550367614
18.71637499999997	6.320619200797953	18.39664199999993	7.391720275718423	18.445796999999857	8.052173973488236	18.39059700000007	9.517671509373018	18.780175999999756	11.126232552332471	19.075990999999703	13.430376606527556	18.38214999999991	16.05875010112234	18.397895999999946	20.425884306570563	18.40807700000005	24.370740490776093	18.382486999999855	29.55422240016646
18.757372000000032	6.3237070938027165	18.441381999999976	7.394833503474121	18.48479700000007	8.055334435643134	18.43057799999997	9.521053996738798	18.82089199999973	11.130016567374781	19.11599699999988	13.434623978959003	18.422151000000213	16.064292708854126	18.436423000000104	20.431633746952635	18.445075000000088	24.37758690084278	18.423487000000023	29.56476766766074
18.807943000000023	6.3275095490846915	18.477382000000034	7.397337047951446	18.5230660000002	8.05843565910908	18.471168999999918	9.524488091547722	18.859890999999607	11.13364100991176	19.15599599999996	13.43887060820724	18.46187000000009	16.069796242178203	18.47679799999969	20.43765896706899	18.47807499999999	24.383693488555615	18.46385599999985	29.575150640915925
18.8466820000001	6.330417486519315	18.520488000000114	7.400333011964261	18.561040999999932	8.061513057287264	18.510674999999992	9.527830392782475	18.89988799999992	11.137358203375046	19.196993999999904	13.443223299668047	18.50186900000017	16.0753385727865	18.517367999999806	20.443713287319728	18.52289800000017	24.391987900102713	18.502882000000227	29.585188192360185
18.89815599999997	6.334274888854665	18.558479999999918	7.402971975675385	18.600836000000072	8.064737943397056	18.550496000000294	9.531199343761456	18.94027499999993	11.141111642185967	19.23699099999976	13.447469716571005	18.54186699999991	16.080880764833022	18.568379999999706	20.451325882454785	18.56689899999992	24.400130202101245	18.54291000000012	29.59548345985359
18.931929999999966	6.336801875489507	18.60314399999993	7.406072529594808	18.64258400000017	8.068121095392483	18.59049099999993	9.534583015550474	18.98027299999967	11.14482892857244	19.28199399999994	13.452247612405666	18.587524999999914	16.087207216267135	18.605223000000024	20.456824017061617	18.61289799999986	24.408642230228605	18.582706000000144	29.605719056564908
18.97892999999999	6.340313198737774	18.638574000000062	7.408530654501567	18.678585000000112	8.07103852485706	18.63462699999991	9.538317025751242	19.025272999999743	11.14901108485755	19.321993999999904	13.456494347805705	18.62752300000011	16.092749408313722	18.64104300000008	20.462169487886886	18.64952200000016	24.415419432301242	18.62445600000001	29.616457225292606
19.011797000000115	6.342765056519594	18.676578000000063	7.4111659926346904	18.71386900000016	8.073897850263734	18.671407000000272	9.54142870091664	19.060048999999708	11.152243055229468	19.356724999999642	13.460181681982272	18.662545000000136	16.09760211719553	18.680509999999686	20.46805920583938	18.687553000000207	24.422456997068128	18.664122000000134	29.626659385789562
19.04759899999999	6.345432507280485	18.712573999999904	7.413660794270809	18.75764900000013	8.07744566958251	18.71492100000023	9.545110088438825	19.100045999999566	11.155960248661104	19.396719999999732	13.46442788653392	18.702350999999908	16.10311770539004	18.716323999999986	20.473403781275938	18.72452199999998	24.42929804073948	18.702990000000227	29.636656299372696
19.08259799999996	6.34803676372328	18.751752000000124	7.416374717369699	18.792046000000028	8.080233114358597	18.749966000000313	9.548074978489028	19.14004399999976	11.159677535024084	19.43572099999983	13.468568559707917	18.742301000000225	16.108653246473637	18.76114000000007	20.4800917382973	18.758972000000085	24.435672948215476	18.742988999999852	29.646944108017365
19.117220999999972	6.350609783774468	18.79174899999998	7.4191438681874144	18.837358000000222	8.083905082516848	18.79096699999991	9.551543760252057	19.18469899999991	11.16382762808601	19.476718999999775	13.472921251143084	18.782610000000204	16.114238531217985	18.796139999999923	20.485314839326982	18.798965999999837	24.44307376242716	18.782762000000275	29.65717378909005
19.156921999999895	6.353556208956623	18.831682	7.42190708747033	18.872405999999955	8.08674528226799	18.87525800000003	9.558674978597022	19.220318999999563	11.16713803710323	19.516509000000042	13.477145691166623	18.82216100000005	16.119718786171546	18.841216999999688	20.492041745758833	18.837969000000157	24.45029119395945	18.82449200000019	29.667906813783976
19.196922000000086	6.356520560288566	18.871781000000055	7.424680301755651	18.911223000000064	8.08989091189004	18.88425700000016	9.559436315321605	19.265061999999944	11.1712963085931	19.556859999999688	13.481429691651009	18.862073000000237	16.125249061909415	18.876044999999976	20.497239178977804	18.907556999999997	24.463168322012766	18.862575000000106	29.67770182407425
19.237026999999898	6.359488420129347	18.911790999999994	7.427445888064534	18.950733000000128	8.093092700244966	18.914252999999917	9.561974048001352	19.300668999999743	11.17460550942351	19.59586599999966	13.485570895655622	18.902098999999907	16.130795133684344	18.917093000000023	20.503364831865447	18.94155600000022	24.469459772790035	18.903302000000167	29.688176875516852
19.276620999999977	6.362414291356025	18.951473999999962	7.430187434631909	18.990761999999904	8.09633654682013	18.950161000000207	9.565011949889373	19.34066699999994	11.178322795762409	19.636422999999922	13.489876766821984	18.942391999999927	16.136378201441033	18.95809199999985	20.509483172411613	18.980207999999948	24.476612252434716	18.94330200000013	29.698464941362552
19.32261900000003	6.36580822167512	19.002064999999902	7.4336805238671015	19.03173599999991	8.099656973549605	18.991132000000107	9.56847819357331	19.379950999999892	11.181973725218231	19.676046999999926	13.494083582883231	18.98238900000024	16.141920254925907	18.9966959999997	20.515244103615895	19.01520699999992	24.483088751324445	18.987300000000232	29.709781299389437
19.36230300000011	6.368731833837837	19.032065000000102	7.435750821288769	19.072607000000062	8.102969053231599	19.030134999999973	9.571777939792598	19.41995199999974	11.185691290359419	19.715973999999733	13.498322567962589	19.02197299999989	16.147405082416505	19.03706000000011	20.521267682186323	19.051206999999977	24.48975048337481	19.02700700000014	29.719994005152568
19.396690000000035	6.371261893502939	19.077019000000064	7.438851615975547	19.1120420000002	8.106164763025927	19.071758000000045	9.575299344218763	19.459947999999713	11.18940839081278	19.75692600000002	13.502670375633578	19.06255800000008	16.153028610198156	19.077316999999766	20.527275292990637	19.089864999999918	24.4969040733082	19.063000999999986	29.72925172120349
19.44324800000004	6.37468257725102	19.114105999999992	7.441408448549775	19.15166700000009	8.10937586975654	19.109331999999995	9.578478193649627	19.49965499999962	11.193098632525881	19.795926999999665	13.506811048784781	19.102202999999918	16.158521889954265	19.116309	20.533094126000673	19.128184000000147	24.503994931931505	19.107600000000275	29.740722657419404
19.489767999999913	6.378094907163659	19.151096999999936	7.443957487694179	19.19290200000023	8.112717446517477	19.154687000000195	9.582315334116075	19.540650999999798	11.196908669776956	19.83570699999973	13.511034427105312	19.14278000000013	16.16414430924209	19.15827599999966	20.53935692259815	19.166835999999876	24.511147411576182	19.14319400000022	29.74987749281173
19.524766	6.380658433998526	19.19606900000008	7.447054932408565	19.231897000000117	8.11587749936842	19.190235999999913	9.585322863746649	19.584777999999915	11.201009692160069	19.875712999999905	13.515281799478723	19.18177700000024	16.16954780099768	19.197012000000086	20.54513755235497	19.202949999999873	24.517830239111355	19.183191999999963	29.76016504425347
19.56845599999997	6.383854267223537	19.231068999999934	7.449464382394601	19.271487999999863	8.119085850350382	19.23823799999991	9.589383946682348	19.620314999999664	11.20431238738756	19.916711999999734	13.519634597055559	19.233463999999913	16.1767096410974	19.236011999999846	20.550957579216604	19.238949000000048	24.52449178611363	19.227822000000288	29.77164395372013
19.602225999999973	6.386321170336672	19.271093000000064	7.452218446951619	19.311071000000084	8.122293552886799	19.274167999999918	9.592423709813765	19.665292999999565	11.208492498984523	19.96197499999971	13.524440096619756	19.270456000000195	16.181835316585868	19.2766959999999	20.557028911853536	19.277947999999924	24.531708477453368	19.2759030000002	29.784010466067354
19.637226000000055	6.388874902294667	19.312096999999994	7.455038583444549	19.350726000000122	8.125507089972709	19.309900000000198	9.595446721675303	19.699683999999706	11.211688688628815	19.995674999999665	13.528017971158558	19.31245399999989	16.187654632090883	19.316642999999658	20.56299026090588	19.318091000000095	24.53913686383387	19.312996999999996	29.793551103928525
19.68188299999997	6.392128801761481	19.352088000000094	7.457787735933121	19.399854000000232	8.12948829391808	19.349897000000055	9.59883056264121	19.739680999999564	11.215405881996654	20.0417309999998	13.532907662247506	19.34714800000029	16.192461892725554	19.362509000000045	20.569834910958175	19.357747000000018	24.546475131783538	19.345126000000164	29.801814735616745
19.729495999999926	6.395592632879367	19.391335000000026	7.4604844965860995	19.444864000000052	8.133135785794584	19.390603000000283	9.602274386686101	19.780677999999625	11.219216012166223	20.08149400000002	13.537129235694941	19.38715000000002	16.19800463901899	19.39658499999996	20.574920122120673	19.398337999999967	24.553986419718406	19.38313300000027	29.811590198580788
19.764496999999892	6.398135375880237	19.43194900000003	7.463273902364084	19.480853000000025	8.136052239469107	19.466382000000067	9.608685469627286	19.820282999999563	11.22289677430155	20.115739999999732	13.540765078167407	19.423145000000204	16.202992168463382	19.44052499999998	20.581477352384823	19.437339000000065	24.56120348115441	19.424706000000242	29.822282842614797
19.798811000000114	6.400625290346848	19.47194300000001	7.4660194633395465	19.525360999999975	8.13965905030507	19.493825000000015	9.61100721244658	19.865282999999636	11.227078930493358	20.175202999999783	13.547078168772416	19.46239400000013	16.20843057777472	19.47641399999975	20.586833120180643	19.478337999999894	24.56879026871916	19.46334999999999	29.83222214302721
19.83701599999995	6.403394162383746	19.512608	7.468809818095636	19.561357999999927	8.142576152058982	19.509820000000218	9.612360427342574	19.900278999999955	11.230331346893333	20.209199999999782	13.550687575314637	19.502148999999918	16.21393909932104	19.5167349999997	20.592850281798306	19.518106999999873	24.576149447105543	19.503352000000177	29.842510723275105
19.87701500000003	6.406289252856601	19.551742999999988	7.471493991747528	19.59735899999987	8.14549357786923	19.550388999999996	9.615792660859702	19.948653999999806	11.234827164793959	20.246200999999928	13.554615911680617	19.54215400000021	16.219482261299742	19.556678999999804	20.59881118315633	19.557107000000087	24.583366323493458	19.543005999999878	29.85270979734998
19.9165109999999	6.409144143553084	19.59215599999993	7.474264603711507	19.636939999999868	8.148701117305807	19.590392000000065	9.619177009435182	19.984164999999848	11.238127443644094	20.279675999999654	13.558169898324666	19.58185800000001	16.22498371619787	19.601404000000002	20.605485560115024	19.59710700000005	24.590768247993825	19.586595000000216	29.863920959902412
19.956519999999955	6.4120322941826675	19.631724000000077	7.476976100506749	19.68193700000029	8.152347554914423	19.629625000000033	9.62249621418573	20.0201619999998	11.241472889779402	20.31567499999983	13.561991853968298	19.621856000000207	16.230525908244456	19.637006999999812	20.610798647713864	19.637698	24.59827953592869	19.623591000000033	29.873436392001857
19.997090999999955	6.41495710903764	19.671696999999995	7.4797141747727505	19.72067500000003	8.155486779648824	19.670778000000155	9.625977855484503	20.059754999999768	11.245152536660271	20.355673000000024	13.566238376977156	19.662014999999883	16.236090408729375	19.681270999999924	20.61740422897041	19.682698000000073	24.60660670099163	19.667147000000114	29.8846390668998
20.04279900000006	6.418247573915327	19.711518999999953	7.4824407436225036	19.759254000000055	8.158613119352456	19.714154000000235	9.629647567849277	20.099750999999742	11.248869637071326	20.395854999999756	13.570504434967484	19.702020000000175	16.24163357070808	19.716625999999906	20.62268030716769	19.71769499999982	24.61308282978508	19.702786000000287	29.893805476365493
20.08279799999991	6.421123008033378	19.751856999999973	7.485201473214642	19.80024400000002	8.16193483999529	19.749992999999904	9.632679632157144	20.14015399999971	11.252624562759811	20.4368529999997	13.57485712635781	19.742017999999916	16.247175762754598	19.75736199999983	20.62875939984042	19.762424999999894	24.621360031857638	19.74345399999993	29.90426535290928
20.122456000000057	6.423970221549593	19.80685799999992	7.488963865489591	19.8405029999999	8.16519732224667	19.78955500000029	9.636026671084911	20.180149999999685	11.256341663167419	20.487654999999904	13.580250692579451	19.78182199999992	16.25269107382568	19.796863999999914	20.634654340894006	19.80075399999987	24.628452740962004	19.782950000000255	29.91442378912398
20.15706799999998	6.426452161390061	19.84431500000005	7.491524924086245	19.876506000000063	8.168114909504519	19.833802000000105	9.639770072111437	20.21984999999995	11.260031254279523	20.525580999999875	13.584277234693385	19.821821999999884	16.25823354299569	19.836751999999706	20.640606885290335	19.843562999999904	24.636374465610427	19.82253300000002	29.924604601881704
20.197075999999925	6.429317569265592	19.91162600000007	7.496124750746683	19.913504000000103	8.171113128840258	19.875215000000026	9.643273710023344	20.259459999999763	11.26371248107774	20.55996499999992	13.587927728392168	19.866606000000047	16.264438891478463	19.87629399999969	20.64650779560223	19.879557000000204	24.643035087372148	19.863718999999946	29.935197708878142
20.2407290000001	6.432439819291503	19.920638999999937	7.496740435180104	19.95083599999998	8.174138414573685	19.910619000000224	9.646268972298905	20.304457999999613	11.267894451373056	20.599648999999772	13.59214091452279	19.907321000000138	16.270080432284907	19.916204000000107	20.652463623090725	19.918557999999848	24.650252148808057	19.903205999999955	29.945353830277842
20.282353000000057	6.435412873032931	19.951771000000008	7.4988666593510285	19.991835000000265	8.177460864128175	19.954686000000038	9.64999714489745	20.339453999999932	11.27114686775605	20.64225600000009	13.596664430837546	19.942317000000003	16.274929538561732	19.958286000000044	20.658743581305913	19.958188999999948	24.657585790554936	19.943207000000257	29.955642153323684
20.316385999999966	6.437840790434036	19.992680999999948	7.501659697980339	20.031836999999996	8.180702519384427	19.990021999999954	9.652986654211135	20.380097999999634	11.274924191205113	20.686255000000074	13.601335733541156	19.995953999999983	16.282361574033533	19.996639999999843	20.664467204645682	19.998215000000073	24.66499252630626	19.98298900000009	29.96587414920888
20.35996	6.440945526287107	20.03167899999994	7.504321158891722	20.07606100000021	8.184286314158957	20.029254000000037	9.656305774354392	20.42009599999983	11.278641477477754	20.730587999999898	13.606042496483937	20.032948000000033	16.287487526645428	20.036845000000085	20.67046705541426	20.037820999999894	24.672321541850273	20.023776999999882	29.97636488995002
20.39695800000004	6.443578344292649	20.071887999999944	7.507064214797445	20.111053000000084	8.187121972262819	20.071257999999943	9.659859412264282	20.46009399999957	11.282358763749135	20.764325999999983	13.60962440540369	20.06961799999999	16.292568585257033	20.075957000000017	20.676303796199207	20.115510000000086	24.68669774466305	20.063955999999962	29.986698994888734
20.436954000000014	6.446421047319294	20.11190099999999	7.5097928522388	20.177192000000105	8.192481699808603	20.110261000000264	9.663159158464307	20.50470099999984	11.286504395747105	20.809323999999833	13.614401770319972	20.124628999999914	16.300191004544814	20.116309	20.682325583992075	20.14147899999989	24.691503259096766	20.103282000000036	29.996813706823293
20.476523000000043	6.44922988761985	20.15188400000011	7.512518412108682	20.21318999999994	8.195398881307552	20.150422000000162	9.66655687420731	20.539696999999705	11.289756812124722	20.844784999999774	13.618166607363202	20.158652000000075	16.304905290259125	20.157376999999997	20.688454221508863	20.157494999999926	24.694466989666722	20.14228099999991	30.006844313819517
20.516525	6.452065932221192	20.193013000000064	7.51532102865785	20.24918800000023	8.1983160627551	20.190315000000282	9.6699319165151	20.58727299999964	11.294178373489924	20.87878499999988	13.62177633239788	20.21162600000025	16.312245459304457	20.196748999999727	20.694329762472858	20.19824400000016	24.70200751520341	20.182278000000224	30.017131608058627
20.556462999999894	6.45489391599744	20.23201199999994	7.517977517363988	20.288156999999956	8.201474006024439	20.229311000000052	9.673231070497536	20.622293999999783	11.29743311328579	20.915780999999697	13.625704137908636	20.24538900000016	16.316923718969125	20.23692899999969	20.700325882454944	20.23824300000024	24.709409254655686	20.22368200000028	30.027780785013718
20.597056000000066	6.457764692699351	20.271833000000015	7.520689019829896	20.324928999999884	8.204453910253118	20.270030000000133	9.676675994361524	20.660265999999865	11.30096210958798	20.986085999999887	13.63316830609947	20.280385999999908	16.321772963807668	20.277534999999716	20.706385575038144	20.27724699999999	24.716626871235952	20.26361799999995	30.03805238995222
20.63705600000003	6.460590014390493	20.311627000000044	7.523397707399534	20.36271799999986	8.207516229382911	20.309814000000188	9.680041815010195	20.69988099999955	11.304643801057384	21.01908400000002	13.636671650412431	20.31538499999988	16.326622485769697	20.316632000000027	20.712220077351283	20.323087000000214	24.72510947671342	20.30777799999987	30.049410414643884
20.67694800000004	6.463404249950633	20.351625000000013	7.526119308320945	20.40396899999996	8.210859099643871	20.349809000000278	9.683425486758459	20.73987699999998	11.308360901448097	21.05544000000009	13.640531508156203	20.35006599999997	16.331427945101844	20.357630999999856	20.718338417897446	20.378915000000234	24.7354403427386	20.347945999999865	30.059741690364326
20.73257200000012	6.467322593346376	20.396653000000015	7.5291820148635304	20.479968999999983	8.21701793539968	20.39447700000028	9.687204505376759	20.77987499999972	11.31207818771151	21.102438999999777	13.645521316002968	20.385064000000057	16.33627732850216	20.396629999999732	20.72415829552763	20.414464999999836	24.742018803138226	20.382775000000038	30.068699766496287
20.766648999999916	6.469719817721794	20.432649999999967	7.531629584266902	20.505677000000105	8.219101242590066	20.429221000000325	9.690143930084938	20.82550699999956	11.31631907992445	21.136923999999908	13.649182532700753	20.422062000000096	16.34140383536097	20.436629999999695	20.73012755384728	20.46994399999994	24.75228508737215	20.423467000000073	30.079165815879268
20.816223000000036	6.47320279975649	20.471645999999964	7.53428020618203	20.520668999999998	8.220316153946785	20.475217000000157	9.694035300648698	20.867251999999553	11.320198726781696	21.17014599999993	13.652709658730126	20.46176400000013	16.34690501313567	20.47664399999985	20.736098901407367	20.49394799999982	24.7567269822648	20.46247399999993	30.089198480488513
20.850124999999935	6.475581698886886	20.511375999999927	7.536979808810546	20.55966699999999	8.223476446944353	20.509712000000036	9.696953659366587	20.902248999999756	11.323451236089115	21.218145999999706	13.657805741127106	20.501760999999988	16.35244706662048	20.51665299999968	20.742069502810118	20.518533999999818	24.761276575158952	20.50647600000002	30.100515867320055
20.887422000000015	6.478196029670387	20.551369000000022	7.539696364270769	20.595666000000165	8.226393709011488	20.54982599999994	9.700347398795566	20.944812999999613	11.32740699818685	21.252144000000044	13.661415253821245	20.541759000000184	16.357989258667065	20.55668199999991	20.74804308884209	20.557534000000032	24.768493451546856	20.542475000000195	30.1097748693779
20.91687500000012	6.480258476267782	20.59636999999998	7.542752004117055	20.631115000000136	8.229266400523453	20.615665000000263	9.70591753416598	20.979451999999583	11.330626236117492	21.284959999999955	13.664899275486064	20.585692999999992	16.364076829679924	20.596689999999853	20.754013541013396	20.59753099999989	24.775894820902867	20.58247500000016	30.12006293522171
20.956977999999935	6.483063781790168	20.64020800000003	7.545727580176932	20.671112999999878	8.232507730706125	20.650497000000087	9.708864403881599	21.02525999999989	11.334883485203854	21.318956999999955	13.668508682011264	20.62669300000016	16.369757860579213	20.63729199999989	20.76007263667077	20.638142000000244	24.783409809800045	20.629083000000264	30.132050589542942
20.99667199999999	6.485837192218665	20.687202999999954	7.548916258819568	20.7113260000001	8.235766483867517	20.70164700000032	9.713191815053703	21.059254999999666	11.338042871832068	21.361697999999706	13.673046424879178	20.662354999999934	16.37469924896771	20.675885000000108	20.765831926329064	20.677144000000226	24.79062705628413	20.663090999999895	30.140797503123245
21.037266000000045	6.488670124907343	20.738518000000113	7.552396675271058	20.750986999999895	8.238980504396338	20.728262000000086	9.71544350710333	21.105251999999837	11.342317685972867	21.396417999999812	13.676732591144908	20.702616000000035	16.380277882749073	20.71587899999986	20.771800289259932	20.71713899999986	24.79802805554387	20.703575	30.151210054563773
21.076262000000042	6.491388355774506	20.775689000000057	7.5549168928840436	20.791111	8.242232045158167	20.74984200000017	9.717269226225259	21.139153999999962	11.345468429477437	21.441415999999663	13.681509956053086	20.746650000000045	16.386379309934885	20.76152400000001	20.77861195915997	20.762900000000172	24.80649604222047	20.742169999999987	30.161136752094784
21.11649699999998	6.494189701492733	20.81170199999997	7.557357893784841	20.831203000000187	8.245480992688565	20.789874999999938	9.72065611286126	21.180149999999685	11.349278466663874	21.47605799999974	13.685187841184389	20.781422999999904	16.39119751694609	20.79751899999974	20.78398354549033	20.798585999999887	24.81309966916342	20.782188000000133	30.171429447568222
21.15641400000004	6.496965662956395	20.84799799999996	7.5598173833740505	20.87681500000008	8.2491772660844	20.829971999999998	9.724048414048745	21.22360899999967	11.35331740719618	21.515742000000046	13.689401027303614	20.821420000000217	16.39673957043096	20.83736799999997	20.78993026985986	20.843276999999944	24.821369654359582	20.827639999999974	30.183119776786448
21.196410999999898	6.4997439657095795	20.89399800000001	7.562933446500504	20.91211199999998	8.252037639684218	20.87120300000015	9.727536654322467	21.25920999999971	11.356626050328149	21.555591999999706	13.69363183737411	20.861269999999877	16.402261255341543	20.876366999999846	20.795750147490047	20.88127200000008	24.828400557394396	20.862327000000278	30.19204133028458
21.23735600000009	6.502584797179186	20.929996000000074	7.565371206652102	20.951268000000255	8.255210736196545	20.9102240000002	9.73083792336069	21.29989999999998	11.360407648851348	21.596310999999787	13.69795490776938	20.902046000000155	16.40791124841349	20.916363999999703	20.801718958115302	20.917291000000205	24.83506580535889	20.90329100000008	30.202577338515113
21.276354000000083	6.505287435226618	20.965629000000035	7.567783597273364	21.021264999999858	8.260883103996244	20.94930999999997	9.734144691552748	21.33989799999972	11.364124935106217	21.636316999999963	13.70220228010719	20.942045000000235	16.41345357902179	20.956956999999875	20.807776710689573	20.95738500000016	24.84248512438183	20.942320999999993	30.212615918762122
21.3200139999999	6.508309582963446	21.00262900000007	7.57028785579106	21.047069000000192	8.262974190429055	20.990078000000267	9.737593760929267	21.38001499999973	11.367853280840267	21.675314999999955	13.706342634714499	20.981866000000082	16.418971245642247	20.995957999999973	20.813596886782708	20.99862200000007	24.85011595339736	20.9826250000001	30.222982173906296
21.362616000000116	6.511254875761866	21.040625999999975	7.572858881042494	21.071678000000247	8.264968437279425	21.034046000000217	9.74131355788619	21.420012999999926	11.371570567094343	21.715811999999914	13.710642135727962	21.03488100000004	16.426317095718453	21.036956999999802	20.819715227328867	21.03720000000021	24.85725473948177	21.023301000000174	30.2334441080628
21.396610999999893	6.513602572332427	21.075808000000052	7.575238795059406	21.111675000000105	8.268209686037952	21.070024999999987	9.744357466517648	21.459568999999647	11.375246775280985	21.76175699999976	13.715520042092683	21.075749000000087	16.431979836469463	21.076134999999795	20.825561817390053	21.077448000000004	24.864702555914004	21.062746999999945	30.243589684194525
21.44721400000003	6.517093050154886	21.110807000000023	7.577605728059348	21.185801000000083	8.27421665662426	21.11001400000032	9.747740630648435	21.5045769999997	11.379429674918162	21.80175599999984	13.719766671250877	21.120742999999948	16.438214282915336	21.12513399999989	20.832874009600186	21.11981199999991	24.87254193415233	21.102791000000252	30.253889066910745
21.48231899999996	6.519511598772969	21.150806000000102	7.580310076639819	21.212798999999904	8.276404501512781	21.149597000000085	9.75108944621729	21.539570999999796	11.38268190540807	21.841317999999774	13.72396690482542	21.15474200000017	16.44292524314815	21.171131999999943	20.83973835820488	21.157768000000033	24.879565620310753	21.14309200000025	30.264254550449934
21.516313000000082	6.521851343972274	21.193318999999974	7.583183556691338	21.231802000000243	8.27794445322137	21.189666000000216	9.75447937853737	21.60337199999958	11.388611366386012	21.875310999999783	13.72757588667401	21.202392000000145	16.449527709546928	21.206131999999798	20.844961459234554	21.198902999999973	24.88717757441881	21.18309700000009	30.274543902301822
21.556878000000097	6.5246404624092555	21.2313180000001	7.585751207483083	21.271907000000283	8.28119445390128	21.229691000000003	9.757865588353098	21.636369999999715	11.391678095016148	21.920056999999815	13.732326497146467	21.236390999999912	16.454238669779677	21.25213399999984	20.851826404765077	21.238898999999947	24.894578758726727	21.22375800000009	30.28500197843359
21.596819000000096	6.527383613520761	21.270888000000014	7.588424293843847	21.311220999999932	8.284380354057872	21.274462000000312	9.761653321011627	21.687934999999925	11.396470381269841	21.955664999999954	13.736106940933551	21.270390000000134	16.45894963001249	21.298845999999685	20.858797304630748	21.27690100000018	24.901610957098345	21.262564999999995	30.294983202713478
21.6365780000001	6.530111263310104	21.311717000000044	7.591181669216271	21.350934999999936	8.28759866910896	21.310023	9.764661865852359	21.720933999999943	11.399537202836255	21.999401999999918	13.740750427507034	21.305386999999882	16.463798874851033	21.33484499999986	20.864169487887004	21.31790799999999	24.90919922504798	21.303566000000046	30.30552872740492
21.676856000000043	6.532871482518724	21.360703000000058	7.594488918304142	21.390560000000278	8.290809771818843	21.349905000000035	9.768035977529099	21.754931999999826	11.402696868268785	22.07579399999986	13.748860842631574	21.342004999999972	16.468872728252737	21.36984399999983	20.86939243968524	21.356908000000203	24.916416101435882	21.342167000000245	30.315456968145774
21.7168529999999	6.535609437943337	21.395937000000004	7.596867041351744	21.43576299999995	8.294472900519445	21.38921900000014	9.771362035060232	21.78892999999971	11.405856533701122	22.098793999999998	13.751302715443618	21.382003000000168	16.47441492029932	21.40765999999985	20.875035776500642	21.397644000000128	24.923954221347046	21.38281300000017	30.325911186252817
21.75643100000002	6.538315778125004	21.43110999999999	7.599240493389877	21.47607700000026	8.297739837878025	21.428870000000188	9.774716603589608	21.82459599999993	11.409171217720893	22.11579299999994	13.75310747178844	21.421968000000106	16.479952539808803	21.44762700000001	20.881000110182207	21.44364799999994	24.932467174714883	21.42281200000025	30.336198994894872
21.795969000000014	6.54101648628076	21.47110799999996	7.60193886804098	21.510493000000224	8.30052881727671	21.470847999999933	9.778268041831321	21.85959399999956	11.41242381995594	22.156095999999707	13.757386376133605	21.461479000000054	16.485427252293206	21.477066999999806	20.88539348430544	21.47764099999995	24.938757515203413	21.4644330000001	30.346903984606826
21.83679499999994	6.543802152148018	21.510637000000088	7.604604914542227	21.550865000000158	8.303800454760768	21.50961200000029	9.781547568059375	21.90067399999998	11.416241663827318	22.196094999999787	13.7616330052902	21.50220100000024	16.491069763031767	21.515805	20.89117441252514	21.5172520000001	24.94608745598805	21.5044740000003	30.357202595718043
21.876598999999942	6.546515145584354	21.551635000000033	7.607369323799204	21.595292999999856	8.307400779472161	21.549965000000157	9.784961527451506	21.93918799999983	11.419821031861675	22.236096999999972	13.76587995295183	21.54181800000015	16.496559163059466	21.555804999999964	20.897143670844784	21.55707799999982	24.95345718211679	21.5470949999999	30.36816478707601
21.933160999999927	6.550365385731773	21.59063399999991	7.6099982771764045	21.631654000000253	8.310347376350142	21.589703999999983	9.788323540989069	21.979949999999917	11.42360932182919	22.275492999999642	13.770062562573116	21.58681800000022	16.502794440875743	21.595804999999928	20.903112929164436	21.596742000000177	24.960796930451423	21.58209399999987	30.377166587487572
21.971485999999913	6.5529709250147565	21.631775999999945	7.612770994511923	21.67109500000015	8.313543568062965	21.6294969999999	9.791690123054504	22.019869999999628	11.427319359008266	22.315491999999722	13.774309191729358	21.6268170000003	16.50833677148404	21.636447999999746	20.909178143311554	21.637234000000262	24.968289898623162	21.62878099999989	30.38917456073866
22.005079999999907	6.555252654640296	21.67177199999992	7.615465799932307	21.71068800000012	8.316752077427228	21.6702150000001	9.795134962311133	22.0598659999996	11.431036459384204	22.35551099999975	13.778557944253144	21.667459000000235	16.513968197284225	21.67615999999998	20.91510442297134	21.677643999999873	24.97576769284959	21.6665280000002	30.398883151273758
22.038362000000006	6.557511202983982	21.71149300000002	7.618141422172275	21.751448999999866	8.32005523832783	21.713956999999937	9.798835639131209	22.099863999999798	11.434753745633582	22.398944999999912	13.783169261805158	21.701458999999886	16.51867929607869	21.720154000000093	20.92166971173423	21.718656999999894	24.983357071087937	21.707846000000245	30.409510208886974
22.07581600000003	6.560050510138341	21.751078000000007	7.620807241783622	21.791451000000052	8.323296891910969	21.750277000000096	9.801908397169345	22.13945799999965	11.438433485414308	22.44190099999969	13.787729830869889	21.7414560000002	16.52422134956356	21.75691199999983	20.927155161667034	21.757536000000073	24.990551556654218	21.741843000000245	30.41825429324915
22.116645000000062	6.562815806893374	21.79107399999998	7.623500096669931	21.832324999999855	8.326609209993364	21.78929300000027	9.805209243193973	22.17945499999996	11.442150678726545	22.47549799999979	13.79129677003708	21.793077000000267	16.531374044589207	21.795912000000044	20.93297518852873	21.797520000000077	24.997950520384787	21.782388999999966	30.428682791191502
22.15607100000011	6.565483295389917	21.832217000000128	7.626269510009194	21.87732700000015	8.330256049980349	21.833935999999994	9.808986146748252	22.224322999999913	11.446320567206287	22.520152000000053	13.79603761301618	21.83007600000019	16.536500690009728	21.836205000000064	20.938988171665578	21.837156999999934	25.00528527242029	21.823961000000054	30.439375178022832
22.196067000000085	6.568186569039019	21.87221700000009	7.628961344889585	21.913493000000017	8.333186844487027	21.884414000000106	9.813256705124967	22.259277999999995	11.44956917315716	22.56200899999976	13.800481503027585	21.910059000000274	16.547583272800374	21.8761999999997	20.944956683827886	21.878153999999995	25.012871689888843	21.862962000000152	30.449406299422062
22.236063999999942	6.57088712597291	21.911219999999958	7.631585484196366	21.950998000000254	8.33622614790881	21.936048000000028	9.817625063840033	22.299275999999736	11.453286459405678	22.615492999999788	13.806159812829204	21.935058000000026	16.55104717746987	21.916199999999662	20.950925942147535	21.91796400000021	25.020238455247878	21.90241100000003	30.459552647158688
22.276063999999906	6.573585116521241	21.9516329999999	7.634303869414461	21.996000000000095	8.339872987850642	21.973639000000276	9.820805351488819	22.339104999999563	11.456988039334348	22.648920999999973	13.809708809539355	21.94805600000018	16.552848202826688	21.957802999999785	20.957134418494366	21.95780300000024	25.027610587002137	21.942409000000225	30.469840198599094
22.316060000000107	6.576280084258481	21.992471999999907	7.637050276332082	22.041639999999916	8.343571529564693	22.0116280000002	9.824019310880361	22.37877599999956	11.460674935248019	22.693725000000086	13.814465577775517	21.98159600000008	16.557495563225732	21.996803	20.96295444535606	21.997801999999865	25.03501232645433	21.98258799999985	30.4801743035373
22.35605499999997	6.578972247372855	22.031467999999904	7.6396721548514135	22.080299000000196	8.346704349975838	22.063458000000082	9.82840425165958	22.42541799999981	11.465009693615587	22.728513999999905	13.8181590696549	22.02159500000016	16.56303789383403	22.036802999999964	20.96892370367571	22.051328999999896	25.044917396772615	22.02172100000007	30.49023937555384
22.396052999999938	6.58166189035196	22.070672999999942	7.642307513478738	22.114298999999846	8.349459617665895	22.072097000000213	9.829135131524367	22.459195999999793	11.468148912948676	22.764236999999866	13.821951722804053	22.066207000000304	16.569219409699365	22.076653999999962	20.974870726508122	22.08484899999985	25.051120209503917	22.068361000000095	30.502235260327538
22.43705	6.5844159015837285	22.115671999999904	7.645331645975684	22.156961000000138	8.352916830307217	22.11009100000001	9.832349513927667	22.49919799999998	11.4718665709438	22.79886899999974	13.825628546247195	22.1019110000002	16.574166617680508	22.116649000000052	20.9808392386705	22.130122999999912	25.059498077749673	22.10330900000008	30.511223943455125
22.477047999999968	6.587100079166766	22.15172400000006	7.647753967757973	22.19095100000004	8.355671287606455	22.14874800000007	9.835619987701527	22.539192999999614	11.475583578381134	22.83556499999986	13.829524501233012	22.141911000000164	16.579709086850517	22.15765199999987	20.986958176142494	22.163939000000028	25.065755664722307	22.14194600000019	30.52116144345517
22.51675799999998	6.589762282516254	22.190630000000056	7.650367523308827	22.23595299999988	8.359318127470681	22.189448000000084	9.839063304114982	22.578929999999673	11.47927660812322	22.87556399999994	13.833771130388104	22.18177300000025	16.585232434501908	22.19747499999994	20.99290102049409	22.198468000000048	25.072145190999144	22.1827659999999	30.531660414648535
22.556755000000067	6.592441075388786	22.235629000000017	7.653389710510311	22.271645000000262	8.362210510209811	22.2343350000001	9.842860850646906	22.61892799999987	11.482993894370807	22.915277999999944	13.837987501553954	22.221111000000292	16.590683175807165	22.236472999999933	20.998720748892836	22.243471000000227	25.080472911206428	22.235379000000194	30.545192564854396
22.60075400000005	6.59538484596217	22.276039000000083	7.656103087253908	22.312643000000207	8.365532876768025	22.269463000000087	9.845832762660903	22.659925999999814	11.486804117421297	22.95586800000001	13.842296876223338	22.26193000000012	16.596339127033414	22.27622399999973	21.004652848579422	22.279171000000133	25.087079128822992	22.26709800000026	30.553350743866773
22.635749999999916	6.5977239943430295	22.311466999999993	7.658481474128111	22.350644000000102	8.368612374578078	22.32015300000012	9.850121256739374	22.69952699999976	11.490484507757863	22.995867999999973	13.846543611546641	22.301660999999967	16.601844323098238	22.31622900000002	21.010622853056407	22.317156999999952	25.094108366424734	22.307616999999937	30.56377229736465
22.684745999999905	6.600995545915406	22.350717999999915	7.661116005707777	22.39233400000012	8.371990818917531	22.358582000000297	9.853372441173008	22.73952399999962	11.494201701068327	23.03518499999973	13.850717833864225	22.346753000000263	16.608092348593637	22.35706600000003	21.0167170181064	22.357180999999855	25.10151473207979	22.34243400000014	30.57272728707665
22.717742000000044	6.603196549770608	22.39148799999998	7.663851937207317	22.431308000000172	8.375149165987034	22.389228000000003	9.855965165369609	22.77946699999984	11.49791387579138	23.086187999999765	13.856132739906464	22.386269000000084	16.61356775388667	22.39606599999979	21.02253704496803	22.398486999999932	25.10915832941511	22.392577000000074	30.58562414921657
22.75674200000003	6.6057957824407465	22.43139999999994	7.666529749225186	22.47103100000004	8.378368209973283	22.43457400000034	9.859801544388741	22.82447699999966	11.5020969612952	23.124951999999666	13.860248251108121	22.421912000000248	16.618506509602366	22.445067999999992	21.029849684872552	22.437486000000263	25.11637502075492	22.428193000000192	30.59478464304377
22.812163000000055	6.6094852219330456	22.471406000000115	7.669213335872195	22.51738800000021	8.382124855283788	22.46956900000032	9.862762204287577	22.859509999999773	11.505352816315266	23.171536999999716	13.865194105233801	22.461909000000105	16.62404856308717	22.481847000000016	21.035338268666017	22.47748300000012	25.123776390110926	22.462836000000152	30.603694879669284
22.845982999999933	6.611734248344111	22.52807800000005	7.673013971118033	22.55338299999994	8.385041792264479	22.50975500000004	9.866162035083212	22.90414299999975	11.50950086464419	23.205535000000054	13.868803617921678	22.501905999999963	16.62959061657198	22.51870400000007	21.040838492513213	22.51727800000026	25.13114037974826	22.502578000000085	30.613916587488212
22.884855000000016	6.614316989710085	22.573075000000017	7.676030895915094	22.595006000000012	8.388414807063048	22.553753000000142	9.869884370109014	22.939294999999674	11.51276777914367	23.24022399999967	13.872486492962157	22.541553999999905	16.63508431201329	22.5566960000001	21.046508094065224	22.557276999999885	25.138542119200448	22.542177000000265	30.624101515471807
22.91646300000002	6.616415335612027	22.619130999999925	7.679118153527479	22.631151000000045	8.39134389962312	22.58944700000029	9.872904167063659	22.97918899999968	11.516475399962978	23.274979999999687	13.876176481284315	22.581590000000233	16.640631769405605	22.59569599999986	21.052328120926852	22.59727500000008	25.14594367360463	22.58194800000001	30.63433068213842
22.955707000000075	6.619018424660367	22.655772999999954	7.681573886941868	22.709253999999873	8.397673154444485	22.628981000000294	9.876248837114758	23.024046	11.52064426613558	23.31898000000001	13.880847890139615	22.621552000000065	16.646168973229887	22.6365109999997	21.058419002884744	22.636974999999893	25.153290083671212	22.62194700000009	30.64461849078043
22.99630400000001	6.621708726206891	22.69188299999996	7.68399355578	22.73491899999999	8.399752976276663	22.669738999999936	9.879697060465313	23.05902399999968	11.523895009631143	23.364110999999866	13.885639375436078	22.66209600000002	16.651786819980607	22.676512000000002	21.0643884104359	22.68297900000016	25.161803037039135	22.662886999999955	30.655148326171354
23.036331999999902	6.624358812997773	22.726351999999906	7.686302888091264	22.75191500000028	8.401130285913242	22.709170000000086	9.8830330164724	23.105023999999958	11.52817010256944	23.397110999999768	13.889142932077457	22.701704000000063	16.657274972952763	22.715811999999914	21.070253206734947	22.718507000000045	25.168377426380346	22.703211999999894	30.665519982549945
23.076354000000038	6.627006026945794	22.772349000000077	7.689384000419445	22.791913000000022	8.404371615094627	22.748814999999922	9.886387077386383	23.13982699999997	11.531404582124406	23.435109999999895	13.893177224465816	22.74170499999991	16.662817580684486	22.756820999999945	21.07637303959572	22.75691800000004	25.175485309429938	22.742207000000235	30.67554956073934
23.11597000000006	6.629623962275804	22.809369999999944	7.691863390257167	22.830175999999938	8.407472344587106	22.788810000000012	9.889770749129479	23.19479999999976	11.536513596995864	23.47555599999987	13.897471310887504	22.781001000000288	16.668262502397162	22.79684499999985	21.08234587947035	22.805423000000246	25.184461068127234	22.786765000000287	30.687009951685866
23.156248000000005	6.6322831857467275	22.848999999999933	7.694517057646686	22.87117699999999	8.410794954149704	22.82947400000012	9.893211019857342	23.230223999999907	11.539805790305401	23.51555499999995	13.90171794004194	22.820998000000145	16.67380455588197	22.83644000000004	21.088254699049546	22.85733100000016	25.19406654555135	22.862746000000243	30.706552389957473
23.19624500000009	6.634921417789036	22.886997000000065	7.6970609417721	22.912176000000272	8.414117401631817	22.87023100000033	9.896659158605503	23.26360799999975	11.54290839253675	23.555493999999726	13.905958199093337	22.860881000000063	16.67933081332965	22.91043499999978	21.09929708078358	22.892315999999937	25.200540453767445	22.885455000000093	30.71239318213851
23.236028999999917	6.6375432024039345	22.92566899999997	7.699649583602159	22.95143700000017	8.41729900631422	22.914279999999962	9.900385808351931	23.299602999999934	11.546253652760731	23.595908999999665	13.910248994295065	22.90191300000015	16.685016278204266	22.93443699999989	21.1028789342383	22.927324000000226	25.207018618090224	22.9358000000002	30.725341999010976
23.27578500000004	6.640160766368568	22.963257000000112	7.702165249846208	22.992126999999982	8.420596413265573	22.949523000000227	9.903367449638113	23.339554999999564	11.549966663914084	23.634907999999996	13.914389455066386	22.95387800000026	16.692216638464775	22.955997000000025	21.106096364472617	22.973011999999926	25.21547309625449	22.958758000000216	30.73124683440193
23.316375000000107	6.642830805491519	22.9999150000001	7.704618284396988	23.031531000000086	8.42378960626898	22.993531000000075	9.90709063068741	23.37942699999985	11.553672240123216	23.675684999999703	13.918718683222712	22.987480000000232	16.696872589691043	22.996000000000095	21.112066070486655	23.01001499999984	25.222320431561656	22.985505999999987	30.738126464031502
23.356414000000086	6.645462201685826	23.036916999999903	7.707093952630688	23.071619000000283	8.427038228767433	23.029246000000057	9.910112204291657	23.419431999999688	11.557390176927061	23.715283	13.92292273885544	23.02150500000016	16.701587152528777	23.040999999999713	21.118781486096207	23.047622000000047	25.22927953592883	23.02737500000012	30.74889523975171
23.396060999999918	6.648065502072439	23.070821999999907	7.709362075212182	23.11115800000016	8.430242361794258	23.073840999999902	9.91388504693146	23.4641059999999	11.561542035664086	23.759149999999863	13.927580027315413	23.061517000000094	16.707131284439534	23.121557999999823	21.13080327388909	23.08662200000026	25.23649641231673	23.063372999999956	30.758153984607638
23.435821999999916	6.6506739692302625	23.1108220000001	7.712037521660627	23.150048999999854	8.433393982659085	23.10983699999997	9.91693039380135	23.49934899999971	11.564817407411994	23.79558599999973	13.931448378520798	23.101842999999917	16.71271892473326	23.145598000000064	21.134390798139236	23.12643500000013	25.243863732820035	23.103370000000268	30.768441278846403
23.476102999999966	6.653314195842341	23.151391000000103	7.714750578225204	23.195618000000195	8.437086770475974	23.158795000000282	9.921072356576552	23.539346999999907	11.568534693658139	23.835587000000032	13.935695220011844	23.141841999999997	16.71826125534156	23.15913300000011	21.136410645923156	23.16147600000022	25.250348003730487	23.142143000000033	30.77841375827022
23.51609899999994	6.65593341064696	23.192054999999982	7.717469540256348	23.231152000000293	8.43996634918324	23.193037000000004	9.923969310891398	23.578981999999996	11.572218243844755	23.875657000000047	13.93994938712127	23.180840999999873	16.723665024220576	23.20513200000005	21.143275143759293	23.198281999999836	25.25715888455943	23.182142000000113	30.788701566912223
23.556749999999965	6.658593152392185	23.23105499999997	7.720076824143778	23.27618500000017	8.443615701008529	23.229033000000072	9.927014657761262	23.618983999999728	11.575935901838001	23.919016999999712	13.944552848210925	23.221456000000217	16.72929270885413	23.24113099999977	21.148647327015482	23.23728200000005	25.26437576094733	23.22290800000019	30.79918664921677
23.59618300000011	6.661170934821379	23.271238999999923	7.722762841003956	23.310593000000154	8.44640403173164	23.269638000000214	9.930449936949252	23.658977999999934	11.579652816336838	23.956012999999984	13.948480653710805	23.261453000000074	16.734834762338934	23.27584799999977	21.153828195542566	23.277865999999904	25.27188575354538	23.26268600000003	30.809417616294922
23.63618100000008	6.663783383951657	23.31023600000003	7.725369110835141	23.350640000000112	8.449649331671974	23.309193999999934	9.93379646825225	23.69955899999968	11.583424284738953	24.00931999999966	13.954140171706758	23.306323000000248	16.741052027130426	23.316131999999925	21.159839835596312	23.316867000000002	25.27910281498137	23.307686000000103	30.82099169036902
23.675821999999926	6.666370274755668	23.350920000000087	7.728087707413435	23.396440999999868	8.45336092011523	23.350189000000228	9.937264742364096	23.739556999999877	11.587141570984944	24.043985999999677	13.95782060487404	23.342317999999977	16.746039556574754	23.355947000000015	21.16578148609625	23.361863000000085	25.287429239851853	23.347274000000198	30.831173789134482
23.71666099999993	6.669033024651016	23.403115999999955	7.731574941793813	23.430828999999903	8.456147630083322	23.388930000000073	9.940542322736466	23.779621999999563	11.590865083996654	24.078983999999764	13.961536285944495	23.38632000000007	16.75213654978524	23.401538000000073	21.172585097497546	23.396439999999984	25.293827648438068	23.38691199999994	30.841368747982155
23.75565800000004	6.671573488786979	23.432843999999932	7.733560772802696	23.471000999999887	8.459403059672969	23.42943800000012	9.943969395494637	23.8197439999999	11.594593894406174	24.115663999999924	13.965430542235259	23.42192900000009	16.757070594402123	23.436149999999998	21.17775029672153	23.443440999999893	25.302525094774097	23.426574999999957	30.85157013687105
23.808181999999988	6.67499181789726	23.470452999999907	7.736072738280618	23.511315000000195	8.462669996553002	23.469664000000193	9.947372610384784	23.859253999999964	11.598265827492213	24.155359999999746	13.96964500236929	23.460927000000083	16.762474224719426	23.48110399999996	21.184458847684066	23.476439000000028	25.308631312390702	23.467372999999952	30.862063449628256
23.847960000000057	6.6775780758102	23.51074399999993	7.738763450586774	23.550884000000224	8.465876560656769	23.50925899999993	9.95072244118014	23.899305999999797	11.601988132325424	24.195357999999942	13.973891525355036	23.500926000000163	16.768016555327726	23.51674099999991	21.189777009152497	23.522073999999975	25.317075983005054	23.50237300000026	30.871065507241507
23.884622000000036	6.67995980890962	23.550993999999946	7.741451028301463	23.591883000000053	8.469199008066743	23.54925600000024	9.954106282127825	23.939046999999846	11.605681533812904	24.23509100000001	13.978109913719244	23.541635000000042	16.773657264763763	23.555739999999787	21.19559688678268	23.56207799999993	25.324478647697866	23.553942000000006	30.88432913892869
23.916202999999996	6.682009979337941	23.590758999999935	7.744105836772732	23.631186999999954	8.47238409728558	23.588866000000053	9.95745738195871	23.979735999999775	11.609463039389583	24.275153000000046	13.982363231481463	23.58663800000022	16.77989295826524	23.59573999999975	21.20156614510233	23.607730000000174	25.332926464130182	23.590540000000146	30.893742204772348
23.95620800000006	6.6846050645011985	23.630791000000045	7.746778088906188	23.67078900000024	8.475593335610865	23.633550000000014	9.961237754209241	24.019046999999773	11.613116478051731	24.323125999999775	13.987456447322035	23.621631999999863	16.78474178741858	23.638468999999986	21.207942656070877	23.642729000000145	25.33940296301989	23.63754599999993	30.905832225348426
23.995856000000003	6.687174848798063	23.670796999999993	7.749448226986796	23.71136200000001	8.478881261131296	23.669398	9.964270579928446	24.061233999999786	11.617037202959247	24.355434999999943	13.990886641610373	23.67133899999999	16.791629275294447	23.67546799999991	21.21346407078509	23.677728000000116	25.345879461909597	23.673005999999987	30.914952595718812
24.040686999999934	6.690078014658979	23.711033000000043	7.752133338775434	23.750348999999915	8.482040661524705	23.713231000000178	9.96797895556308	24.10474099999965	11.621080604446666	24.395434999999907	13.995133376932804	23.706357000000025	16.79648142992934	23.716797999999926	21.219631806943873	23.7173029999999	25.35320274096211	23.706728999999996	30.923626206829926
24.07659600000011	6.692401465182058	23.751033000000007	7.754802330546981	23.795943999999963	8.485735556254202	23.748941000000286	9.971000106155381	24.13918199999989	11.62428144087825	24.43555699999979	13.99939306479795	23.741140000000087	16.801301022557865	23.755796999999802	21.22545168457406	23.756300999999894	25.360419247253745	23.741731000000073	30.93262877884641
24.11607099999992	6.694953665142707	23.79102899999998	7.757470689989786	23.831441000000268	8.488612136539619	23.78893599999992	9.974383777898243	24.18389199999956	11.628436645339603	24.475482999999713	14.003631943660011	23.781139000000167	16.806843353166162	23.795795999999882	21.231420793662267	23.796302000000196	25.36782135680228	23.782490999999936	30.94311231794103
24.15580399999999	6.697520458302002	23.830330000000004	7.760092330124112	23.875442999999905	8.492177938878562	23.834299999999985	9.978221679759592	24.219555999999557	11.631751143481182	24.515576999999666	14.007888658810419	23.82116700000006	16.812389702064582	23.836519999999837	21.2374980955575	23.837892999999895	25.3755176928496	23.82314099999985	30.953567564854588
24.195801999999958	6.700102267370516	23.871325999999954	7.762826670614327	23.911704999999984	8.49511651267805	23.87100700000019	9.981327178913654	24.264192999999977	11.635899563555949	24.555763999999726	14.012155247620456	23.861263000000235	16.817945473160627	23.875520999999935	21.243318271650637	23.877894000000197	25.38291980239814	23.862192999999934	30.963611803537738
24.235509999999977	6.702663281647632	23.910963000000038	7.765470016114598	23.950333000000228	8.498246820676925	23.90858900000012	9.98450670514045	24.30164799999966	11.639380511511611	24.59483999999975	14.016303883356901	23.901730999999927	16.82355278921989	23.91551699999991	21.249286933044452	23.916893000000073	25.390136493737863	23.902202000000216	30.97390218419625
24.276166000000103	6.70528330758655	23.950573000000077	7.76811121849229	23.99618700000019	8.501962704048589	23.948843000000124	9.987912288896863	24.344495999999708	11.643362667645778	24.635253999999804	14.020594572389873	23.941733000000113	16.82909553551339	23.95726599999989	21.25551719718413	23.96248199999991	25.398572652139016	23.94198499999993	30.984134437282595
24.31576599999994	6.7078332200095465	23.992193000000043	7.770886083359416	24.03085400000009	8.504772023383078	23.98883300000034	9.991295537627913	24.379717999999684	11.646636087720386	24.675520999999662	14.02486965467051	23.981380000000172	16.83458909239299	23.996266000000105	21.261337224045825	23.9984800000002	25.40523401409318	23.986701000000267	30.99563546608927
24.366620999999896	6.711104896737617	24.030933000000005	7.773468602498035	24.07549700000027	8.508389770605945	24.02850699999999	9.994652052010348	24.419508999999834	11.650334136047817	24.715464999999767	14.029110444563438	24.021376000000146	16.84013100731608	24.058991999999762	21.27069791647974	24.0429180000001	25.413457182116847	24.026820999999927	31.005954396130335
24.400617999999895	6.713290192237695	24.07549700000004	7.776438974881267	24.11019699999997	8.511201764167287	24.06957300000022	9.99812633289029	24.459509999999682	11.654051701103837	24.756035999999767	14.033417802032526	24.061375000000226	16.84567333792438	24.09599399999979	21.27621977888834	24.078837999999905	25.420104110318142	24.061963000000105	31.014992976377297
24.43540699999994	6.7155248722089915	24.110200000000077	7.7787517847202015	24.150857000000087	8.51449673990633	24.113568000000214	10.001848414108627	24.499503999999888	11.657768615602258	24.794814999999744	14.037534905759163	24.101266000000123	16.851200703865892	24.134991999999784	21.282039507287084	24.11716000000024	25.427195524085782	24.107610000000022	31.02673345991637
24.47906499999999	6.71832708418518	24.155404999999973	7.781764136931689	24.19146499999988	8.517787501705051	24.148556999999983	10.004808566392919	24.53912599999967	11.661450957609917	24.835913999999775	14.041898320134496	24.14126699999997	16.856743311597615	24.174559000000045	21.287944148385467	24.162423000000217	25.435571356802285	24.147406000000046	31.0369690566242
24.51605100000006	6.7206991703497	24.190399999999954	7.78409583345796	24.231059000000187	8.520996091701889	24.18921900000032	10.008248667915844	24.57912299999998	11.665168150918733	24.874911999999767	14.046038674737014	24.18149100000028	16.862316818595026	24.2095589999999	21.29316724941514	24.19815000000017	25.442182570717897	24.18740200000002	31.04725609366123
24.569854000000078	6.724146750536613	24.23439899999994	7.7870271113758935	24.270919999999933	8.524226318650364	24.238240000000133	10.012395960640081	24.61883399999988	11.668858764301847	24.915361999999732	14.050333185831725	24.220988999999918	16.86778972977691	24.254559999999856	21.299882814256204	24.238151000000016	25.449584680266348	24.222505000000183	31.056284643043988
24.604528999999957	6.7263667396058775	24.27565400000003	7.789775229937758	24.30992100000003	8.527386853538047	24.273181999999906	10.01535213661303	24.658838999999716	11.67257670110502	24.985385999999835	14.057767520687005	24.26159400000006	16.873416028793137	24.29935999999998	21.306568383574234	24.276824999999917	25.456741230969513	24.26735800000006	31.067820908476055
24.638533000000052	6.728542323772484	24.31064800000013	7.792106022077998	24.35051199999998	8.530676237696538	24.314186999999947	10.018821256748442	24.698836999999912	11.676293987350597	25.01674899999989	14.061097279684862	24.301222000000053	16.878906952999873	24.349358999999822	21.31402980724232	24.3178240000002	25.46432801853433	24.30236700000023	31.07682528090408
24.676071999999976	6.730942423930037	24.350474000000077	7.79475836191749	24.3921620000001	8.534051440331057	24.349181000000044	10.021781832044596	24.739546999999675	11.680077444599847	25.06074899999976	14.065768688539402	24.34110499999997	16.884433210447554	24.372355999999854	21.317461683081753	24.356826000000183	25.471545265018417	24.342091999999866	31.087042616294937
24.71617100000003	6.733504293259056	24.390675999999985	7.797435432996195	24.430161000000226	8.53713077586175	24.388578999999936	10.025114996173222	24.784545999999864	11.684259507797101	25.10313700000006	14.07026895396049	24.381098000000293	16.889974709685507	24.40097999999989	21.321733284335302	24.396426000000247	25.478873170273793	24.382830999999896	31.097520754155028
24.755648000000065	6.736024509741753	24.430673999999954	7.800098614344403	24.482500999999957	8.541372266995687	24.43357900000001	10.028922102772256	24.818845999999667	11.687447240139244	25.136743000000024	14.073836848641525	24.421098000000256	16.89551717885552	24.435977000000094	21.326955937670654	24.436420999999882	25.486274169533534	24.422417000000223	31.107702338517253
24.79593399999999	6.738594425968324	24.47146500000008	7.802814285882478	24.534540000000106	8.545589365906743	24.474207000000206	10.03235932781461	24.859416999999667	11.691217779172876	25.16973999999982	14.077340086777259	24.460794000000078	16.901017525259817	24.48097299999972	21.33367075635438	24.477420000000166	25.493860957098352	24.462417000000187	31.117990404360867
24.836563999999953	6.741184305923861	24.517053999999916	7.805849019491186	24.594026000000213	8.55040994942466	24.508937999999944	10.035297652687715	24.89913499999966	11.694909043113556	25.204741000000013	14.081056086352676	24.501479000000018	16.90665490921436	24.516467999999804	21.338967726955794	24.516986999999972	25.50118275576597	24.50314900000012	31.12846674180941
24.876213000000007	6.743709747210696	24.55304500000011	7.80824457103269	24.618025000000216	8.552354763058151	24.54993000000013	10.038765672992334	24.939350999999988	11.698646589582147	25.250146999999743	14.085876767953756	24.541345999999976	16.91217894967438	24.556467999999768	21.344936985275442	24.55698399999983	25.508584125121978	24.546752000000197	31.139681505183916
24.91584499999999	6.7462322340652285	24.595489999999927	7.811069396838601	24.632669000000078	8.553541472956217	24.588956000000053	10.042067365039735	24.97934899999973	11.702363875827626	25.28514499999983	14.089592449024009	24.581629000000248	16.91776063181381	24.596465999999964	21.350905945132208	24.59871299999986	25.51630599780888	24.582347000000027	31.148836597776466
24.95562599999994	6.748762333182886	24.632501000000047	7.813532311627904	24.675380000000132	8.557002656133228	24.62867099999994	10.045427348119281	25.018732	11.706024005939316	25.32481000000007	14.093803617938004	24.624966000000313	16.923765481474344	24.636199999999917	21.35683550788403	24.63671400000021	25.52333801113241	24.62735100000009	31.16041170065714
24.99547800000005	6.751295078708402	24.67041100000006	7.816054798561984	24.71005100000002	8.559812299594874	24.669450000000325	10.048877348119342	25.059115999999904	11.709777165790745	25.35541699999976	14.097053113638204	24.667233000000124	16.929622070084545	24.676200999999764	21.36280491543512	24.676711999999952	25.530739565536507	24.666201	31.170403984607738
25.040702999999894	6.754167045756682	24.711021999999957	7.81875672676418	24.75002600000016	8.56305176477747	24.70899099999997	10.052222610386682	25.098877999999786	11.713472518950717	25.395414000000073	14.101299530455377	24.701590000000124	16.934382635416398	24.71710499999972	21.36890907899279	24.71628899999996	25.538063214685288	24.702052999999978	31.17962517802337
25.07570099999998	6.7563879229611805	24.751557000000048	7.82145331286634	24.791645000000244	8.56642445524378	24.749604999999974	10.055658650995847	25.138875999999982	11.717189805196211	25.43458099999998	14.105457827514565	24.747771000000284	16.94078155463493	24.75610400000005	21.374728956623045	24.756287000000157	25.54546476908947	24.74204899999995	31.1899122150604
25.11580099999992	6.758930815633567	24.792552999999998	7.824180279998593	24.831265000000258	8.569635152190699	24.78863500000034	10.058960681452755	25.1790189999997	11.720920567278089	25.479237000000012	14.110198882828362	24.78129799999988	16.945427113731455	24.801107999999658	21.38144496915843	24.796288000000004	25.552866878637925	24.786685999999918	31.201392924936933
25.161229999999932	6.761809403578403	24.83085099999994	7.826727524134813	24.87125900000001	8.572876157078552	24.828569000000243	10.062339192451079	25.219017999999778	11.724637946460367	25.51525199999969	14.114022537144125	24.826876999999968	16.95174261878897	24.83590699999968	21.386638074665072	24.83690800000022	25.56038353296809	24.826360999999906	31.211597400245573
25.19698399999993	6.76407327811529	24.869848000000047	7.829321006593509	24.911433000000216	8.576131748675522	24.86857400000008	10.065723710217583	25.258474999999635	11.728304953895405	25.559449999999742	14.11871496733848	24.86162000000013	16.956556668948338	24.88090800000009	21.393353639506202	24.883045999999922	25.568921282782988	24.86701200000016	31.222052904360865
25.235660000000053	6.766520529647051	24.910497000000078	7.832024086080527	24.951210000000174	8.579355168472318	24.909086000000116	10.06915112138512	25.30322199999955	11.732463597018189	25.595456000000013	14.122537666138854	24.90142700000024	16.962072395704624	24.91590499999984	21.398576292841486	24.917049000000134	25.575213473752676	24.902006000000256	31.231053418764184
25.275830999999926	6.769060585336225	24.950784000000112	7.83470282573992	24.991579	8.582626562336669	24.955077000000074	10.073042068931672	25.33903599999985	11.735792035680015	25.63545699999986	14.126784507629493	24.941005000000132	16.96755639182488	24.95567600000004	21.40451137715729	24.95688599999994	25.582585235410672	24.95828500000016	31.245528470204487
25.320502000000033	6.771883047843952	24.991375999999946	7.8374015790095335	25.03016400000024	8.585753385696815	24.998098000000027	10.076681747442686	25.392359999999826	11.740747797761923	25.675010999999813	14.130983891852912	24.98100599999998	16.973098999556605	24.99567799999977	21.410480933939823	24.99845499999992	25.590277500399566	24.99300600000015	31.254458768558393
25.35611999999992	6.774131911298165	25.03073399999994	7.840018037657394	25.070164000000204	8.588994876804106	25.033642000000327	10.079688854041713	25.432372999999643	11.744466478059394	25.71539299999995	14.13527118349752	25.02100300000029	16.978641053041475	25.0368169999997	21.416620166890116	25.037386999999853	25.597481793515765	25.027638000000024	31.263366175965768
25.40111999999999	6.7769711209525205	25.07074200000011	7.842677455579716	25.11582099999987	8.59269479579029	25.073249000000033	10.083039700065395	25.467368999999962	11.747718894416376	25.754983999999695	14.139474495951088	25.061553000000004	16.98425973116254	25.07575199999974	21.422430493707015	25.077526000000034	25.604909439703807	25.063254000000143	31.27252666979296
25.435727000000043	6.779153075009497	25.110738000000083	7.845335825037014	25.150505000000067	8.595505492728094	25.108244999999897	10.086000444566244	25.49924299999975	11.750681162074414	25.794946999999866	14.143717303043196	25.10130500000014	16.989767837023717	25.11575099999982	21.428399602795224	25.11652600000025	25.612126316091707	25.101832000000286	31.282448994895876
25.475302000000056	6.781646643697126	25.150624000000107	7.847986636350367	25.19612099999995	8.599202089184256	25.14913400000023	10.089459750826864	25.54323999999997	11.754770102594968	25.834583999999722	14.147925499242392	25.140979000000243	16.99526513507001	25.15639800000008	21.434465413868235	25.15652399999999	25.619527870495805	25.14177800000016	31.292723171850575
25.51564899999994	6.784187090421768	25.192338000000063	7.850758675249402	25.232825000000048	8.602176481421592	25.188975000000028	10.092830393804865	25.586240999999973	11.758766478059732	25.87499899999966	14.152216294443615	25.181294999999864	17.000851389746416	25.196395999999822	21.440434373724937	25.19844400000011	25.627285087372215	25.18678	31.304297760327902
25.555644999999913	6.7867036878339375	25.23132899999996	7.85334952313335	25.279457999999977	8.605955492787485	25.228969000000234	10.096213980945336	25.62227699999994	11.762115548691764	25.915617999999995	14.156528747995019	25.220736000000215	17.006316402909828	25.235400000000027	21.44625499751246	25.23655800000006	25.63433801113238	25.226732000000084	31.314573480492534
25.596207999999933	6.789254193516667	25.270373000000063	7.855943664617715	25.32310600000028	8.609492607879023	25.269714999999906	10.099661189067149	25.664276999999856	11.766018894416735	25.955293999999867	14.16074108476115	25.273189999999886	17.013584519855883	25.275151999999707	21.452187246430483	25.27717100000018	25.641853370125745	25.266497999999956	31.32480136115094
25.635772000000088	6.791740178851747	25.315372000000025	7.858933185320261	25.35980100000006	8.612466270778988	25.30871100000013	10.102960343043494	25.69883499999969	11.769230604453952	25.995535999999902	14.16501351283211	25.322219000000132	17.020378062879335	25.31715200000008	21.458454967666178	25.31702200000018	25.649227722457347	25.307086000000254	31.335240661562537
25.67542299999991	6.794229950426284	25.350419999999986	7.861261403393286	25.39742400000023	8.615515136272048	25.349150999999893	10.10638166284044	25.739383999999973	11.772999098877833	26.035542000000078	14.169260885164677	25.35518600000023	17.024946027407545	25.356150999999954	21.464274845296362	25.360998999999993	25.657365583301136	25.34208600000011	31.34424271917567
25.71571999999992	6.79675857187096	25.391227999999956	7.863972030993417	25.434184000000187	8.618494066594083	25.388778000000002	10.109734200911527	25.77838299999985	11.776623541257063	26.074540999999954	14.173401345935476	25.39886800000022	17.03099868086466	25.395696999999927	21.470176352534082	25.39602100000002	25.66384633829744	25.3868080000002	31.355745291192157
25.755419000000074	6.799247989106477	25.43522699999994	7.866894350516379	25.470908000000236	8.621470079573673	25.428773999999976	10.113117957256714	25.819041999999627	11.780402258729218	26.114896000000044	14.17768577103372	25.431868000000122	17.035571217929906	25.436545999999908	21.47627230836157	25.44548399999985	25.67299937308645	25.421608000000106	31.36469590847608
25.795802000000094	6.801778597101123	25.47098200000005	7.869268919594567	25.510905000000093	8.624711327562055	25.46850799999993	10.116479547781255	25.85866299999998	11.784084507799937	26.155101999999715	14.181954377042844	25.4658400000003	17.040278436996026	25.47555199999988	21.482093230611977	25.49920400000019	25.68294015769051	25.46179800000027	31.375032842632503
25.835810000000038	6.804284023461487	25.51097299999992	7.87192459913985	25.550673000000188	8.6279340180134	25.508568000000196	10.119868718678074	25.898659999999836	11.787801701108526	26.20376699999997	14.187121061404302	25.50152500000013	17.0452230123043	25.51644299999998	21.488195454160714	25.53321199999982	25.68923327390066	25.502811000000293	31.38558145374362
25.87578899999994	6.806785970691422	25.555004999999937	7.874848373437714	25.590462000000116	8.631158410247071	25.548563000000286	10.1232523904209	25.944327999999587	11.792045939026774	26.25545800000009	14.192609011292868	25.541481000000203	17.05075938475824	25.589442999999847	21.499089350594062	25.570823999999902	25.696193303508373	25.54156899999998	31.395550075142715
25.91579700000011	6.809288077908993	25.593697999999904	7.877417413516929	25.630459999999857	8.634399739271243	25.588152000000264	10.126601713601957	25.97832699999981	11.795205697391149	26.28849199999968	14.1961161776587	25.581480000000283	17.056301715366537	25.59806899999967	21.50037662115067	25.60783100000026	25.703041379008067	25.5833590000002	31.406298531932897
25.955543999999918	6.811772232057287	25.63070599999992	7.879874388046444	25.67567800000006	8.63806408288329	25.62773900000002	10.129950867578255	26.02332499999966	11.79938766765141	26.324373999999807	14.199925711579532	25.621110000000044	17.061792916696696	25.6360709999999	21.506047715017292	25.645829999999933	25.710073022235246	25.62235899999996	31.416329396130365
25.99554400000011	6.814270567432966	25.670511000000033	7.8825168522126	25.710316000000148	8.640871052099454	25.6700850000002	10.133533439490293	26.05897099999993	11.802700492930285	26.357172999999875	14.203407928375395	25.66110800000024	17.067335108743283	25.67506800000001	21.511867294184597	25.68268399999988	25.716892785373652	25.66208400000005	31.426546731521334
26.036023999999998	6.816797226443833	25.71068800000012	7.885183799440798	25.75043400000004	8.644122105595605	25.70850700000028	10.13678403170689	26.103971999999885	11.806882742000958	26.39918499999976	14.207868274484335	25.70116300000018	17.072885198808397	25.720937999999933	21.51871254116265	25.725696999999855	25.724852259837007	25.7029950000001	31.437069108064556
26.07553400000006	6.819261742722805	25.750688999999966	7.887838854368877	25.791184000000158	8.647424374650688	25.74913000000015	10.140220833737345	26.138966999999866	11.810135065421065	26.435085000000072	14.211679719436077	25.740678000000116	17.078360465539717	25.7552569999998	21.523834015569435	25.760682999999972	25.731326353101277	25.740988000000016	31.446840970204455
26.13853199999994	6.823188127670457	25.79034999999999	7.890471137919744	25.83929900000021	8.651323483253474	25.78809900000033	10.143517703449719	26.17852099999982	11.81381108772593	26.47972299999992	14.216418863718914	25.78067400000009	17.083902380462813	25.800259000000096	21.530549729642004	25.798040000000128	25.738239195440315	25.7818070000003	31.457339684196295
26.173739999999952	6.82538076052574	25.835334000000103	7.893456463771067	25.872929000000113	8.654048766892576	25.850882000000183	10.148829293974252	26.223207000000002	11.817964061703684	26.518696999999975	14.220556670280144	25.82129299999997	17.089530619343215	25.835935000000063	21.5358737111373	25.836039000000255	25.74527083866758	25.822407000000112	31.46778207102752
26.208740000000034	6.827559221552618	25.870333999999957	7.895779033162475	25.911597000000256	8.657182316334938	25.889466000000084	10.152093591774587	26.264055999999982	11.8217604371684	26.55512899999985	14.224424596811627	25.861291000000165	17.0950728113898	25.875932999999804	21.541842670993997	25.882036999999855	25.753782681746706	25.86196999999993	31.477957739751755
26.244308000000046	6.829771797655178	25.90996300000006	7.898408594507389	25.95517400000017	8.660713677771623	25.92818000000034	10.155368887882906	26.299050999999963	11.825012760588503	26.5951299999997	14.22867143830223	25.9063000000001	17.10130933626162	25.915935999999874	21.547812377008036	25.92187100000001	25.761153888260427	25.900970000000143	31.48798860394934
26.279305999999906	6.831947703499628	25.95697599999994	7.901527866164391	25.99088699999993	8.66360776205862	25.966733000000204	10.158630563009805	26.339050999999927	11.828730232707489	26.63512899999978	14.232918067456094	25.940558000000237	17.1060561839823	25.956183999999666	21.55381864472924	25.956868000000213	25.76763001705395	25.944520999999895	31.49918999283817
26.31597499999998	6.834226215739998	25.992081999999982	7.903856943055919	26.031057000000146	8.666863029490617	26.003729999999905	10.161760596850732	26.378766999999698	11.832421310774413	26.674641000000065	14.237112992607429	25.98355700000002	17.112014199778308	25.99618499999997	21.559788052280396	26.000512999999955	25.77570644192437	25.987122	31.510147040163297
26.355598999999984	6.836686874935773	26.029882000000043	7.906364584995819	26.070706999999857	8.670076157538023	26.042361000000255	10.165028870962441	26.418502999999873	11.836114247577434	26.714638999999806	14.241359515592869	26.026581999999962	17.117975818179296	26.036184999999932	21.565757310600045	26.03712399999995	25.782481238371446	26.02180300000009	31.51906705045139
26.396232000000055	6.839208617577304	26.069882000000007	7.90901798886831	26.110551000000214	8.673305006816985	26.089363999999932	10.169005436106245	26.45849999999973	11.839831440885996	26.755355999999665	14.24568237364574	26.07118100000025	17.124155532742176	26.080911000000015	21.57243183679018	26.076653999999962	25.789796190258937	26.06288100000029	31.529632379669547
26.440853999999945	6.841976095984483	26.10990599999991	7.91167279601158	26.150227000000086	8.676520241833021	26.125359000000117	10.172050698373608	26.499154999999973	11.843609786610953	26.79483399999981	14.249873689072034	26.115862000000106	17.13034660936679	26.11591099999987	21.577654937819855	26.11639500000001	25.79715018729818	26.102057999999943	31.53970876855835
26.47584299999994	6.844144800561937	26.150374000000056	7.914356864049213	26.19222600000012	8.679923726444041	26.176093000000037	10.17634291495567	26.539152999999715	11.847327072856308	26.838860999999724	14.254547964472824	26.15156900000011	17.135294233033136	26.161752999999862	21.584496006317092	26.161997000000156	25.80558875132485	26.146721999999954	31.551196422879336
26.532508000000007	6.847654572425091	26.190376000000015	7.917009838894412	26.23079000000007	8.683048848007122	26.21208999999999	10.179388346427752	26.578150999999707	11.85095142229871	26.89123500000005	14.260108427367026	26.185570000000098	17.140005470389376	26.195746999999756	21.589568980500033	26.207538000000113	25.814016027416628	26.181744999999864	31.560204396130345
26.577156999999943	6.850417952615537	26.229986999999937	7.919636702616888	26.270492000000104	8.686266189991558	26.261921000000257	10.183604167070756	26.61889099999962	11.854737667651886	26.92424099999971	14.26361262101813	26.221569000000272	17.144993554080685	26.235745999999835	21.595538089588242	26.24731699999984	25.82137705628408	26.231385000000046	31.572971885842325
26.622765999999956	6.853238820684542	26.270195000000058	7.922302976604823	26.310489999999845	8.689507519009801	26.285677000000305	10.185613980945552	26.66388999999981	11.858919730848953	26.958240999999816	14.267222346042036	26.26726600000029	17.151325409422242	26.27487199999996	21.601376919613628	26.28631600000017	25.82859374762389	26.26451900000029	31.581494005183952
26.668372999999974	6.856057629445862	26.309751000000006	7.924925839511314	26.350017000000207	8.692710679470236	26.308673	10.18755949701998	26.69888499999979	11.862172054269045	26.998767000000043	14.27152492593378	26.301264000000174	17.156036231093278	26.31584299999986	21.60749108167898	26.3263179999999	25.835996042220437	26.302107999999862	31.591161957858738
26.692369999999983	6.857540026935127	26.35048400000005	7.9276265664655305	26.390022000000044	8.695952575748947	26.349343000000317	10.191000275361803	26.738586999999825	11.865861831220741	27.034762999999657	14.275346563050215	26.341263000000254	17.161578561701575	26.355646999999863	21.613431090632865	26.360067000000072	25.84224123096954	26.342095999999856	31.601446937282603
26.7153679999999	6.858960213947678	26.39099299999998	7.930312262461945	26.435672000000068	8.699651927457799	26.388013000000228	10.19427184896586	26.778584999999566	11.869579117466088	27.07876099999976	14.280017759567913	26.381196000000273	17.167111747235733	26.400419000000056	21.620112481470084	26.39684699999998	25.849047300547618	26.38215900000023	31.611751206830025
26.75520800000004	6.861419290031848	26.434991000000082	7.933229074901404	26.470264999999927	8.702455249991313	26.427978000000167	10.197652982637601	26.818382999999812	11.873277816350889	27.11894799999982	14.284284348377781	26.420818000000054	17.172601840072062	26.435390000000098	21.625331254787504	26.43642600000021	25.85637131979266	26.421777999999904	31.621941278846403
26.83724899999993	6.866478615035877	26.470649999999978	7.935592908992471	26.515268000000106	8.706102170581275	26.468725000000177	10.201100275361801	26.858377999999902	11.876994823785857	27.15494499999977	14.288106091662634	26.460817000000134	17.17814417068036	26.48242399999981	21.632350207182625	26.47672999999986	25.86382949891917	26.461493000000246	31.632156042220977
26.860464000000093	6.867909137475112	26.510311	7.93822187856826	26.550001000000066	8.708916838333256	26.508362999999918	10.204453744058906	26.902394999999615	11.881085623042354	27.194176999999854	14.292271289666685	26.50640199999998	17.184460507108216	26.527919999999995	21.639139641595428	26.522731999999905	25.87234208219083	26.505494999999883	31.643473429052158
26.87531899999999	6.8688242570923475	26.55050200000005	7.940885812923014	26.59566100000029	8.712617000413939	26.548357000000124	10.207837331199366	26.938496999999643	11.88444082750334	27.23490700000002	14.296595527908561	26.540397000000212	17.189170913094117	26.564914999999928	21.644660459383807	26.567438999999922	25.880615028156782	26.54124600000023	31.65266864510163
26.915230000000065	6.871281933225825	26.59493599999996	7.943830788077147	26.629663000000164	8.715372429915886	26.588238000000274	10.21121135827214	26.978519999999662	11.888160437168782	27.274905999999646	14.300842157062368	26.583974000000126	17.19520901756965	26.609555	21.651322151668552	26.60244499999999	25.887092822383295	26.588110000000142	31.664722143043996
26.954923000000008	6.873724774559188	26.630963000000065	7.946218420955491	26.670681999999942	8.718696497992298	26.629026000000067	10.214662119693443	27.01849399999992	11.891875492930904	27.31470599999966	14.305067658707987	26.62078700000029	17.200309890508564	26.659188000000086	21.65872895662305	26.63644400000021	25.89338427316054	26.62177299999985	31.673380322056264
27.008925999999974	6.877046056946366	26.671268000000055	7.948889417127993	26.718398999999863	8.722563353751655	26.673031000000265	10.218385046935426	27.059159999999792	11.895654860960645	27.355274999999892	14.309374803840196	26.660832000000028	17.20585859495636	26.695204999999987	21.66410382604551	26.677059999999983	25.90090018729817	26.665156000000025	31.68453850106866
27.047915999999987	6.87944241414777	26.719092000000046	7.952058485321242	26.756721000000198	8.725668864290942	26.70824700000003	10.221364403957406	27.099155999999766	11.899371961332404	27.39527199999975	14.31362122065726	26.701102999999875	17.211438614354982	26.730411999999887	21.669357817986995	26.716639000000214	25.908224206543217	26.702100999999857	31.69404081588343
27.101405999999997	6.882727787353646	26.756094000000076	7.954510277362051	26.79137700000001	8.728477292171613	26.752760000000308	10.225130309202779	27.13815799999975	11.902996682522005	27.439476999999897	14.318314394030253	26.740964000000076	17.21696182344466	26.765626999999768	21.67461300378014	26.762641000000258	25.916736789814877	26.74179099999992	31.70424914921678
27.13541299999997	6.8848152133477445	26.79105299999992	7.956826576110969	26.830373000000236	8.731637421835476	26.787933000000066	10.228106028322895	27.1787989999998	11.90677372713169	27.47447299999976	14.322029862763655	26.78070600000001	17.222468543688517	26.80064799999991	21.67983923867048	26.79889000000003	25.923444598845183	26.78679800000009	31.71582502370242
27.17001899999991	6.886938379835881	26.830811999999924	7.95946076878279	26.870284999999967	8.734871781645115	26.83304700000008	10.231922779591933	27.218611999999666	11.91047382006849	27.515445999999883	14.326379899922607	26.820361999999932	17.22796334762366	26.83522700000003	21.68499951325638	26.83649800000012	25.930403888260447	26.82671500000015	31.72609174180943
27.212831999999935	6.889563639967427	26.870812000000114	7.96211077733208	26.9109269999999	8.738165298667012	26.873047999999926	10.235306958948945	27.25866999999971	11.914196682522036	27.554959999999937	14.330575037410675	26.8611020000003	17.23360835247337	26.876220999999987	21.69111710764527	26.876498000000083	25.93780581276081	26.862465000000157	31.73528670065717
27.26582899999994	6.892811202808666	26.910123000000112	7.964714993255695	26.949923000000126	8.741325428330443	26.90856299999996	10.238311612079237	27.30373299999974	11.918384693674469	27.594436999999743	14.334766246668542	26.900986999999986	17.23913488704448	26.916224000000057	21.697086813659308	26.916240000000016	25.94515999484814	26.9018530000003	31.74541735909342
27.28941800000007	6.894255926639137	26.95112199999994	7.96743088058953	26.99582700000019	8.745045363504895	26.953375999999935	10.242102898035245	27.338462999999592	11.92161238884175	27.63505899999973	14.339079018725027	26.94073299999991	17.244642161535253	26.955931999999848	21.7030124963932	26.957237000000077	25.952746412316692	26.941845000000285	31.755703367323868
27.31541799999991	6.8958477679023815	26.99111999999991	7.970080310401188	27.029997000000094	8.74781440726808	26.988366999999926	10.245063219524246	27.383147999999892	11.92576526988268	27.674933999999666	14.343312482999362	26.980898000000252	17.250207493390644	26.994930999999724	21.708832374023384	26.99851600000011	25.96038501335297	26.982238999999936	31.76609277061596
27.35557300000005	6.898305124384972	27.03088099999991	7.972713897843441	27.069996000000174	8.751055817320177	27.034061000000293	10.248929040167257	27.41888999999992	11.929087017094588	27.71491399999968	14.34755709495393	27.021056000000044	17.255771855313853	27.03655899999967	21.71504458115664	27.036071999999876	25.967334680266323	27.02196099999992	31.77630933440196
27.395177000000103	6.900727436401048	27.070920000000115	7.975365755587034	27.115342000000055	8.754730533693479	27.068782000000283	10.251866519016666	27.489481999999953	11.935647611890143	27.754987999999685	14.3518116867365	27.060811000000285	17.261280376860235	27.075565000000097	21.72086550340711	27.076070000000072	25.974736234670505	27.061561999999867	31.78649477678878
27.434843	6.903152228967052	27.109601999999995	7.977927601784986	27.150341000000026	8.757566757359175	27.108774000000267	10.255249936952369	27.512480999999752	11.937785065421728	27.79440399999976	14.35599641972303	27.143141000000014	17.27268816402938	27.11656499999981	21.726983993184717	27.126392000000124	25.984048225788204	27.10208300000022	31.796916844690106
27.47583899999995	6.905656953210267	27.155265999999983	7.980951685908894	27.190290000000005	8.760804115547042	27.149059000000307	10.258658143382153	27.53885799999989	11.940236459473791	27.83440699999983	14.360243473550412	27.15114100000028	17.27379665786342	27.156304999999975	21.732914451325318	27.164389999999912	25.991079683967293	27.1458590000002	31.80817610394936
27.5155299999999	6.908080625341576	27.190264999999954	7.983269361539406	27.23007800000005	8.764028426733173	27.188051000000087	10.261956958948971	27.60898999999972	11.94675430333996	27.874836999999843	14.364535861277352	27.180965000000015	17.277929122876547	27.19530399999985	21.738734328955502	27.21138800000017	25.99977657515905	27.182463000000098	31.817590713002833
27.5550760000001	6.910494158248497	27.23117900000011	7.985978602645416	27.270080000000235	8.767270079896532	27.228704000000107	10.265396299050497	27.634987999999794	11.949170474343688	27.9148339999997	14.368782278094413	27.23296500000015	17.285134332797586	27.236300999999912	21.74485237103878	27.247326000000157	26.006426834226406	27.22646399999985	31.828907842632397
27.602104000000054	6.913362665557941	27.288945000000012	7.989803507772861	27.30935899999986	8.770453143108316	27.27336000000014	10.269174302434596	27.65798599999971	11.951307834938483	27.954833999999664	14.373029013416634	27.29809699999987	17.294159135347083	27.275115999999798	21.7506447900807	27.282324000000244	26.01290314806802	27.266507000000274	31.83920696814691
27.643687	6.915897558063422	27.33760099999995	7.993024989656657	27.3500939999999	8.77375419659566	27.308272000000215	10.272127940336464	27.69880699999976	11.955101608172694	27.99410399999988	14.37719824581925	27.321097999999893	17.297346193681573	27.316111999999976	21.75676268293254	27.316323999999895	26.01919478389327	27.301100000000133	31.848104344690086
27.677214999999933	6.917940404598127	27.376410000000078	7.995594368648053	27.391094000000066	8.777076724961375	27.349408999999923	10.275608227984495	27.73878399999967	11.958816942745182	28.03477900000007	14.381516644800058	27.346094999999877	17.300809821227645	27.360114000000067	21.763329165547088	27.364822999999888	26.028169432301855	27.341551999999865	31.858508665677668
27.715597000000116	6.920277897241196	27.413409	7.998043801339473	27.430120999999872	8.780239366779032	27.388208000000304	10.278890715294173	27.778781999999865	11.96253422899056	28.079404000000068	14.386254408893912	27.380932999999914	17.30563703475127	27.394786999999724	21.76850346788997	27.400822999999946	26.034831164352198	27.386565000000246	31.87008608337324
27.754809000000023	6.922664724636517	27.45001000000002	8.000466777146334	27.47004599999991	8.783474780071552	27.42839099999992	10.282290292282298	27.818494999999984	11.966225028247083	28.114110999999866	14.389939194964601	27.42593100000022	17.311872035444125	27.435786000000007	21.7746218084362	27.442335000000185	26.042512881598725	27.42238700000007	31.87929956073945
27.797698000000082	6.925273974651423	27.49014299999999	8.003123447964102	27.510045999999875	8.786716271159772	27.469086999999945	10.285733270285684	27.858492999999726	11.969942314492418	28.164084000000003	14.395244747571054	27.460931000000073	17.316721695967868	27.487515999999687	21.782341551758044	27.481133000000227	26.04969237826787	27.461952999999994	31.889476001068648
27.834462999999914	6.927509502901876	27.52671200000009	8.005544083585889	27.549665000000005	8.789926887045308	27.508178999999927	10.289040546089407	27.917464999999993	11.97542298363743	28.195688999999675	14.39860019931749	27.500594000000092	17.322217469835127	27.532416999999896	21.789042193453344	27.517139999999927	26.056355405654934	27.502551999999923	31.89991813069826
27.884078000000045	6.930524707752564	27.56548799999996	8.008110694986799	27.595303999999942	8.793625347339498	27.548185000000103	10.292425148458289	27.94947299999967	11.978397704826996	28.234345999999732	14.402704350501276	27.54059499999994	17.32776007756685	27.568413999999848	21.794414078246653	27.55675199999996	26.063685531487657	27.54214600000023	31.91010177267365
27.927952000000005	6.933189423252452	27.603640999999925	8.010635956660488	27.630302999999913	8.7964615710042	27.58786400000008	10.295782085852535	27.984469999999874	11.9816502141207	28.27431999999999	14.406948325445567	27.58035800000016	17.333269707607066	27.60699999999997	21.800172323284727	27.596356000000014	26.071014176935485	27.581770000000233	31.92029313069834
27.973535000000084	6.935956358631671	27.64339599999994	8.013267133297232	27.67095700000027	8.799756060471422	27.628339000000324	10.29920636673242	28.018466999999873	11.98480978661141	28.318764999999985	14.411666979230473	27.62034100000028	17.3388098212277	27.653996000000006	21.80718560488449	27.636355999999978	26.078416101435845	27.621817000000192	31.930593285019317
28.00953000000004	6.938140163315813	27.68177700000001	8.015807259184895	27.709956000000147	8.802916433244775	27.668816000000334	10.302630816817025	28.06414199999972	11.989054675087237	28.354759999999715	14.41548851017853	27.660335999999916	17.344351597589018	27.68999699999995	21.81255808660363	27.67675199999985	26.085891304988746	27.661329000000023	31.9407558364596
28.053953000000092	6.940833926376662	27.718513999999914	8.018238479394366	27.74956800000018	8.806126481868993	27.708466999999928	10.30598538534491	28.098137999999835	11.992214154641154	28.399758999999904	14.420265981247667	27.700670000000173	17.349940346376638	27.738640999999916	21.819817301646154	27.715749999999844	26.093107811280383	27.701930000000175	31.951198480492565
28.089208999999983	6.942970744408042	27.75642700000003	8.020747421976111	27.789800000000014	8.80938677360499	27.7484629999999	10.309369141690086	28.151977999999872	11.997217872113282	28.43501900000001	14.424009478434218	27.764668000000256	17.358808019925217	27.77536800000007	21.825298125403826	27.755748999999923	26.100509550732653	27.746345999999903	31.96262234880525
28.124203999999963	6.945090813981408	27.790796	8.023021745177916	27.830007000000023	8.812645039409006	27.788120000000163	10.31272421783224	28.18797399999994	12.000563225273144	28.475016999999752	14.428256001419648	27.799324999999953	17.363610153775802	27.81348399999979	21.83098623165658	27.80202599999984	26.10907302223523	27.781790999999885	31.971738861150925
28.179660000000013	6.94844856780162	27.830091999999922	8.025622001731907	27.869848000000275	8.815873645569528	27.82892700000002	10.316176586698557	28.226662999999917	12.004158857243405	28.515015999999832	14.432502630573495	27.850299000000177	17.370673199362642	27.84931299999971	21.836333045564942	27.836025999999947	26.115364658060564	27.82079900000008	31.981771782961673
28.214261999999962	6.9505424876787885	27.869719999999916	8.02824411551017	27.911783000000014	8.819271943788378	27.868922999999995	10.319560343043733	28.25956099999985	12.007216292187639	28.554351999999653	14.43667887008935	27.875300000000152	17.374137381155627	27.888312999999926	21.842153072426637	27.877027	26.122951815721564	27.861382999999933	31.992210054566577
28.248258999999962	6.952598929923683	27.910219000000097	8.030923747360049	27.95179199999984	8.822514164211313	27.90838500000018	10.322898921723953	28.298073999999815	12.010795567280578	28.595026999999845	14.440997269070156	27.900038000000222	17.377565121213834	27.925100999999813	21.847642999303204	27.916160000000218	26.13019330350843	27.9010830000002	32.002420959916435
28.280891999999994	6.954572061333257	27.950391999999965	8.033581696305927	27.99101500000006	8.825692689334357	27.94801099999995	10.326251375192632	28.33909799999992	12.014608206685793	28.6352609999999	14.445268847794019	27.94079499999998	17.38321248161286	27.960102000000006	21.85286624956439	27.95718100000022	26.137784162131673	27.941110000000208	32.0127159702045
28.315517	6.956664780678711	27.996092999999973	8.03660525675064	28.030639000000065	8.82890371040548	27.988012000000253	10.329635554549679	28.37874699999975	12.018293057986895	28.67888099999982	14.449899912662895	27.980818	17.38875813770265	28.00510200000008	21.859581665174012	27.996978000000126	26.145148521865185	27.985883000000285	32.024231659504935
28.35551200000009	6.9590809677394745	28.033087999999907	8.03905272744722	28.070248999999876	8.83211359695466	28.03364899999997	10.333496552857607	28.41871699999956	12.022007742001751	28.715875999999753	14.45382761199403	28.02045300000009	17.3942500318415	28.036728999999923	21.86430140849588	28.03659000000016	26.152478647697908	28.025853000000097	32.03451200929913
28.401112999999896	6.9618344047661	28.069529999999986	8.041463523344326	28.109515999999985	8.83529568771774	28.069616000000224	10.336539446258646	28.457714999999553	12.025632091444132	28.761325999999826	14.45865296500391	28.070478000000094	17.401181582347252	28.07472800000005	21.86997205466811	28.076264000000265	26.15982024651362	28.066855000000032	32.045057791192114
28.446942000000035	6.964600092674034	28.119821999999886	8.044790411511803	28.14950799999997	8.838536530506719	28.113127000000077	10.340220579930376	28.498423000000003	12.029415362819643	28.81150200000002	14.463980069792127	28.12006199999996	17.408052027130385	28.119726999999784	21.876687321046226	28.116187999999966	26.167208107357382	28.106516000000283	32.055258665677776
28.49881000000005	6.967728401045558	28.153848000000153	8.047041186011175	28.195874000000003	8.84229390490039	28.147840000000087	10.343157381960834	28.54142499999989	12.033411831221121	28.847031999999672	14.467752232442054	28.1546900000003	17.412850142690914	28.15534899999966	21.882003244042775	28.15718599999991	26.17479470987403	28.1411149999999	32.06415758543076
28.546479999999974	6.970601822418443	28.19035400000007	8.049455925482194	28.229503999999906	8.845019188531865	28.187957000000097	10.346551375192647	28.578060999999707	12.03681666393486	28.883336999999756	14.471606675588895	28.18868999999995	17.41756124148538	28.200348999999733	21.888718659652397	28.197185999999874	26.182196634374392	28.182704000000285	32.074854344690124
28.57048000000009	6.972047868518597	28.229954000000134	8.052075224858635	28.27548200000001	8.848745120461896	28.22761500000024	10.349906535937158	28.621058999999605	12.04081276058913	28.914334999999937	14.474897683126871	28.225687000000107	17.422687609782475	28.235347999999703	21.89394161145063	28.2365920000002	26.18948864029599	28.22170099999994	32.084884437282625
28.595105999999987	6.973531209341019	28.27551699999981	8.055088817037296	28.309224000000086	8.851479480268356	28.268440000000282	10.35336042764613	28.662058999999772	12.04462316951108	28.9543349999999	14.479144418449089	28.260393999999906	17.427496671719542	28.279966999999942	21.90060016987478	28.276590999999826	26.19689037974818	28.261393000000226	32.095093285019324
28.63537999999994	6.97595618404269	28.310122999999976	8.057377612683787	28.34977600000002	8.854765703932333	28.30804900000021	10.356711442874552	28.70379899999989	12.048502351667226	28.994496999999683	14.483408353049342	28.306006000000252	17.433816749314158	28.316021999999975	21.905980710092663	28.315591999999924	26.20410744118417	28.302157999999963	32.10557811012214
28.675377000000026	6.978363356276756	28.358852999999954	8.0606004251027	28.390773999999965	8.858088070221891	28.349297000000206	10.36020112138555	28.737797999999657	12.051662110031518	29.034495999999763	14.48765498220319	28.346004999999877	17.43935907992239	28.355959999999868	21.911940716061906	28.355774999999994	26.211543229489145	28.344794999999976	32.1165444167065
28.715077000000065	6.9807515527166695	28.398899999999912	8.063248868572105	28.429365999999845	8.861215460822528	28.38809900000024	10.363483862502305	28.78379599999971	12.055937017094724	29.07508800000005	14.49196456920821	28.387960999999905	17.445172575834825	28.39556999999968	21.917851774112915	28.400810000000092	26.219876871236018	28.386793000000125	32.12734637143905
28.7547790000001	6.983138778448968	28.442706999999928	8.066145862190854	28.470006000000012	8.8645088157668	28.42809400000033	10.36686753424512	28.817643999999746	12.059082742001792	29.11476999999968	14.496177542984581	28.42298800000026	17.45002597752533	28.43556899999976	21.923820883201124	28.43644099999983	26.226470320532783	28.426457000000028	32.13754801752956
28.795775999999933	6.985602732191871	28.47970599999985	8.068592547466025	28.51000299999987	8.867750063741791	28.467817000000196	10.370228194143587	28.86464199999955	12.063450585867947	29.153949999999895	14.500337220232721	28.466097999999874	17.455999373673258	28.47510999999986	21.929721644281575	28.476075000000037	26.233804517424012	28.466206000000057	32.14777152576002
28.835184000000027	6.987970101459675	28.519705999999815	8.071237592870592	28.549590999999964	8.870958167470407	28.508726999999908	10.373689277053884	28.898639000000003	12.066610158358696	29.194994999999835	14.504694901515231	28.500120000000152	17.460713520825852	28.515108000000055	21.93569060413834	28.516071999999895	26.241205886780023	28.506205000000136	32.15805933440202
28.87477100000001	6.990347159807518	28.55512500000009	8.073579636152004	28.59159099999988	8.874361733111508	28.547733000000335	10.376989277053921	28.938432999999804	12.070308485496227	29.23528299999998	14.508972213331788	28.55409099999997	17.4681918359152	28.554681999999957	21.941596289856875	28.56043099999988	26.249414436002816	28.540907999999945	32.16698500312625
28.920012000000042	6.993062422536509	28.59112200000004	8.075959824503716	28.63006099999984	8.877479237164174	28.588290000000143	10.380420495328016	28.978431	12.0740257717416	29.274267999999665	14.513111187745173	28.596775999999863	17.474106343328238	28.595534000000043	21.94769269337875	28.596450999999888	26.2560798690154	28.586600999999973	32.17873731794107
28.95604000000003	6.995223756982282	28.63011900000015	8.078538294482664	28.66982300000018	8.880701441378946	28.629077000000052	10.38387117214696	29.018098999999893	12.077712388841961	29.314264999999978	14.517357604562278	28.631812999999966	17.478961130635998	28.634532000000036	21.953512421777496	28.636445999999978	26.263480868275224	28.626572000000124	32.189017924937
28.994969999999967	6.997558207639035	28.669971000000032	8.081173207603639	28.709820000000036	8.88394268935378	28.66773000000012	10.387141307510756	29.062094999999772	12.081801236425596	29.354264000000057	14.521604233716126	28.665774000000056	17.48366682552308	28.675533000000087	21.959631060786606	28.676899999999932	26.270966804618666	28.6662409999999	32.199220857035705
29.03501600000004	6.999958527587012	28.70995999999991	8.083817089200481	28.749452999999903	8.887154439759701	28.707726999999977	10.390525148458291	29.098093999999946	12.085146868395874	29.39428799999996	14.52585351707953	28.700413000000026	17.488466465262583	28.720244000000093	21.96630334850486	28.716871000000083	26.278363362723802	28.701382000000194	32.20825918008104
29.075559999999996	7.002387616421237	28.750529000000142	8.086499226937555	28.790066999999908	8.890445687734507	28.74763699999994	10.393901628999743	29.17475099999956	12.092271124901416	29.434694000000036	14.530143356765283	28.741637999999966	17.49417867255092	28.756239999999707	21.971675084066657	28.756868999999824	26.2857649171279	28.74151699999993	32.21858196814682
29.11510700000008	7.004755930832215	28.789160999999922	8.089053219873703	28.83006699999987	8.893687178821102	28.79184400000031	10.397641645920249	29.197749999999814	12.094408578433038	29.47466499999973	14.534387013204363	28.780697000000146	17.499590755133735	28.79510399999981	21.97747481545005	28.797559999999976	26.29329470987404	28.782204999999976	32.22904698872296
29.155907999999954	7.007198270272978	28.8301570000001	8.091763410226447	28.874734999999873	8.897306951917477	28.827106000000185	10.400624894651203	29.218355999999858	12.096323634195127	29.535718999999972	14.54086901766346	28.820654999999988	17.5051274047111	28.835837000000083	21.983553460428453	28.836561000000074	26.30051177131003	28.82220499999994	32.23933505456658
29.201078999999936	7.00990093449564	28.869797999999946	8.094383937627592	28.910476000000017	8.900203305240597	28.871738000000278	10.404400867578453	29.263576999999714	12.1005263293624	29.570557000000008	14.544567711792354	28.860653000000184	17.510669596757683	28.874831000000086	21.989372591901365	28.87625900000012	26.30785781128043	28.86183600000004	32.24952821300282
29.24434199999996	7.012488203299395	28.90982000000008	8.097029567072518	28.95011599999998	8.90341562290734	28.90983099999994	10.40762362561565	29.29869699999972	12.103790269882847	29.62135199999966	14.549960534809623	28.90065400000003	17.516212204489406	28.91682899999978	21.99564001467404	28.916091999999935	26.31522883274598	28.9015730000001	32.25974863481353
29.278094999999894	7.01450590786852	28.950818000000027	8.099739627330202	28.989328999999998	8.90659333765672	28.948343000000023	10.410881832045437	29.34356099999968	12.10795978661147	29.656876999999895	14.553732166617696	28.94015300000001	17.521685254233066	28.95446899999979	22.001257086752837	28.95709100000022	26.3228156203108	28.941565000000082	32.27003464304398
29.314687999999933	7.016692560860866	28.991204000000153	8.102409147850098	29.029907000000094	8.90988166828941	28.987734000000273	10.414214403957471	29.37856499999998	12.111212946462798	29.694281000000046	14.557703288817521	28.980149999999867	17.527227307717872	28.995126999999684	22.007324539371833	28.997435000000223	26.33028120136187	28.982060000000274	32.280450023702464
29.354771000000028	7.019086785432205	29.03020300000003	8.104986908166651	29.06993599999987	8.91312550945689	29.028861000000234	10.417693845581834	29.417563999999857	12.114837388841972	29.729601000000002	14.561453156107039	29.020730000000185	17.532850142690897	29.034895999999662	22.013259325224688	29.03644200000008	26.337499373086494	29.021768000000066	32.290662986665374
29.394778000000088	7.021475457395937	29.069201999999905	8.107564591441015	29.11031899999989	8.916398037820485	29.06785600000012	10.420992914955766	29.45886399999972	12.118675678804784	29.76433700000007	14.565141021060862	29.059728000000177	17.538253773008204	29.074892999999975	22.019228135850014	29.07644100000016	26.344901112538768	29.07351400000016	32.303972143044
29.435077999999976	7.023880605927262	29.12345399999981	8.111150312571723	29.150211000000127	8.919630776880993	29.108614000000216	10.42444113830603	29.498861999999917	12.122392965050155	29.798003999999764	14.56871539201316	29.100727000000006	17.543934665345716	29.11689299999989	22.025495857085637	29.11620099999982	26.35225862549207	29.105351000000155	32.312160671850584
29.474656000000095	7.026241676474077	29.16050999999993	8.11359940104201	29.18990500000018	8.92284747056059	29.147589000000153	10.427738515632589	29.53785899999957	12.126017221555701	29.83408499999996	14.57254605344221	29.146598000000267	17.550290630428197	29.155483000000004	22.03125469904954	29.15619800000013	26.359659994848162	29.14618900000005	32.3226642726736
29.514621999999918	7.02862490545872	29.200841000000082	8.116264863197184	29.23011499999984	8.926105979475151	29.187582999999904	10.431122102773006	29.578453999999965	12.129789991072467	29.87424400000009	14.576809669537349	29.181470999999874	17.55512269361229	29.195480999999745	22.03722365890624	29.19619899999998	26.367062104396616	29.18203399999993	32.33188366567769
29.554626999999982	7.031009471240832	29.237072000000126	8.118659290794529	29.27011399999992	8.92934738952425	29.23292399999991	10.434958058779776	29.618450999999823	12.133507184381005	29.914177999999993	14.581049397746279	29.220478000000185	17.5605275709852	29.2354849999997	22.043193514151717	29.24521300000015	26.376132052583177	29.220976999999948	32.34189986938139
29.60024300000009	7.033727290129764	29.272068999999874	8.120972106505258	29.309763000000203	8.932560436526341	29.26691800000026	10.437834031707048	29.65845199999967	12.137224749436752	29.954183999999714	14.585296770078768	29.26062899999988	17.566090962976293	29.279127999999673	22.04970642267283	29.28121999999985	26.382795079970244	29.26199600000018	32.352450023702445
29.64086199999997	7.036146315961299	29.309593000000177	8.12345185751279	29.34936000000016	8.935769269589978	29.312225000000126	10.441667111233263	29.69855299999972	12.140951608172818	29.994185000000016	14.589543611569404	29.300184000000172	17.57157177217683	29.326126999999815	22.05672015196699	29.315856000000167	26.389204406395173	29.306638999999905	32.36393227678879
29.68485499999997	7.038765147178151	29.350599000000102	8.126161639113718	29.390357000000222	8.939091554841628	29.34886200000028	10.444766688221433	29.737552999999934	12.144576143488823	30.033985999999913	14.593769219383386	29.344140000000152	17.577662391547758	29.360357999999906	22.061828494005503	29.360275999999885	26.39742424355278	29.346293999999943	32.37413160806452
29.729550000000017	7.041424571315808	29.390760999999884	8.128815571673284	29.430018000000018	8.942305574290959	29.38785800000005	10.448065842197725	29.777548999999908	12.148293243860568	30.073984999999993	14.598015848537234	29.38115000000016	17.582790561147316	29.394500999999764	22.06692370367568	29.397284000000127	26.404272504100568	29.386295000000246	32.38441993110987
29.777333	7.044266411692309	29.429984000000104	8.131407383307886	29.469614000000092	8.945514326317284	29.43221500000027	10.451818549473547	29.818349999999555	12.152085158358679	30.114540999999917	14.602321613480425	29.42114500000025	17.5883323375087	29.435497999999825	22.07304174575896	29.435907000000043	26.411419617349996	29.4219250000001	32.393584025760035
29.810991000000058	7.046267366644581	29.46991600000024	8.134045973442369	29.509610000000066	8.948755493254449	29.46760200000017	10.454812373500612	29.858346999999867	12.155802351667258	30.154803999999785	14.606596271087376	29.460966999999982	17.59385014269087	29.474543999999696	22.07886863726767	29.47646900000018	26.41892553888962	29.461659000000054	32.40380367596578
29.84384	7.048219579310343	29.509905000000117	8.136688258569137	29.549973000000136	8.952026400872326	29.507681000000048	10.458203151842394	29.898547999999664	12.159538504083597	30.19480999999996	14.610843643419916	29.499964999999975	17.599253773008176	29.51454399999966	22.08483789558732	29.516469000000143	26.426327463389985	29.549485999999888	32.426392924936934
29.877848000000085	7.050240000484263	29.55104899999992	8.139406786941933	29.58997700000009	8.955268216107681	29.547332000000097	10.461557720370317	29.93754799999988	12.163163039399603	30.234809999999925	14.615090378742133	29.539962000000287	17.604795826493046	29.555374999999913	22.090931165248602	29.555719999999837	26.43359078685403	29.55699800000002	32.4283250237024
29.914479999999912	7.052415554292092	29.590049000000135	8.141983585469339	29.629621000000043	8.958480857923247	29.587369000000308	10.464944945412636	29.97854499999994	12.166973169511133	30.274532999999792	14.619307705422234	29.58071400000017	17.61044249408344	29.594818000000032	22.096817301646173	29.596718000000237	26.441177389370758	29.58699800000022	32.43604107308517
29.954561000000012	7.054795044320164	29.62965999999983	8.144600686620581	29.669780000000173	8.961735233936551	29.628739000000223	10.46844494541263	30.031134999999722	12.171860715979514	30.314532999999756	14.62355444074445	29.61971500000027	17.615846540085947	29.636807999999746	22.103083530567186	29.63571600000023	26.44839389566239	29.62172499999997	32.444972914648886
29.994550000000118	7.0571681426253585	29.67003099999988	8.147267932097535	29.709788000000117	8.964977373320977	29.667683000000125	10.471739700065752	30.070129999999608	12.175484786611475	30.354530000000068	14.627800857561557	29.65973699999995	17.621392057613964	29.67580599999974	22.10890325896593	29.676942000000054	26.456022689148668	29.661713999999847	32.45525815127437
30.03523999999993	7.059581892876463	29.71387299999992	8.150164422945185	29.75055199999997	8.968280776886914	29.707826000000296	10.475135892959168	30.108126999999968	12.179016106314112	30.394107000000076	14.632002683657745	29.700662000000193	17.627062696383568	29.717388999999912	22.11510875068361	29.719940999999835	26.46397957293841	29.700722999999925	32.46529133028674
30.074914000000035	7.061934457970977	29.750249999999824	8.152567665944614	29.79043300000012	8.971512624537135	29.747158000000127	10.478463473331404	30.13985399999956	12.181964712262028	30.434103999999934	14.636249100474803	29.739636000000246	17.63246300121938	29.755251999999928	22.12075910137754	29.76690899999994	26.472670912686766	29.74137900000005	32.47574812041023
30.114730999999892	7.0642945988598385	29.800211999999874	8.155868311809476	29.83543499999996	8.975159464083628	29.78666800000019	10.481806112925318	30.17785399999957	12.18549631077504	30.473688999999922	14.640451775918056	29.77966000000015	17.638008795870885	29.79567599999973	22.126791633835353	29.81190800000013	26.480997892701602	29.78415700000005	32.48675069242669
30.154381000000058	7.066643946240764	29.844907999999805	8.15882098319143	29.872441999999864	8.978158410599267	29.826407000000017	10.485168126461682	30.218418999999813	12.189266292187703	30.51368999999977	14.644698617408643	29.826454999999896	17.64449279199112	29.83514100000002	22.132681053325026	29.858740000000125	26.489664065906638	29.826156999999967	32.49755316156247
30.196801999999934	7.069156498448505	29.889503000000104	8.161766902456069	29.90937299999996	8.981151198281852	29.871450000000095	10.488978870962534	30.25811399999975	12.19295541858175	30.554689000000053	14.649051414945566	29.876420000000053	17.651416028793136	29.875095999999758	22.13864359622903	29.893131000000267	26.496028055543967	29.861095000000205	32.50653927267364
30.247495999999956	7.072157727667622	29.925190000000157	8.164124307686398	29.95037400000001	8.984473807682438	29.90744399999994	10.492024048627496	30.29788699999972	12.196651794046431	30.594736999999895	14.653303246350157	29.912104999999883	17.656360604101415	29.920310999999856	22.145391096602122	29.9301660000001	26.502881312390716	29.904763999999886	32.517771011356686
30.29213699999991	7.074799415819387	29.970989000000145	8.167149616387512	29.98977700000023	8.987666919514139	29.94710699999996	10.495379632383843	30.343014999999923	12.20084584609106	30.63410900000008	14.65748330792784	29.945682999999917	17.661013229846187	29.95530800000006	22.150613749937477	29.965130000000045	26.50935133459648	29.94676299999992	32.52857322329085
30.337150000000065	7.077462000132618	30.00902000000019	8.169661738607182	30.029781000000185	8.990908734749377	29.98688200000015	10.498744691605516	30.38901399999986	12.205120846091054	30.679110000000037	14.662260991333717	29.980704999999944	17.665865938727997	29.999311000000034	22.157180381783466	30.012195000000247	26.518060624011767	29.98691800000006	32.53890115538965
30.37187599999993	7.079515331230509	30.05598500000019	8.172763916155512	30.069437000000107	8.994122349012155	30.027149999999892	10.502151459795005	30.42912699999988	12.208848820068752	30.713784000000032	14.665942273847785	30.020374000000174	17.671362543965664	30.03478499999983	22.16247421852422	30.048777999999857	26.52483023911162	30.030616999999893	32.55014061012212
30.417590999999902	7.082217430131648	30.09121200000004	8.175090709201514	30.109429999999975	8.997363272837323	30.071921000000202	10.505939192451546	30.46137499999986	12.211845846091055	30.75978299999997	14.67082591329995	30.060371999999916	17.676904736012183	30.080783999999767	22.169338716360354	30.087039999999888	26.531910549992453	30.06190400000014	32.558187678023415
30.452620000000024	7.0842871366202615	30.12818399999992	8.177532712018337	30.14942800000017	9.000604601848895	30.107512000000042	10.508950275361853	30.497372999999698	12.215191385124497	30.794492999999875	14.674511017875798	30.10037000000011	17.68244692805877	30.123815999999806	22.175760444460643	30.128575000000183	26.53959652334558	30.101431000000048	32.568354087488416
30.501213000000007	7.087157179839769	30.18977000000018	8.181600358885618	30.19328200000018	9.004158410601143	30.147511000000122	10.512334285514145	30.538368999999875	12.219001422299236	30.843160999999782	14.679678020742333	30.14064099999996	17.688026947457388	30.15835100000004	22.18091415286241	30.16700200000014	26.546707367164966	30.140913000000182	32.578508922879394
30.535752000000002	7.089196380754274	30.214772999999923	8.18325172348776	30.229865000000245	9.007122997311214	30.20425800000021	10.51713521614021	30.58334799999966	12.223181626760184	30.877160999999887	14.683287745766233	30.179642000000058	17.6934309934599	30.194348999999875	22.18628618688716	30.206516000000192	26.554019358282666	30.18399700000009	32.58959019859954
30.57156299999997	7.091310007312943	30.228768000000173	8.184176036604118	30.270386000000144	9.01040670881869	30.243253000000095	10.520434285514142	30.641619999999875	12.228597240143102	30.914786999999706	14.68728243734706	30.220640000000003	17.699111747235698	30.235349999999926	22.19240482589627	30.24724100000003	26.561555442664577	30.22108500000013	32.59912929324975
30.607557999999926	7.093433805930928	30.269774000000098	8.186884276490385	30.30900100000008	9.01353596327591	30.279011000000082	10.523459497020063	30.677366999999776	12.231919452039005	30.953788999999688	14.69142321662299	30.260217999999895	17.704595743355952	30.2793529999999	22.19897145774226	30.285067000000254	26.568555072568394	30.26105200000029	32.60940887143909
30.644142999999985	7.095591712937175	30.318078000000014	8.190074435877856	30.349729000000025	9.016836449499747	30.318320000000313	10.52678513153785	30.71212199999991	12.235149470626379	30.994362999999794	14.695730892597096	30.300571000000218	17.71018712481644	30.32534799999985	22.205835358652564	30.319691000000148	26.574962178415895	30.30064799999991	32.6195930278176
30.67616799999996	7.09748007674898	30.36814500000014	8.19338094337275	30.389418000000205	9.020052737992636	30.358310999999958	10.530168464871153	30.747635999999602	12.238450028247168	31.03387900000007	14.699926242421947	30.3395330000003	17.715585766911502	30.359345999999732	22.210908929761334	30.356345000000147	26.58174493193181	30.34055699999999	32.629857688311446
30.714793999999983	7.099756955061371	30.408533999999918	8.196048236510922	30.429433000000245	9.02329544463786	30.40515600000026	10.534131662840721	30.78237599999966	12.24167865278249	31.073879000000034	14.704172977744165	30.380317000000105	17.721236868477224	30.394346999999925	22.21613218002252	30.396115999999893	26.589104480414363	30.413140999999996	32.64852641259128
30.754478000000063	7.102095388550646	30.44525200000021	8.19847304807436	30.469434000000092	9.026537016761182	30.4429540000001	10.537329463179116	30.81737699999985	12.244931533823399	31.114088999999694	14.708442008426792	30.420313999999962	17.726778921962033	30.450822999999673	22.224560175844	30.436811000000034	26.596635013352955	30.43797100000029	32.65491272946379
30.800359999999955	7.104798029633097	30.484113000000207	8.201039331053511	30.510028000000148	9.029826643989866	30.483926000000338	10.540795791436329	30.85730199999989	12.248642035682138	31.15476499999977	14.712760513575965	30.459902000000056	17.73226430369961	30.485834000000068	22.229784918419796	30.476544000000104	26.6039875300073	30.4615560000002	32.66097883028681
30.83414199999993	7.1067872363819475	30.521689999999808	8.203520773839202	30.550509000000147	9.03310711400622	30.519594000000325	10.543813388729053	30.89806899999985	12.252430790328976	31.193483000000015	14.716871141031136	30.499529000000166	17.73775508934463	30.53606899999977	22.237281560711946	30.51554299999998	26.611204221347023	30.500939000000017	32.67110820271475
30.879873999999973	7.1094791704467974	30.60569499999997	8.209067977647614	30.589508999999907	9.03626756781509	30.555425000000014	10.546844776207875	30.938065999999708	12.256147983637511	31.239645999999993	14.721772192098125	30.53952900000013	17.74329755851464	30.578156000000035	22.243562265084467	30.555135000000064	26.618530646217508	30.545122999999876	32.68247240024557
30.914804000000004	7.111534545416484	30.630316999999877	8.21069382850484	30.62931400000025	9.03949325663211	30.593417000000045	10.550058989405848	30.978064999999788	12.259865362819676	31.278159999999843	14.72586116120311	30.585399999999936	17.749653523597058	30.616535999999996	22.249289768442168	30.596160999999938	26.62612243008129	30.580970999999863	32.69169256485462
30.95456800000011	7.113873613016402	30.64500800000019	8.211663901877092	30.66997100000026	9.042787989209229	30.628465000000233	10.55302413322989	31.0178149999997	12.263559600737883	31.31816200000003	14.730108108862117	30.625398000000132	17.75519571564364	30.700816999999915	22.261867144953126	30.635772000000088	26.633452370865918	30.637349000000086	32.70619307925797
30.994566000000077	7.116225641012139	30.684573000000228	8.214276416362026	30.709624000000076	9.04600136036007	30.66728400000011	10.556308312586902	31.06281299999955	12.267741570998092	31.353837999999996	14.733895772096002	30.660393999999997	17.760044821920467	30.726820999999745	22.265747759786706	30.69656699999996	26.644702370865893	30.669236000000183	32.714394468146885
31.034282000000076	7.118560292655113	30.721570999999813	8.216719384639951	30.74929599999996	9.049216271219175	30.708008000000063	10.55975365945661	31.422374999999647	12.301158113749032	31.398838999999953	14.73867345550188	30.69999000000007	17.76553131215188	30.742813999999726	22.26813441849436	30.735567000000174	26.651919247253794	30.703947999999855	32.723322451685895
31.077931000000035	7.121125233422591	30.76005199999986	8.219260229623316	30.79502300000013	9.052921862791447	30.747448000000077	10.5630903768847	31.43134599999985	12.30199184980853	31.4338359999997	14.742389030403647	30.739860000000135	17.7710557682971	30.782166999999845	22.27400712406071	30.77047100000027	26.658378166572838	30.741058000000066	32.73286720477237
31.119529000000057	7.123568772837725	30.799082000000226	8.221837277513199	30.830021000000215	9.05575800541716	30.791274000000158	10.566798160302643	31.890633999999864	12.344676608172843	31.47753399999965	14.747028376406403	30.779859000000215	17.776598098905396	30.81980999999996	22.279624643833895	30.809467999999924	26.665594487816296	30.780727000000297	32.7430701368712
31.1545779999999	7.1256269506149	30.83205699999985	8.224014493408205	30.869478999999956	9.058955574298931	30.82729300000028	10.569845453026849	31.905632999999852	12.34607056728065	31.52753699999994	14.752337114064359	30.820490999999947	17.78222813908826	30.85681199999999	22.285146506242494	30.8454670000001	26.67225603481855	30.82091700000001	32.7534070710275
31.194252000000006	7.127955995211186	30.86943700000006	8.226482515156638	30.909461000000192	9.062195606713967	30.87757300000021	10.574099260133442	31.930635999999595	12.348394266165386	31.573239999999714	14.757189327675121	30.86048800000026	17.78777019257313	30.89447599999994	22.290767159876275	30.88476700000001	26.679528425640147	30.861515999999938	32.76384920065711
31.233928000000105	7.130284389902158	30.909434999999803	8.229123344491855	30.949063999999908	9.065404926000916	30.91057099999989	10.576890969101266	31.94263299999966	12.34950922899067	31.60792999999967	14.760872308883313	30.90020000000004	17.79327275596509	30.9322259999999	22.296400647415442	30.920763999999963	26.686189602546133	30.90053399999988	32.77388469448426
31.27392800000007	7.132631026203589	30.950696000000107	8.231847512512019	30.99473900000021	9.069106303634765	30.946807000000263	10.579956620539537	31.966635999999653	12.351739991072453	31.64292999999998	14.76458820229029	30.940098000000035	17.798801091838722	30.970236999999997	22.302073084365166	30.960769000000255	26.69359245228712	30.941205999999966	32.784345599834076
31.31452300000001	7.13501178027252	30.9988850000002	8.235029023626497	31.02989699999989	9.071955412224773	30.98705800000016	10.583361950488769	31.979627999999593	12.352947426016685	31.677925999999843	14.768303671023686	31.003936000000067	17.80764659551061	31.007874999999785	22.30768985798101	30.996321999999964	26.700171467831105	30.986492	32.79599323357894
31.354139999999916	7.137334416610984	31.034883000000036	8.237405622547243	31.06972900000028	9.075183289048233	31.051053000000138	10.588776079084367	32.00227099999984	12.355051794046448	31.71372599999995	14.772104499137086	31.063940999999886	17.815960992074256	31.04567199999974	22.313330359398705	31.040324000000055	26.708313954877756	31.021544000000176	32.80500866567775
31.394303000000036	7.1396882999763305	31.069552000000158	8.239694445455815	31.109324000000015	9.078391960036953	31.08819500000027	10.591918380268812	32.01526899999999	12.356259786611517	31.75372299999981	14.776350915954142	31.072940000000017	17.817207909075798	31.08467100000007	22.319150237028957	31.080832999999984	26.71581006886738	31.066130000000157	32.816476258270335
31.434301000000005	7.142031753327476	31.11304899999982	8.242566038607501	31.15032199999996	9.081714326325528	31.125217000000248	10.595050529168978	32.038266999999905	12.358397147206306	31.793941999999788	14.78062090215225	31.099939000000177	17.820948937203852	31.119488999999703	22.324346177933243	31.115963000000193	26.72231080905987	31.100370999999996	32.82528309983408
31.474964	7.144413395853908	31.149044000000004	8.244942323277762	31.189980000000105	9.084928102662737	31.16121000000021	10.59809562223158	32.0572659999998	12.360162853525999	31.833934999999656	14.784866894295776	31.144830000000184	17.827169111791633	31.1542629999999	22.329535552653464	31.160963000000265	26.7306379741228	31.140320999999858	32.83555830559536
31.519677	7.147031353928624	31.19748199999981	8.248140001906856	31.230195999999978	9.088187097800569	31.19857600000023	10.601256874346642	32.0969869999999	12.363854396276936	31.877932999999757	14.789538090813464	31.179595999999947	17.831986348870718	31.19926600000008	22.336251415957477	31.19563700000026	26.737054332375944	31.190665999999965	32.84850712246782
31.5546710000001	7.149079612433865	31.232509000000164	8.250452301222783	31.26986500000021	9.091401765547827	31.262480000000323	10.606663304126684	32.14696099999992	12.36849882006876	31.913596999999754	14.793324480026754	31.219594000000143	17.8375285409173	31.234343999999965	22.34148615704088	31.23621000000003	26.744562289444737	31.232708999999886	32.85932065127438
31.59954599999992	7.151705392987267	31.281748000000107	8.253702746449774	31.309499999999844	9.09461367802761	31.28723200000013	10.608757381960846	32.19395799999984	12.37286657099812	31.95859799999971	14.798102163432633	31.25988899999993	17.843111885797416	31.274473999999827	22.347474815450052	31.275508000000173	26.751834310170153	31.26637800000026	32.8679803734967
31.63417400000003	7.153730954716338	31.313859000000093	8.255822475327456	31.35035300000027	9.097924293911024	31.31202200000007	10.610854674685037	32.23173399999996	12.376377351667276	31.993595999999798	14.80181784450282	31.317925000000287	17.85115345431624	31.31418399999984	22.35340079664689	31.3162769999999	26.759378536668994	31.300890999999865	32.87685717390812
31.674146000000064	7.156068430494422	31.350855999999794	8.25826470776862	31.398985000000266	9.101865298773342	31.347013999999945	10.613815080776398	32.26673099999971	12.379629860960934	32.03834999999981	14.806569304318089	31.354730000000018	17.856253218761264	31.359889999999723	22.360221569665825	31.356275000000096	26.766780091073173	31.340893999999935	32.8871460113567
31.724355999999943	7.1590035716129234	31.39032800000018	8.26087027958503	31.43961100000024	9.105157519194801	31.386721000000307	10.617174387037004	32.30146099999956	12.382857556128206	32.07434599999988	14.810390941434562	31.389729999999872	17.861102879285006	31.394888999999694	22.36544452146406	31.39636100000007	26.774197929711214	31.382520999999997	32.89785254427853
31.769352000000026	7.161632947455871	31.4299410000001	8.263485118435876	31.469610999999986	9.10758863750925	31.4281390000001	10.620678447950691	32.337073999999575	12.386167314492521	32.12315999999964	14.815573444885011	31.424528999999893	17.865924688901195	31.434590999999728	22.371369308809236	31.436658999999963	26.781654998549094	31.421523999999863	32.90788418008096
31.803959000000077	7.163654614832545	31.469851999999946	8.26611958761719	31.509329999999864	9.110807357120322	31.46781600000031	10.624035216140218	32.37806999999975	12.389977351667259	32.15716500000008	14.819183700750859	31.4603460000003	17.87088755435781	31.474754999999732	22.377363041088003	31.476357000000007	26.789001038519494	31.46152400000028	32.91817224592469
31.83985800000005	7.165751192218894	31.509771000000228	8.268754544628301	31.561137000000144	9.115005655337601	31.50751799999989	10.627394099388914	32.42261299999973	12.394117035682125	32.193917000000056	14.823085601164914	31.50011399999994	17.876397877206593	31.514764000000014	22.38333364249082	31.515359999999873	26.796218470051667	31.501260999999886	32.92839266773529
31.873857999999927	7.16773633527235	31.554769999999962	8.271724772518452	31.615095999999994	9.119378345775267	31.547622000000047	10.630786992789943	32.461665999999695	12.397746496648665	32.23784399999977	14.827749259727364	31.546154000000115	17.882777259221303	31.554583000000093	22.38927588991659	31.555479000000105	26.80364241527747	31.541262000000188	32.93868099078063
31.94582700000001	7.171936672250139	31.58976800000005	8.274034834552692	31.64989199999991	9.12219811887093	31.586608999999953	10.634085385344926	32.49743499999977	12.401070753154247	32.273839999999836	14.831570896843838	31.592895000000226	17.88925377300821	31.594900000000052	22.39529245460842	31.60048000000006	26.81196976538849	31.58225900000025	32.949225486665426
31.96833700000002	7.173249959431377	31.64180599999986	8.277469575881996	31.685891999999967	9.12511546084829	31.628605000000334	10.637638346427869	32.537272999999914	12.404773169511138	32.31383800000003	14.835817419829313	31.631726999999955	17.894634402078424	31.634884000000056	22.401259325224746	31.635224000000107	26.81839907700952	31.6208630000001	32.95915449901106
31.99433799999997	7.174766644403042	31.692221000000018	8.280797129825697	31.720626000000266	9.1279302096328	31.666813000000275	10.640870833737509	32.577745999999934	12.408534600737907	32.35353600000008	14.840032092299857	31.659947000000102	17.89854461407789	31.67553399999997	22.407325583992083	31.675798000000214	26.82590721912649	31.669890000000123	32.97176432411395
32.033922000000075	7.177075085457746	31.727887000000237	8.283151165372228	31.766001999999844	9.131607357120664	31.706807000000026	10.644254420877928	32.61723499999971	12.412204582150526	32.393728999999894	14.844299318119988	31.70015000000012	17.904115211278945	31.71619499999997	22.413393484305466	31.71579500000007	26.833308588482495	31.7038620000003	32.98050197843499
32.074202000000014	7.179423419293499	31.77569900000003	8.286306817241401	31.805996999999934	9.134848443020232	31.74607300000025	10.647576417493852	32.66288899999972	12.416447518953502	32.433700000000044	14.848542974559116	31.739852000000155	17.90961638905365	31.75519200000008	22.419213063472775	31.75612799999999	26.840772134004318	31.740862000000106	32.99001843934028
32.11398299999996	7.181741975894698	31.820695999999998	8.289276627246785	31.845667999999932	9.138063272841993	31.787070000000313	10.65104486081027	32.697881999999936	12.41969965649999	32.474539999999706	14.852878891323067	31.785225000000082	17.915903350394917	31.79459199999974	22.42509278291758	31.795516000000134	26.84806080905986	31.781813000000056	33.00055110394932
32.15386600000011	7.184065797456571	31.847992000000204	8.29107814552137	31.883417999999892	9.141122430054349	31.831472000000304	10.654801375192672	32.742883999999776	12.423881998507412	32.51453999999967	14.857125626645285	31.81922200000008	17.92061403350424	31.834587999999712	22.4310614443114	31.835515000000214	26.85546254851213	31.820520000000215	33.01050660806459
32.193457999999964	7.186371994052681	31.869003999999904	8.292464912363556	31.925388000000112	9.144523564576293	31.867662999999993	10.657863219524288	32.77786799999967	12.427133299622643	32.55854199999976	14.861797247836504	31.866221000000223	17.9271262962173	31.874385000000075	22.437000408645133	31.876100999999835	26.86297291120636	31.873495000000275	33.024131865266256
32.234785999999986	7.188778603414425	31.91800100000023	8.295698617150375	31.966291000000183	9.147838232323501	31.90700300000026	10.66119147671551	32.822877999999946	12.431316385124527	32.59417099999973	14.865579921156387	31.899967000000288	17.93180220033259	31.92443299999968	22.444469144654626	31.91586099999995	26.87033042415975	31.916494000000057	33.03519127884644
32.28649999999993	7.19178899793153	31.9506829999998	8.297855534599643	32.006350999999995	9.151084585646053	31.94641300000012	10.66452565607252	32.85787399999981	12.434568801481392	32.638062999999875	14.870239863825475	31.939965999999913	17.937344530940827	31.96254399999998	22.45015650475018	31.956861000000117	26.87791739677266	31.95212300000003	33.044355116294994
32.31929100000002	7.193697260565182	31.994444000000158	8.300743597210166	32.045204999999896	9.154233208012371	31.991078000000016	10.668304420877927	32.90294499999982	12.438757556128232	32.67406099999971	14.87406171327869	31.979965999999877	17.942887000110836	31.999213000000054	22.455628673083275	31.99621900000011	26.8852005203848	31.987091999999848	33.05334920065709
32.35427000000004	7.195732360509411	32.029440999999906	8.303053238551763	32.0910429999999	9.157947794722299	32.02707200000032	10.671349598542927	32.93794399999979	12.442010251295516	32.714384999999766	14.878342847157027	32.01953000000003	17.94836905636692	32.033914000000095	22.46080715390704	32.03638499999988	26.892633162871803	32.02101500000026	33.062074252097524
32.39424000000008	7.198057220436782	32.07385399999998	8.305984254739867	32.138044000000264	9.161756627785579	32.066769999999906	10.674708143382148	32.97752999999966	12.44568924757803	32.75338299999976	14.882483201759426	32.06052799999998	17.95404981014272	32.07432299999982	22.46683744789297	32.07619599999998	26.900000113278928	32.06161299999985	33.0725161245254
32.43423800000005	7.200383051117786	32.112855999999965	8.308558139793528	32.17170699999997	9.1644845856462	32.10651400000006	10.678070579930385	33.01752499999975	12.449406255012985	32.798225999999886	14.887244110560799	32.099529000000075	17.959453856145227	32.119642999999996	22.473600617569165	32.1159889999999	26.90736373281999	32.10125700000026	33.08271262658312
32.474238000000014	7.20270834365877	32.15084899999988	8.3110654064864	32.210511000000224	9.167629156148681	32.14674700000023	10.681474387036998	33.05752299999995	12.453123541258355	32.83413799999971	14.89105682953307	32.140096000000085	17.965074889815728	32.154639999999745	22.47882327090445	32.15598799999998	26.914765472272265	32.14025900000024	33.09274400518394
32.514523000000054	7.205049546184865	32.19420700000023	8.313926688213035	32.26186899999993	9.171791068628439	32.186373	10.684826840505675	33.09723699999995	12.456814433451665	32.87413699999979	14.895303458686916	32.179863000000296	17.970585074102857	32.19464100000005	22.484792678455605	32.19644100000005	26.922251223567613	32.18187500000022	33.103447708887636
32.55451999999991	7.207373362001709	32.229208999999855	8.316236512484682	32.28650400000015	9.173787421951003	32.22836499999994	10.688379463179103	33.137235999999575	12.460531812633786	32.91379000000006	14.899513353580247	32.220024000000194	17.976149851711266	32.23410299999978	22.49068165025082	32.236443000000236	26.929653518164244	32.22087499999998	33.113478573085104
32.5945200000001	7.209696708728308	32.26920600000017	8.31887593235651	32.309553999999935	9.175655331189253	32.26736200000005	10.691678701757795	33.177230999999665	12.46424882006874	32.95378899999969	14.903759982734044	32.260021999999935	17.98169204375779	32.27410299999974	22.49665090857047	32.27672100000018	26.93710688603988	32.26063699999986	33.12370542493693
32.634514999999965	7.21201912537258	32.31337000000008	8.321790297069409	32.34857899999997	9.178817810929964	32.30681700000014	10.695016688221422	33.22298499999988	12.46850105055203	32.993786	14.908006399551148	32.30702400000018	17.98820472215605	32.31469500000003	22.502708511913298	32.31523500000003	26.944233829045032	32.30028100000027	33.133901926994646
32.67351200000007	7.214282978041028	32.35036500000001	8.324231552513304	32.38921100000016	9.182110517575063	32.346813999999995	10.698400529168957	33.26272199999994	12.472194080291812	33.033642999999756	14.912237952794566	32.34202800000003	17.993054936926708	32.3553280000001	22.50877223374587	32.35498800000005	26.951590046661618	32.3453199999999	33.14548603193282
32.71953800000006	7.216954104565234	32.39022	8.326861505833616	32.42892900000015	9.185329156148834	32.386809000000085	10.701784200911774	33.29758299999958	12.475433950180255	33.07364299999972	14.916484688116785	32.37962100000004	17.99826388801442	32.394326999999976	22.514592111376054	32.40050800000017	26.96001343674306	32.38086800000019	33.15462903604812
32.755509000000075	7.219041107858693	32.42987100000005	8.32947796697955	32.46962900000017	9.188627373328764	32.431305000000066	10.705548667916847	33.340430999999626	12.479416106314089	33.113638999999694	14.920730998765471	32.420020999999906	18.003861781876118	32.43494499999997	22.520653594736746	32.43618599999991	26.96661558330112	32.420856000000185	33.16491401547199
32.79953599999999	7.221594824567638	32.50210899999979	8.334244677845478	32.509324000000106	9.191844148045151	32.466937000000144	10.708563219524299	33.37715599999956	12.4828292104033	33.15325799999982	14.924937283933762	32.459483999999975	18.009329843397534	32.47466799999984	22.526581515942517	32.47574200000008	26.973935346439568	32.47546599999987	33.17895979736491
32.84613800000011	7.2242970799115875	32.52807000000007	8.3359577214093	32.54932000000008	9.195085314981965	32.507938000000195	10.712032001250192	33.416989999999714	12.48653125501298	33.198351	14.929724734830902	32.49996400000009	18.014938822197607	32.514668999999685	22.532550923493606	32.51529500000015	26.981254554433658	32.510481000000254	33.187965713002875
32.88413700000001	7.2264998627035	32.5488499999999	8.337328886222664	32.58932400000003	9.198327130216992	32.54665700000032	10.715307720370339	33.4576119999997	12.49030653382339	33.23323399999981	14.933428206537009	32.5458349999999	18.021294787280024	32.555393000000095	22.538628225388905	32.55598000000009	26.988783236891088	32.540476000000126	33.195680476377326
32.91413899999998	7.228238671782923	32.58984699999996	8.34003404292777	32.62996199999998	9.201620323085729	32.59065600000031	10.719030139998086	33.49748499999987	12.494012202968385	33.27323200000001	14.937674729522485	32.57984800000031	18.026007687377074	32.59516200000007	22.544563011241763	32.59673000000021	26.996323947475858	32.581474999999955	33.206225486665346
32.95999400000005	7.230895600074939	32.62963599999989	8.342659461156785	32.66855600000008	9.204747875759988	32.62736700000005	10.722135977561516	33.53712399999995	12.497696124901479	33.314230999999836	14.94202752705936	32.619842999999946	18.031549463738394	32.63516699999991	22.55053301571868	32.63610400000016	27.00361003185779	32.62113799999997	33.21642687555424
32.999990000000025	7.233212394358302	32.669635999999855	8.345298772962117	32.70922100000007	9.20804325663521	32.671362000000045	10.72585805877979	33.577122999999574	12.501413504083601	33.354025999999976	14.94625249786307	32.660063000000264	18.037122416488884	32.67653900000005	22.55670701959872	32.67510100000027	27.010826353101333	32.661135000000286	33.226714169793006
33.03424599999994	7.235196215084242	32.709200999999894	8.347909354022843	32.74894399999994	9.211262300395349	32.70635900000025	10.728818887883023	33.617117999999664	12.505130511518553	33.39402399999972	14.950499020848497	32.70006199999989	18.04266474709712	32.71553700000004	22.562526747997467	32.71611299999995	27.018415546291504	32.70044800000005	33.2368255381057
33.074243000000024	7.2375119486441735	32.75142699999992	8.350695482789309	32.79400399999986	9.21491384010363	32.746724000000086	10.732233862502298	33.657898999999816	12.508920567280649	33.43391399999973	14.954734077648583	32.73992500000031	18.048188233310285	32.754849999999806	22.568393484305442	32.75641899999982	27.02587409551428	32.74144800000022	33.24737080559545
33.11465399999997	7.239851044820937	32.789423999999826	8.353202549685072	32.82870300000013	9.217725752583409	32.786719000000176	10.735617534245115	33.69689799999969	12.512545009659819	33.474003999999695	14.958990368125274	32.779801000000134	18.053713520825852	32.795342999999775	22.574436313733884	32.80044700000008	27.034021393811884	32.78144999999995	33.2576593858423
33.154495	7.242156553958196	32.829700999999886	8.355860025157575	32.86926900000026	9.221013110768201	32.82871400000022	10.73917041072566	33.74789499999997	12.517284507801108	33.51388399999996	14.963224363241558	32.819802999999865	18.059256267119288	32.83385599999974	22.5801836648755	32.83541800000012	27.040492711354453	32.8210210000002	33.26783711217981
33.193809999999985	7.244431049829288	32.876483000000235	8.358946665502238	32.909262000000126	9.224254034593168	32.90247100000033	10.745410427646142	33.78601499999968	12.52082725873045	33.55388499999981	14.967471204732146	32.86580300000014	18.06563010666484	32.8748929999997	22.586307676217082	32.90485399999989	27.0533417120946	32.86102200000005	33.27812543522504
33.233834000000115	7.246745980309843	32.911132999999836	8.36123282194807	32.949932999999874	9.22754990169203	32.92947400000003	10.747694945412615	33.81913999999961	12.523905790328957	33.593976999999995	14.971727707545629	32.909957000000304	18.071748161258185	32.91547899999978	22.59236438417113	32.93786799999998	27.059450890481	32.900020999999924	33.28815604222089
33.274362999999994	7.249089522984491	32.948774000000185	8.36371629744141	32.98893300000009	9.230710355500815	32.97628900000018	10.751655605311104	33.857136999999966	12.527437110031592	33.63401799999974	14.975978795771526	32.954895000000306	18.07797484824724	32.9544820000001	22.598184858727215	32.984883999999965	27.06815111253873	32.94478100000015	33.29966838789996
33.3143849999999	7.251403163502387	33.00052299999993	8.3671305514047	33.02877200000012	9.23393879958511	33.010285000000295	10.754531747443094	33.896912999999586	12.531133764306649	33.673625999999786	14.980183913087595	33.005579000000125	18.08499771093254	32.995082999999795	22.604243805153075	33.016895000000204	27.074074687668308	32.980778999999984	33.30892713275589
33.35371600000008	7.253676294244243	33.03652299999999	8.369505704680828	33.06957800000009	9.237245606716405	33.060066000000006	10.758743337967605	33.93690899999956	12.534850864678393	33.71362599999975	14.984430648409813	33.03910799999994	18.08964354715255	33.03467299999966	22.610151878574932	33.06479500000023	27.082938492257508	33.02032099999997	33.319097400245596
33.39372000000003	7.255987751041417	33.07182500000022	8.371834786045323	33.10917300000028	9.240454277705087	33.08396500000026	10.760765249981162	33.97655799999984	12.538535715979535	33.75362199999972	14.988676959058498	33.083660000000236	18.095816749314157	33.07466999999997	22.616120689200258	33.10548800000015	27.09046865509983	33.070402000000286	33.33197831588354
33.437713999999914	7.258529092862437	33.1088229999998	8.374275741160861	33.15017799999987	9.243777211254503	33.10695900000019	10.762710596850868	34.016529999999875	12.542250585868015	33.793490999999904	14.992909786322558	33.1193830000002	18.10076658996816	33.1154819999997	22.622211123463764	33.132496000000174	27.095466434522486	33.10040800000024	33.339695908476116
33.48298	7.2611431956315045	33.15382599999998	8.377244799590933	33.189342000000124	9.24695095517674	33.146956000000046	10.766094437798403	34.057528999999704	12.546060901853128	33.83314500000006	14.997119787384259	33.16312000000016	18.106826864320382	33.15446999999995	22.628029359547966	33.156167000000096	27.099846708393677	33.14137800000026	33.35023345991645
33.52797899999996	7.263741163000708	33.18909400000007	8.37957157240123	33.27839900000026	9.254167891967704	33.191303999999946	10.769846383652878	34.09776299999976	12.549800121183988	33.873857000000044	15.001442114595214	33.209342000000106	18.113231464569786	33.19443999999976	22.633994140923853	33.195572000000084	27.107138529267104	33.183532000000014	33.361075538105695
33.561623000000054	7.265683098222388	33.2300929999999	8.382276418331614	33.305491000000075	9.256363353880175	33.2273009999999	10.772891815124956	34.13727299999982	12.553472054269497	33.918188999999984	15.006148771352825	33.2343450000003	18.116695923486258	33.234105	22.639913406705112	33.23657200000025	27.114725501880013	33.220502000000124	33.37058428296169
33.59530300000006	7.267626715985612	33.269086000000016	8.384848897658816	33.31948700000021	9.257497551611147	33.26629600000024	10.776190884498927	34.17712299999994	12.55717558586802	33.98621000000003	15.01337045093665	33.26034299999992	18.120298251323256	33.27410499999996	22.645882665024764	33.27671700000019	27.122154258356687	33.261183000000074	33.38104750312628
33.64829200000008	7.270683828313336	33.30928699999981	8.3875010481313	33.3614849999999	9.260900955176774	33.31048400000009	10.77992929397438	34.216681999999764	12.560852072856852	34.007832999999664	15.01566612988342	33.29934099999991	18.125701881640563	33.31510399999979	22.652001005570924	33.3148970000002	27.12921939529229	33.30066500000021	33.39120233851726
33.68866099999991	7.273012201158648	33.34928599999989	8.39013984824199	33.397887999999966	9.263850955176789	33.34643499999993	10.78297083373748	34.2576769999996	12.564662017094754	34.04951099999971	15.020091015752413	33.372139999999945	18.135789036968266	33.354669999999714	22.6579054974378	33.354893000000175	27.136620579600205	33.3406829999999	33.401495033990436
33.722663999999895	7.274972967399002	33.389993000000004	8.392825332017775	33.44032100000004	9.267289609958006	33.39151700000002	10.78678487773072	34.29733699999997	12.568347890700737	34.08450700000003	15.023806484485858	33.396142000000054	18.13911479559375	33.3946719999999	22.663875054220394	33.39636299999984	27.144294524825902	33.38028699999995	33.411681247982216
33.75765500000011	7.276990294709341	33.43023199999993	8.395479917557545	33.47006499999998	9.269699982729483	33.42720899999995	10.789804505480289	34.33667299999979	12.572003652782506	34.13020800000004	15.02865848575988	33.4191380000002	18.14230116111961	33.434483999999884	22.669816257025943	33.43498200000022	27.151440897882967	33.42028500000015	33.4219687994226
33.7938180000001	7.279074754651326	33.469460000000026	8.398067784455215	33.50889600000028	9.27284674123843	33.46720499999992	10.793188261825465	34.3772869999998	12.575778188098491	34.16520899999978	15.032374485335179	33.45977700000003	18.147932171234594	33.47438299999976	22.67577044296832	33.475558999999976	27.15894959514421	33.46108099999992	33.43246159777645
33.833816999999954	7.281379810293945	33.51292500000022	8.400935140139449	33.548991000000115	9.276095930865655	33.50675900000033	10.796534623923637	34.42147799999975	12.57988515835871	34.20201099999986	15.036281694168396	33.49977399999989	18.1534742247194	33.515378000000055	22.681888186588722	33.51520800000026	27.16628656775714	33.504741000000195	33.44369102164483
33.87381499999992	7.283684271440192	33.548922000000175	8.40330981690269	33.59527299999991	9.279846498126588	33.546546000000035	10.799900698373698	34.45686799999976	12.58317419181596	34.23757999999998	15.040057997385311	33.53964500000029	18.158998819426397	33.55413700000008	22.687672248669013	33.560933000000205	27.174747892701618	33.54073500000004	33.45294873769417
33.91428799999994	7.286015556062896	33.64090400000009	8.409377671919582	33.63107500000024	9.282747794723058	33.5865389999999	10.803284200911758	34.4973659999996	12.586937946462784	34.27358000000004	15.043880059175317	33.57965100000001	18.16454211996675	33.59520199999997	22.69380043849141	33.59493199999997	27.181039343478776	33.58485000000019	33.464295188311496
33.95400900000004	7.288302996312284	33.665905000000066	8.411026914196817	33.69770400000016	9.288147227462126	33.62691900000027	10.806700444566612	34.537427999999636	12.590661180663531	34.31357799999978	15.048126582160744	33.626650000000154	18.17105438267981	33.63413199999968	22.69961001915097	33.635035000000244	27.188460327934784	33.62093899999991	33.47357733851719
33.994132000000036	7.290613058363551	33.6789040000001	8.411884416573873	33.73702000000003	9.291333289050455	33.66591300000027	10.809999429338184	34.577606999999716	12.594395288470231	34.35325899999998	15.052339449768791	33.66152000000011	18.175886030178763	33.674848999999995	22.70568627642605	33.67503500000021	27.19586225243515	33.660937000000104	33.483864889957566
34.03970800000002	7.293236433731485	33.725901999999905	8.414984705140489	33.77632100000028	9.294518135079656	33.70590600000014	10.813382931876244	34.61703099999977	12.598059228990682	34.39825999999994	15.05711713317467	33.69951900000024	18.181151237328567	33.71484599999985	22.71165508705131	33.715032000000065	27.203263621791155	33.700634000000264	33.494075023702464
34.07970399999999	7.295538063832778	33.772640999999794	8.418067879346577	33.81627500000013	9.297755898450802	33.74574100000018	10.816753067240038	34.65701299999955	12.601775028247166	34.43328399999973	15.060835574622784	33.73951799999986	18.1866935679368	33.75464800000009	22.717594797542315	33.755423000000064	27.210737900103517	33.74063400000023	33.504363089546075
34.11951900000008	7.297828763066539	33.809638999999834	8.420508460671288	33.85397899999998	9.300811327948365	33.7867369999999	10.82022142595406	34.70269899999994	12.606020939027871	34.47796500000004	15.065579284146121	33.77933600000006	18.19221081887212	33.79449399999976	22.72354107421739	33.795422000000144	27.218139639555787	33.784638000000086	33.51568099078061
34.15947499999993	7.3001270609281885	33.84498800000006	8.422840248775842	33.89212399999997	9.303902494885161	33.82586300000003	10.823531578238333	34.737027999999555	12.60921136653713	34.51395999999977	15.069400815094175	33.819414999999935	18.197764234418727	33.83829799999967	22.73007800900323	33.83542200000011	27.22554156405615	33.820148000000245	33.52481422123332
34.20747800000004	7.302887551724142	33.88398600000005	8.425412723684419	33.941607000000204	9.307912462470279	33.870272000000114	10.827288684837326	34.77703399999973	12.612929396276924	34.55864699999984	15.074145161627785	33.85935900000004	18.20329894413192	33.87415099999998	22.73542840446664	33.876048999999966	27.23305951372304	33.86114799999996	33.53535948872296
34.24372900000003	7.304971738239719	33.919983999999886	8.427787288635038	33.967371000000185	9.31000030687871	33.906171000000086	10.830325825277257	34.81660499999998	12.616606998507429	34.593613000000005	15.077857445309723	33.900110999999924	18.208945611722314	33.91361400000005	22.741317525493365	33.91505199999983	27.24027694525521	33.90074800000002	33.54554467390816
34.288319	7.307534790145622	33.967072000000144	8.430893367622005	34.00297300000011	9.312885396019713	33.94584500000019	10.833682339659667	34.85720999999967	12.620380697392159	34.638466999999764	15.08261952196327	33.93911200000002	18.214349657724824	33.954393999999866	22.747403184350222	33.95568200000025	27.24779545006654	33.953351999999995	33.5590745092991
34.33958899999993	7.310481038214883	34.01405200000022	8.433992295206792	34.0415109999999	9.316008410606411	34.0051940000003	10.838703405649525	34.896885999999995	12.624068057986985	34.67329500000005	15.086317154408357	33.97941200000014	18.21993369541363	33.994848999999704	22.75344034298324	33.995666000000256	27.255194413797113	33.99035200000026	33.56859097020452
34.3735979999999	7.312434923625591	34.05974200000014	8.437006105035707	34.07873000000018	9.319024537024593	34.041187000000264	10.841748498712127	34.96264599999995	12.63017958215055	34.71829699999989	15.091094943982606	34.01939799999991	18.225474224719402	34.033848000000035	22.75926022061349	34.03566300000011	27.262595783153117	34.023351000000275	33.577078367323864
34.4175929999999	7.314961991579533	34.09229100000016	8.439153091104888	34.11770000000024	9.32218255971504	34.07862400000022	10.844915757595372	34.998643999999786	12.633525121183991	34.75329299999976	15.094810412716003	34.05939900000021	18.23101683245119	34.07881599999973	22.765970860816402	34.075108999999884	27.269895190999115	34.06132000000025	33.58684405662427
34.45296499999995	7.316993321480913	34.12928799999986	8.441593459269452	34.15470600000026	9.325181425193167	34.11662200000001	10.848130478407537	35.03332499999988	12.636748262447941	34.79403000000002	15.099135394136564	34.09906600000022	18.236513160565366	34.114518999999746	22.77129887156107	34.11510700000008	27.277296745403298	34.10031400000025	33.59687337761193
34.48596399999997	7.318888028779643	34.17751000000021	8.444774218132563	34.18874700000015	9.32794001514454	34.1552529999999	10.851398752519202	35.066973999999846	12.639875492931209	34.83367499999986	15.103344439682783	34.14006300000028	18.24219377577945	34.154517999999825	22.777267980649277	34.155103000000054	27.284697929711214	34.14054100000021	33.6072198282292
34.521958999999924	7.320954377831468	34.21151399999985	8.44701713084906	34.23447900000019	9.331646011903057	34.19686499999989	10.854919226292466	35.100970999999845	12.643035065421916	34.87367300000005	15.107590962668258	34.1840729999999	18.24829187748371	34.19440099999974	22.78321977888833	34.211451000000125	27.295125020754895	34.18405400000029	33.61841144345556
34.55565299999989	7.322888276916174	34.25351100000012	8.449787245511782	34.26947900000005	9.334482316603212	34.23585800000001	10.858218126461683	35.14256299999988	12.646900492931213	34.91332599999987	15.11180085756154	34.219078999999965	18.253142369377855	34.23816399999987	22.789750595184426	34.24645199999986	27.301601889740784	34.22105099999999	33.627927132755886
34.593423999999914	7.325055770414223	34.29077799999982	8.45224535334951	34.317231999999876	9.338352089698828	34.27047300000004	10.861146637459992	35.17812499999991	12.650205511518575	34.95332099999996	15.116047062041854	34.25907700000016	18.258684561424438	34.27416099999982	22.795122479977735	34.27722099999983	27.307295635114574	34.26063999999997	33.63810948872296
34.639421000000084	7.327694733528584	34.330780000000004	8.454883842616034	34.35292100000015	9.341244229082973	34.30672300000015	10.864213473331407	35.21712099999968	12.653829675087326	34.99352899999985	15.12031588038774	34.300075000000106	18.26436531520024	34.31896999999981	22.801809392378864	34.32044799999994	27.315294709874035	34.32049800000004	33.65350506485467
34.67372599999999	7.329662484653688	34.36877299999992	8.457389803839744	34.38891300000023	9.344160922762075	34.346422000000075	10.867572102773025	35.256569999999556	12.657495939027836	35.03303899999992	15.12451059320227	34.339502000000266	18.269828388499416	34.35374899999988	22.806999513256358	34.35644600000023	27.321956071828197	34.355495000000246	33.662506350862955
34.73472199999992	7.333160379242691	34.409057000000075	8.460046858573818	34.42919900000015	9.347425590509236	34.38706499999989	10.871010596850844	35.29690999999957	12.661245009659808	35.07303899999988	15.128757328524488	34.37950200000023	18.275370857669426	34.42657999999983	22.817868189573318	34.39503700000023	27.32909726353804	34.40123900000026	33.674271782961725
34.76838100000009	7.33509012695823	34.44456800000012	8.462389080758598	34.468832999999904	9.350637421951685	34.42573500000026	10.874282170454935	35.33725699999968	12.66499473084941	35.11360599999989	15.133064261319902	34.41949900000009	18.280912911154235	34.45159599999988	22.821601363726437	34.43962199999987	27.3373476336342	34.442239999999856	33.68481730765298
34.80201000000011	7.337017822045656	34.484564999999975	8.465027172657283	34.508941999999934	9.3538877461008	34.465729999999894	10.877665842197713	35.376942999999756	12.668683020812242	35.15560499999992	15.137523227239855	34.45977200000016	18.286493207676344	34.47458599999982	22.82503219494565	34.475637000000006	27.344012141406246	34.47598300000027	33.69349606279712
34.83600700000011	7.33896627539869	34.52002000000016	8.467365672453978	34.54894400000012	9.357129399261272	34.51101400000016	10.881496975869478	35.41675599999962	12.672383113749031	35.19796499999984	15.142020519946078	34.499443000000156	18.291990090037437	34.514714999999796	22.83102070412338	34.515538000000106	27.351395746143496	34.51198299999987	33.70275532205627
34.884487000000036	7.341744203987632	34.56002000000012	8.470003930136874	34.588626000000204	9.360345120493049	34.54600900000014	10.884457635767953	35.45656999999983	12.676083299622658	35.239620999999715	15.146443070110626	34.53970900000013	18.29756941662743	34.55483000000004	22.83700712406074	34.55553899999995	27.358797855691947	34.550982000000204	33.712785929052245
34.91605299999992	7.343552586101026	34.5984219999998	8.472536773679872	34.628232000000025	9.363554682891742	34.59100500000022	10.88826440395747	35.497240999999576	12.679863132336388	35.2755159999997	15.150253984220402	34.579465000000255	18.303078076735524	34.595148999999765	22.84302398721545	34.59553899999992	27.36619978019231	34.58100700000023	33.720508408476114
34.95381199999997	7.3457153817529495	34.63669999999979	8.47506142349442	34.67581999999993	9.367411084836633	34.63144300000022	10.891685554549687	35.53700499999968	12.683558671369855	35.31802999999991	15.154767626857648	34.619462999999996	18.308620268782043	34.63422700000001	22.848855654130872	34.636061000000154	27.373698299807455	34.620754000000034	33.73073140230323
34.993420000000015	7.347983647381422	34.67368599999986	8.477500844385505	34.70882299999994	9.370085558094335	34.66743799999995	10.894730816817006	35.57674999999972	12.68725244460406	35.3537409999999	15.158559005984943	34.65946100000019	18.31416246082863	34.67584399999987	22.85506621971808	34.67506300000014	27.38091554629154	34.6607640000002	33.74102204016335
35.03422999999998	7.350320281659188	34.7097540000002	8.479879705017622	34.7488800000001	9.373331668305045	34.706439000000046	10.898030393805172	35.617387999999664	12.691029210403311	35.39373999999998	15.162805635138788	34.69946000000027	18.319704791436926	34.71383500000002	22.86073567203865	34.71480599999995	27.38826991342696	34.70017000000007	33.75115732822916
35.07322599999998	7.352552612134512	34.748410999999805	8.48242930836636	34.794531000000006	9.377031101044103	34.74671699999999	10.901438008018363	35.66252799999984	12.695224377689573	35.43385199999966	15.167064261319878	34.739456000000246	18.32524670636002	34.75453199999993	22.866808944684507	34.76046499999984	27.396719025196	34.74117000000024	33.761702595718916
35.1139740000001	7.354884778550912	34.788409	8.48506734112062	34.83974699999999	9.380695282567606	34.786715000000186	10.904821933568297	35.69652499999984	12.698383950180279	35.47336399999995	15.171259186471199	34.7832470000003	18.331314463045633	34.794774999999845	22.872814466248442	34.81046100000003	27.405970690629047	34.784173999999894	33.77276329530731
35.15397200000007	7.357173567390925	34.83518600000002	8.48815245695834	34.879257999999936	9.383897146424978	34.82633699999997	10.9081740486275	35.74089999999978	12.702508020812244	35.513360999999804	15.175505603288254	34.81924600000002	18.336302546736878	34.833526999999776	22.878597483708514	34.848471000000245	27.41300436938556	34.82053500000029	33.78211540436091
35.19296899999995	7.359404647568702	34.87387199999989	8.49070392548148	34.912240999999995	9.38656999893714	34.869974000000184	10.911865842197738	35.78254099999958	12.706378002224865	35.55300199999965	15.179714224160943	34.86324800000011	18.342399539947365	34.874201000000085	22.8846673240309	34.89286399999992	27.421219210244125	34.86153999999988	33.79266195785874
35.23378200000002	7.361739173079894	34.90871399999992	8.493001857350212	34.951910000000225	9.389784666684326	34.90596800000003	10.9149110198627	35.81651399999964	12.709535344232306	35.59299699999974	15.183960428641258	34.8992430000003	18.347387069391758	34.91583999999966	22.890881172710138	34.92811500000016	27.427742341258234	34.90053200000011	33.80269076444316
35.27967600000011	7.364363786916382	34.948802000000114	8.495645764059912	34.98954300000014	9.392834342535213	34.94680900000003	10.918366265209569	35.87241499999982	12.71473060445537	35.632996999999705	15.188207163963476	34.947239999999965	18.354037616710542	34.95483999999988	22.896701199571833	34.963404999999966	27.43427268914865	34.94129500000008	33.813175075142745
35.33042300000011	7.367265266530846	34.988801000000194	8.498283785999016	35.02908600000001	9.396038799585448	34.990526000000045	10.922064826969299	35.90968799999973	12.71819463791261	35.67307200000005	15.192461861914463	34.98227399999996	18.3588919883331	34.99422299999969	22.902578382081877	34.9994099999999	27.44093534643953	34.981295000000046	33.823463140986355
35.36341900000002	7.369151450274992	35.03280199999995	8.50118573153713	35.06851400000005	9.399233937348825	35.03352100000029	10.925702305818728	35.94259299999976	12.721252723414473	35.72707199999968	15.198194954599423	35.019722	18.364080847970072	35.04422599999998	22.91004040267586	35.03540699999985	27.44759652334552	35.02029700000003	33.83349451958718
35.40742399999999	7.37166649494143	35.06867100000022	8.503551343866443	35.10850900000014	9.402475023248348	35.07015500000034	10.928801628999782	35.992261999999755	12.725868801481386	35.762921000000006	15.202000984963615	35.0593630000003	18.36957357347933	35.07843599999978	22.915145610853717	35.07486000000017	27.454897226528406	35.05995900000016	33.84369565127445
35.45411899999999	7.374334714079842	35.10967400000004	8.50625553665899	35.15011200000026	9.405846417089528	35.10613300000023	10.931845453026845	36.026258999999754	12.729028373972092	35.795920000000024	15.205504435436065	35.103247999999894	18.375654354967427	35.11428999999998	22.92049615554857	35.115855999999894	27.462483458948785	35.10631199999989	33.85561771917562
35.516926999999896	7.377922736171504	35.149442000000136	8.508878265488296	35.18869799999993	9.408973321465515	35.14612299999999	10.935228701757788	36.06295199999977	12.732438504083618	35.83372199999985	15.209517812652312	35.139544000000114	18.38068359149233	35.15858399999979	22.927106213748807	35.15603400000009	27.469918322013218	35.1410850000002	33.864561392015204
35.53957500000001	7.379216288247023	35.18858999999998	8.511460091207422	35.2286509999999	9.412211003799388	35.1856700000003	10.938574471639372	36.096947	12.73559789070074	35.88670499999989	15.215142932091748	35.179857000000084	18.386269430483594	35.19346499999983	22.93231155623501	35.19593900000018	27.477302666942915	35.181089000000156	33.874850486665395
35.553151999999955	7.379991680670035	35.23458800000003	8.51449365996621	35.268951000000015	9.415476806068444	35.225640999999996	10.941956112925302	36.137183999999706	12.739337388841976	35.92469799999981	15.219176587469168	35.219516999999996	18.391764788665654	35.23348699999997	22.93828409764676	35.23594000000003	27.48470477649137	35.220084999999926	33.88488032205629
35.59715099999994	7.382504163000557	35.26837600000022	8.516721967408394	35.314584000000195	9.419174780136533	35.26621100000011	10.945388431030219	36.17692299999999	12.743030604455386	35.969608999999764	15.223944715720569	35.25941899999998	18.3972936787862	35.27348600000005	22.944253206734967	35.27592000000004	27.492103000029495	35.2606209999999	33.895306247982205
35.63315200000011	7.3845595574763445	35.30894400000011	8.51939740073335	35.34926099999984	9.421984909796148	35.30638900000031	10.948787585006546	36.21654499999977	12.7467129464628	36.01555299999973	15.228822515911668	35.29941800000006	18.4028360093945	35.31427600000006	22.950340357906438	35.31547499999988	27.499422578119766	35.29964999999993	33.90534457102748
35.67336599999999	7.386855084899501	35.355940000000146	8.522496739127705	35.39553100000012	9.425734504609787	35.34605499999998	10.952143422569971	36.256542999999965	12.750430232708172	36.05027799999971	15.23250921301327	35.339416000000256	18.40837820144108	35.353881999999885	22.956250819031617	35.356475000000046	27.507009550732676	35.34023699999989	33.91578361423735
35.75497500000006	7.391512271077028	35.404918999999836	8.52572683477201	35.43054000000029	9.42857153864546	35.386941000000206	10.955602475023458	36.296111999999994	12.754107649065052	36.08527800000002	15.236225106420246	35.378783999999996	18.413833099598172	35.394880999999714	22.962369159577776	35.395374000000174	27.5142077372612	35.38084299999991	33.926227544278504
35.777544000000034	7.392799916218006	35.44162799999981	8.528147728363983	35.468181000000186	9.431621862794561	35.426946000000044	10.958986992789942	36.34232199999997	12.758402258730477	36.12202499999967	15.24012647599235	35.41942000000017	18.419463694028018	35.47408799999994	22.974189335670932	35.43598100000008	27.521721985965844	35.419862000000194	33.936263295307384
35.793543	7.393712639825648	35.47787200000016	8.530537945277333	35.508824000000004	9.434915460849654	35.46594600000026	10.962286485175747	36.37733299999991	12.761656069139393	36.15802299999996	15.243948325445613	35.46334900000011	18.425550572232247	35.49808899999971	22.977771039894147	35.47981699999991	27.529833755025766	35.460883000000194	33.94681396403166
35.83353899999997	7.395994078793878	35.524418000000196	8.5336075423126	35.548607000000175	9.438139366846427	35.50615400000015	10.965688177223115	36.41701799999964	12.76534426616539	36.20297399999981	15.248720700432326	35.49937499999987	18.43054239709019	35.516087999999854	22.980457056906555	35.514590000000226	27.53626843304211	35.504463000000214	33.958022811768295
35.87681999999995	7.398462443982256	35.56041500000015	8.535981446293889	35.58911900000021	9.44142234901823	35.54615300000023	10.969072187375406	36.4568019999997	12.769041663934912	36.23648299999968	15.25227829678012	35.5395980000003	18.436115765525887	35.553660000000036	22.986063981246232	35.55959500000017	27.54459652334558	35.54048599999987	33.967287986665326
35.919820999999956	7.400914374150804	35.598098000000164	8.53846652646592	35.62867499999993	9.444627859553055	35.587144999999964	10.972540207679952	36.500136999999995	12.773069080291817	36.28648099999964	15.257586503596126	35.57934599999999	18.44162331714009	35.59465799999998	22.992182172560952	35.59458700000005	27.551071726898478	35.58390199999985	33.97845465333199
35.96470199999999	7.403473009840734	35.63389699999993	8.540827352290528	35.66861800000015	9.447864731514176	35.63143100000025	10.976286908187591	36.54273299999977	12.777027816351277	36.320660999999745	15.261215338928976	35.623337999999876	18.447718924733255	35.63385299999982	22.9980312995569	35.64059099999986	27.55958468026632	35.61989900000026	33.987713140986415
36.0017499999999	7.405584714559942	35.668895999999904	8.543135411219167	35.70861599999989	9.451106060525502	35.66611400000011	10.97922117214697	36.582728999999745	12.780744916723021	36.35465999999997	15.264824957784503	35.659725999999864	18.452760908937215	35.67452400000002	23.004100692184895	35.67561800000021	27.56606636050325	35.65993800000024	33.99801123769423
36.033732999999984	7.407407445876876	35.71823599999993	8.546389191992729	35.759262000000035	9.455210274463926	35.71015200000011	10.982946891267105	36.61650099999997	12.783883578433079	36.39766099999997	15.269390304424274	35.69930199999999	18.458244627934047	35.713550999999825	23.009924748295894	35.71458900000016	27.573277870495836	35.699990999999955	34.00831293522502
36.07655599999998	7.40984756206179	35.75506500000006	8.548817909119938	35.79991599999994	9.458504763929074	35.745813	10.985963896343238	36.65713199999982	12.787659693674701	36.43300099999988	15.273142295081447	35.739652000000206	18.46383559370933	35.75831100000005	23.01660434835562	35.756589000000076	27.58104989122121	35.742301000000225	34.019195136871176
36.11820200000011	7.412220181274643	35.81673500000011	8.552884762832303	35.8391630000001	9.461685233945296	35.78550300000006	10.989321764363549	36.696130999999696	12.791284136053871	36.472999999999956	15.277388924235293	35.779651000000285	18.469377924317627	35.79412599999978	23.021949073023542	35.795588999999836	27.588266767609024	35.78129799999988	34.02922522946368
36.159198999999944	7.414555414700193	35.8543430000002	8.555364824309232	35.87915900000007	9.464926400882087	35.83087700000033	10.993160512248512	36.736795999999686	12.795063411146808	36.5129979999997	15.28163544722072	35.819584000000305	18.474911109851785	35.83861900000011	23.028588828284	35.835583999999926	27.59566776686885	35.82068900000013	34.0393566595049
36.19405400000005	7.416540473815337	35.89134200000012	8.5578047152725	35.91629300000022	9.467935639131694	35.865870000000086	10.99612100294223	36.77642099999957	12.79874603196464	36.557794999999714	15.286391472276462	35.859324000000015	18.480417552972156	35.874045000000024	23.03387550191479	35.87558799999988	27.60307043156166	35.86069499999985	34.04964626855832
36.23367899999994	7.418796839026693	35.92699199999993	8.56015563746193	35.95498600000019	9.471071214496359	35.90686700000015	10.999589446258648	36.81639199999972	12.802460808916328	36.5927929999998	15.290107153346648	35.89932200000021	18.48595974501874	35.926050999999916	23.04163643311907	35.914588000000094	27.610287307949562	35.90070199999991	34.05993613481348
36.27367800000002	7.421074120349022	35.97263700000008	8.56316566201894	35.993993000000046	9.474232235566042	35.94615700000031	11.00291347333142	36.85704899999973	12.806239340514841	36.63779499999964	15.294884942920895	35.93906100000004	18.491466049577397	35.96270800000002	23.047106810674673	35.954587000000174	27.617689047401832	35.94125600000007	34.07036669036908
36.312995	7.423312202513474	36.0186299999998	8.566198620441817	36.03941500000019	9.477913110768647	35.98597800000016	11.006282424262032	36.89683399999967	12.809936831221155	36.673531999999796	15.298679082426167	35.97946400000001	18.497064359124295	36.01139199999989	23.054371994975504	35.9955829999999	27.625275279822212	35.98125600000003	34.080654756212695
36.353640999999925	7.4256255527040205	36.04309900000021	8.56781219610774	36.07472800000005	9.480774780136546	36.02597000000014	11.009665842197734	36.94171099999994	12.814107556128244	36.71353199999976	15.302925817748385	36.01946300000009	18.50260668973259	36.047391999999945	23.0597443274632	36.03458300000011	27.632492156210112	36.02039700000023	34.09072188584237
36.399636999999984	7.4282429278532955	36.073102999999946	8.569790764393469	36.12020699999994	9.484460274463927	36.066393999999946	11.01308580835677	36.97634899999957	12.817326701109621	36.75352900000007	15.307172234565488	36.05920900000001	18.508113964223366	36.08312799999976	23.065077262845953	36.07549999999992	27.640063769829617	36.08306700000003	34.10684071300281
36.43288699999994	7.4301346916860584	36.10909699999979	8.572164326084813	36.15723600000001	9.48746100379943	36.1054180000001	11.016387331199422	37.020354999999654	12.821416478061302	36.793163999999706	15.311380218427857	36.10315900000023	18.514203752223953	36.11876499999971	23.070395424314384	36.11449700000003	27.647280091073164	36.11606699999993	34.11532836732378
36.472884999999906	7.432410043761615	36.15009500000019	8.574867857244017	36.19702899999993	9.490685720168955	36.14608300000009	11.019827686529371	37.056090999999924	12.824737667652405	36.83316399999967	15.315626953750073	36.143163000000186	18.519746775640876	36.15876799999978	23.076365130328423	36.154499000000214	27.65468238566979	36.17766000000029	34.13117018831152
36.51288199999999	7.434684969348687	36.1887049999998	8.577413906303814	36.233630000000176	9.49365176554985	36.190743999999995	11.023606112925302	37.09680799999978	12.828521775459084	36.87339699999984	15.319898426305564	36.17893400000003	18.52470326725787	36.19437599999992	23.0816789640846	36.19950000000017	27.66300973578081	36.199179000000186	34.136704910533716
36.55919199999994	7.437318503032532	36.2287060000001	8.580051671380286	36.26962400000002	9.496568621303485	36.23673499999995	11.02749706047183	37.136107999999695	12.832174191815954	36.913392999999814	15.324144736954251	36.222929999999906	18.530799429097954	36.233995999999934	23.087591514450217	36.23549700000012	27.669670912686797	36.22015499999998	34.14209997226206
36.59318699999994	7.439251401807094	36.269254000000046	8.582725496383912	36.308280000000195	9.499701198288912	36.28219300000001	11.03134291495576	37.17660399999977	12.835937760589195	36.95339299999978	15.328391472276468	36.25894500000004	18.535789729776923	36.27897299999995	23.0943034977363	36.279499000000214	27.67781339973345	36.259802000000036	34.15229724592463
36.632879	7.441507890390861	36.30925199999979	8.585363042823413	36.349097000000256	9.503008896830247	36.31920900000023	11.034474556241735	37.216723	12.83966629218773	36.993009999999686	15.33259754510797	36.30278300000009	18.54186399886381	36.313866999999846	23.09951078023143	36.31533900000022	27.68444552408578	36.29966999999988	34.162551361150925
36.678617999999915	7.444107709520276	36.348250000000235	8.587934637524526	36.388672999999926	9.506216028110611	36.36448500000006	11.038305013094512	37.25672199999963	12.84338367136985	37.033008999999765	15.336844174261815	36.338778000000275	18.546851528308203	36.35891599999968	23.10623350818246	36.35581400000001	27.691935346439553	36.34067200000027	34.17309714304403
36.713612999999896	7.446096519146895	36.38953400000014	8.59065696456594	36.42826500000001	9.509424455987443	36.439268000000084	11.044631832045445	37.29634999999962	12.847066570998102	37.07300600000008	15.34109059107892	36.3906820000002	18.554043436303203	36.393935000000056	23.111459444609913	36.394972999999936	27.69918164547729	36.38026600000012	34.1832807850193
36.75785199999996	7.448610285670535	36.42952900000023	8.593294282984601	36.48392100000001	9.513934666684364	36.463242000000264	11.046660089236662	37.33690499999966	12.850835623042716	37.12064499999997	15.346148346679291	36.42665699999998	18.559028194512955	36.43449099999998	23.1175116756202	36.43554300000005	27.70668904740181	36.420302999999876	34.19357836732377
36.82287999999994	7.452304545645253	36.46816199999989	8.595841780165912	36.52085399999987	9.51692761644124	36.4760940000001	11.047747398881318	37.37662399999999	12.85452697992007	37.16574300000002	15.350936328418335	36.46265500000027	18.56401613964255	36.47549099999969	23.1236301653978	36.510301000000254	27.720522874196817	36.46094600000015	34.20403181382589
36.846858999999995	7.4536665646567	36.507737000000134	8.598451384344605	36.55823099999998	9.51995654674919	36.51209700000027	11.050793337967626	37.41653899999983	12.858236552410762	37.21171699999968	15.355817313660893	36.49851600000011	18.568985101815176	36.51414199999999	23.12939811048067	36.53530300000011	27.725149447105746	36.50094799999988	34.214320394072736
36.873955000000024	7.455205479196064	36.54940999999985	8.601199322009242	36.59423800000013	9.522874455987454	36.54709600000024	11.053754336275576	37.45600999999988	12.861904860960951	37.24547399999983	15.359401239767715	36.53925500000014	18.57462996810311	36.55399099999977	23.135344834850134	36.55533000000014	27.728855405654976	36.54094900000018	34.22460871711808
36.912953000000016	7.457420085435105	36.62510899999984	8.606190924228283	36.62785100000019	9.525598361984219	36.58594200000016	11.057040799896551	37.49662599999965	12.865679582150522	37.29075699999976	15.364208862657609	36.57925400000022	18.58017229871141	36.59499199999982	23.141463473859243	36.59530700000005	27.73625307404874	36.580139000000145	34.23468844962836
36.953655000000026	7.459731105806224	36.64910799999984	8.60777341453398	36.668165000000045	9.52886529877513	36.62579300000016	11.060412288898243	37.540370999999595	12.869745102596614	37.32651199999964	15.368004913193747	36.61885900000016	18.585660035998362	36.634403999999904	23.147344984081613	36.635041999999885	27.743605960799265	36.620136	34.244975743867
36.992942000000085	7.461961444668271	36.66810700000019	8.609026203267167	36.7125030000002	9.532458329569309	36.68178200000011	11.065149090928696	37.582368999999744	12.873648262447928	37.36150899999984	15.371720488095564	36.658432000000175	18.59114333930999	36.675784999999905	23.153520331044753	36.6801660000001	27.75195607182817	36.660165000000234	34.255271268558424
37.03294200000005	7.464231920463087	36.70837599999982	8.611681523011598	36.74850900000001	9.535376157770266	36.71711000000005	11.068137923416	37.61598499999991	12.876772426016716	37.40850499999988	15.376709977425644	36.69943000000012	18.59682409308579	36.7137859999998	23.159191275679866	36.71484099999998	27.758372615129407	36.70401700000002	34.26655007514273
37.07319099999995	7.466516185278347	36.75297400000022	8.614622284351267	36.79825299999993	9.539407276084685	36.754683000000114	11.07131668822142	37.66257899999982	12.881102723414479	37.44321499999978	15.380395082001492	36.73866799999996	18.602260978218094	36.75364300000001	23.165139193901055	36.759575999999925	27.766650742442497	36.74601299999995	34.27735151547193
37.1127919999999	7.468763338380962	36.78797000000009	8.616929888639989	36.83089300000029	9.542052332810808	36.795022000000245	11.07472946317913	37.69857699999966	12.88444826244792	37.484210000000076	15.384747454864884	36.77931699999999	18.607893373950397	36.79438899999968	23.17121977888832	36.79815400000007	27.773789528526905	36.78001200000017	34.28609611423742
37.15378800000008	7.471089301927556	36.82925799999998	8.61965237294755	36.869504000000234	9.545181263118746	36.83381899999995	11.078011781284012	37.73626999999988	12.887951329362439	37.514138	15.387924862232962	36.8191740000002	18.61341602879316	36.83302599999979	23.17698563473075	36.8348289999999	27.78057616805315	36.824849000000086	34.29762826444316
37.19335500000011	7.473333854787126	36.87325399999986	8.622553409464969	36.90902200000028	9.548383694237064	36.86681399999998	11.080803236444758	37.77994899999976	12.892010715979527	37.552400000000034	15.391987076905437	36.872939000000315	18.62086580016632	36.878525999999965	23.183775666069383	36.87482799999998	27.787977907505425	36.85985100000016	34.30663083645964
37.23409300000003	7.4756444947431415	36.90919800000006	8.624923500261128	36.94921400000021	9.55164074448017	36.91084000000001	11.084527940336471	37.81651899999997	12.895409414864305	37.6293969999997	15.400161723895527	36.90819199999987	18.62575051680752	36.913522999999714	23.188998319404668	36.91450399999985	27.795319876417317	36.89959399999998	34.31685280148017
37.27366099999995	7.477888443246289	36.948142999999845	8.627491464475067	36.98907700000018	9.5548711334591	36.94518999999991	11.087434031707021	37.86720299999979	12.900119823786223	37.65305199999966	15.402673136996702	36.94328500000029	18.630613063572163	36.95338199999969	23.194946536088743	36.96020499999986	27.803776760207107	36.944618999999875	34.32843330559537
37.31315700000005	7.480127986446064	36.98914300000001	8.630194923074109	37.034078000000136	9.55851789196801	36.98489900000004	11.090793507172345	37.91219499999988	12.904301236425637	37.6778919999997	15.405310359631805	36.979263000000174	18.635598237467118	36.999143000000004	23.20177551683793	36.99520299999995	27.81025307404872	36.983596000000034	34.33845825415508
37.35315700000001	7.482395781823108	37.02973300000008	8.632871338427597	37.068240999999944	9.561286368467186	37.03051000000005	11.094652305818707	37.94582799999989	12.90742697992006	37.71288999999979	15.409026040701992	37.01938400000017	18.641157472606373	37.04304000000002	23.20832633014938	37.03483600000027	27.81758708589186	37.02038799999991	34.347921217118014
37.393150000000105	7.484662854043693	37.06848100000002	8.635426288404208	37.11397600000009	9.564992608337539	37.065226000000166	11.097589361656281	37.98154599999998	12.910746496648693	37.757812999999715	15.413795442973989	37.05923500000017	18.64667929607873	37.08283600000004	23.214265145251606	37.07495299999982	27.82501066102131	37.06011500000022	34.35813906691233
37.43853899999999	7.487235414901187	37.10897399999999	8.638096291285468	37.14997200000016	9.567909626165745	37.110261000000264	11.101399429338183	38.01654399999961	12.913999098879142	37.80380799999966	15.41867865775262	37.09925000000021	18.65222384367469	37.123573999999735	23.220344536387213	37.115949999999884	27.83259707848986	37.10011399999985	34.368426875554206
37.47353500000008	7.489218636974419	37.149242000000186	8.640751450035559	37.18898799999988	9.57107137657091	37.14586300000019	11.104411442874557	38.056290999999874	12.917693057986973	37.848821000000044	15.423457615179139	37.13943500000005	18.657791946764593	37.15657299999975	23.22526902526947	37.15658200000007	27.840115953397373	37.140722000000096	34.378871319998716
37.51313200000004	7.491462301451193	37.18824100000006	8.643322926769097	37.22869500000024	9.574289123734633	37.18738400000029	11.107924217832265	38.09593099999984	12.921377072856858	37.89742399999977	15.428617717100758	37.178773999999976	18.663242826631564	37.194218999999975	23.230886992737048	37.195166999999856	27.847256034818503	37.179719000000205	34.38890141259134
37.552715000000035	7.493704860140049	37.22825100000023	8.645961057992821	37.27436200000011	9.577989853070118	37.22637900000018	11.111223287206197	38.136925999999676	12.925187017094762	37.93042199999991	15.432121061404839	37.21944100000019	18.66887771647502	37.23392899999999	23.236812973933883	37.236209000000144	27.85485077945216	37.22071800000003	34.39944642287936
37.592715	7.495970728159313	37.26910699999985	8.648654963677952	37.31894199999988	9.581602494885335	37.26583100000016	11.11456101986271	38.1765019999998	12.92886508400927	37.96642100000008	15.435943017026474	37.259109999999964	18.67437432171262	37.274926999999934	23.242931165248606	37.2743089999999	27.861901112538717	37.26128999999992	34.40988160806451
37.63330199999996	7.498269525317465	37.30910400000016	8.651292222017522	37.35594100000026	9.584600793102545	37.305831000000126	11.11794511461736	38.220278999999664	12.932933578433051	38.00237500000003	15.439760195070846	37.29873399999997	18.67986469167244	37.314640000000054	23.248857594139835	37.31506100000024	27.869442193219758	37.300279000000046	34.41990964304397
37.67313899999999	7.500525529322424	37.352908999999954	8.654180557424555	37.407610000000204	9.588787908175474	37.34603300000026	11.121346299050536	38.255793999999696	12.936234228990674	38.03517800000009	15.443242836540222	37.33872999999994	18.685406606595535	37.353642000000036	23.25467791946441	37.359676000000036	27.877698114759323	37.340815999999904	34.43033582617151
37.713134999999966	7.502790226384937	37.389617000000044	8.65660093662272	37.445201	9.59183418046071	37.38672399999996	11.12478885404205	38.3051389999996	12.940820195533416	38.07317699999976	15.447277128927915	37.378565999999864	18.69092635164194	37.39406400000007	23.260710153459343	37.39522799999986	27.884276945255216	37.37984800000004	34.440374920821746
37.75349499999993	7.5050752198970265	37.43298200000004	8.659460243771615	37.48320100000001	9.594913596992315	37.426722000000154	11.128172779591981	38.347941999999875	12.944798169511138	38.11290000000008	15.451494455608064	37.41833100000031	18.696436258805644	37.46279000000004	23.27096623464125	37.43523000000005	27.891679239851847	37.419848	34.45066298666536
37.793492000000015	7.507339352286596	37.468222000000196	8.661783815937778	37.52158499999996	9.59802413183834	37.46571500000027	11.131471679761198	38.3806169999998	12.947834879548305	38.15289899999971	15.455741084761861	37.45833100000027	18.701978727975654	37.50059800000008	23.276608377604994	37.47495200000003	27.899029720976937	37.4602490000002	34.46105419036911
37.83279799999991	7.509564070121566	37.51261600000021	8.664710954951957	37.55918400000019	9.601071052421828	37.505097000000205	11.134803490251885	38.42241899999999	12.951719823786242	38.192897999999786	15.459987713915709	37.509042000000136	18.70900533182765	37.53681800000004	23.282013541013434	37.51465300000018	27.906376316091695	37.49999800000023	34.47127769859957
37.87807100000009	7.512126155061434	37.548270999999886	8.66706187750846	37.59725500000013	9.604156222600105	37.54509300000018	11.13818724659706	38.466331999999966	12.955800957615235	38.23271199999999	15.464214701918703	37.571040000000266	18.717595881917735	37.5728180000001	23.28738587350113	37.55476399999998	27.913798780932517	37.53989899999988	34.48154030148014
37.923066999999946	7.514672179414346	37.5926579999998	8.669988539052948	37.63425300000017	9.607154439780011	37.586635000000115	11.141701798204501	38.51073299999962	12.95992744460405	38.27771299999995	15.46899238532458	37.59597000000031	18.721050225827952	37.60881599999993	23.29275790752588	37.59484599999996	27.92121587937811	37.58367300000009	34.49279904633616
37.967632000000094	7.517193440779707	37.628652999999986	8.672361866815265	37.66988399999991	9.610041879002033	37.62554799999998	11.144993930184183	38.54546399999981	12.963155232708157	38.317439999999806	15.473210136678212	37.6188460000003	18.724219963946283	37.642583999999715	23.297797155399294	37.63558000000012	27.92875362919309	37.61967300000015	34.50205830559544
38.002629999999954	7.519173189393053	37.667650000000094	8.674933124864367	37.708849999999984	9.613199577543368	37.665543999999954	11.14837768652936	38.581462999999985	12.966500864678434	38.35243799999989	15.476925817748398	37.65884899999992	18.729762848801432	37.683338999999705	23.30387908346973	37.675178999999844	27.936081349400293	37.66067500000008	34.51260408748843
38.03562699999998	7.521039537712372	37.70820299999991	8.677606970459086	37.74984900000027	9.61652202486916	37.70517400000017	11.15173047840755	38.616379999999936	12.969745939027872	38.39743599999974	15.481703182649115	37.69944400000031	18.735387762200407	37.71633900000006	23.3088037215835	37.71553900000026	27.943549891221245	37.70025900000019	34.5227851574473
38.07320699999991	7.523164860220245	37.748612000000094	8.68027131450455	37.79409900000019	9.620107924382932	37.745146000000204	11.155112204295879	38.656009999999696	12.973429024529707	38.43322199999966	15.485502524405131	37.739004999999906	18.740869402771224	37.75866899999983	23.31512068920024	37.755533000000014	27.95095070543289	37.74225699999988	34.53358711217973
38.112767000000076	7.525401879786639	37.787410000000136	8.682829431725883	37.829927000000225	9.623011327948575	37.79420400000026	11.159262627307728	38.696006999999554	12.977146217838245	38.47722399999975	15.490174145596349	37.779003999999986	18.74641173337952	37.79366600000003	23.320343342535594	37.79509199999984	27.958271023715614	37.78071499999987	34.54347857308508
38.15276300000005	7.527663262600701	37.82756399999994	8.685476949196783	37.868551000000025	9.626141311741103	37.837622999999894	11.162935977561503	38.73667299999988	12.980925585868015	38.513218999999935	15.493995676544454	37.81891799999994	18.751942286240816	37.83381199999985	23.326334388648085	37.835019999999986	27.96565962475191	37.81972799999994	34.55351278090403
38.19294100000002	7.52993464232838	37.86825299999987	8.68815973463542	37.908550000000105	9.629382721789732	37.86761999999999	11.165473794820395	38.782276999999794	12.985163875830832	38.552897999999914	15.498208331815711	37.85894099999996	18.757487942330606	37.89116100000001	23.334892663532454	37.87502200000017	27.973061919348538	37.85952600000019	34.5637488920152
38.23293899999999	7.532195555680436	37.909292999999934	8.690865656057046	37.94821200000024	9.632596822275968	37.90661799999998	11.168773118001443	38.822176999999556	12.988872054269471	38.592899999999645	15.50245527947467	37.89893800000027	18.763029995815476	37.950816999999915	23.343795215390372	37.91468399999985	27.980401297586823	37.89927200000011	34.57397162864069
38.27321400000005	7.5344718354835	37.9476259999999	8.693393088675986	37.99403200000006	9.63630995031485	37.944804000000204	11.17200374405899	38.86185099999966	12.992559228990672	38.63243599999987	15.506652752667177	37.95295299999998	18.770514407620894	37.97359299999971	23.347194111077552	37.96711600000026	27.990103740221983	37.94627500000024	34.58606087761192
38.313519999999926	7.536749576517099	37.98849700000005	8.696087854329614	38.03403100000014	9.63955136036348	37.985797000000275	11.175471848965934	38.896540999999615	12.995783206685834	38.672837999999956	15.510942167679396	37.98872500000016	18.775471037799665	37.99359800000002	23.350179486394715	37.99562999999989	27.995380202102005	37.98027000000002	34.59480444757071
38.35251999999991	7.538953238496788	38.02981599999998	8.698812151488193	38.06796699999995	9.642301441400742	38.025372999999945	11.17882007231616	38.940182999999706	12.999839154641233	38.71278600000005	15.515183382245707	38.02340400000003	18.78027622000832	38.03359199999977	23.356147849325584	38.039834000000155	28.00356006886741	38.020088000000214	34.6050457027148
38.39309299999991	7.541245495650143	38.067812	8.701317346502956	38.11379600000009	9.646015298775145	38.065493999999944	11.182214403957447	38.9808009999997	13.003614061704429	38.753400000000056	15.519495304955125	38.06413599999996	18.78592011636414	38.079233999999815	23.362959071531233	38.07427499999994	28.009933310910302	38.060561000000234	34.615455424937025
38.443743999999924	7.544106724042944	38.10858799999983	8.704005829432958	38.14997100000028	9.64894682227597	38.10550600000033	11.18559951394056	39.02895099999978	13.008088968767634	38.79340000000002	15.523742040277343	38.11212999999998	18.792570247997784	38.11913199999981	23.368913108242168	38.11427400000002	28.017335050362576	38.09955900000023	34.62548577473126
38.50169099999994	7.54737954686496	38.15824600000019	8.707279920509649	38.18897199999992	9.652107357121972	38.153037999999924	11.189620833737479	39.06560599999966	13.011495567280633	38.83739999999989	15.528413449131772	38.16106600000012	18.7993509047804	38.15412900000001	23.374135761577524	38.15477800000008	28.02483023911166	38.14036100000021	34.635980116295045
38.53537600000004	7.549281793949275	38.19924199999991	8.70998289468919	38.22865700000011	9.655323321465584	38.19000499999993	11.19274832950736	39.099219999999605	13.014619544975796	38.87301699999989	15.532194848431061	38.195064	18.804061726451437	38.19400199999973	23.38008606750197	38.19977400000016	28.03315666398214	38.18136200000026	34.64652564098641
38.57037300000002	7.5512579244270235	38.23124100000018	8.712092668651126	38.268321000000014	9.658537584026355	38.23151400000006	11.196260089236645	39.13621899999998	13.018058113749065	38.91301500000009	15.536441371416537	38.228859000000284	18.808744420091493	38.23361100000011	23.385996976321607	38.234574000000066	28.039596338297446	38.22036200000002	34.656556505183886
38.61713899999995	7.553898271724145	38.279236999999966	8.715257157729999	38.30792100000008	9.6617466602014	38.26894600000014	11.199426925108055	39.19368499999973	13.023398820068746	38.95301500000005	15.540688106738754	38.273129000000154	18.81487854784539	38.27340299999969	23.391935194497933	38.27530100000013	28.04713279277562	38.26012300000002	34.66678309983409
38.6620989999999	7.556436302829647	38.3172390000002	8.717762712981859	38.34891900000002	9.66506902648989	38.3049460000002	11.202472610387249	39.228681999999935	13.026651329362444	38.99770199999966	15.545432453272316	38.3081259999999	18.81972779268393	38.313165000000026	23.397868935730635	38.31504399999994	28.054487159911044	38.30011800000011	34.6770698796695
38.695097999999916	7.558298906920634	38.358235999999806	8.720465729360146	38.398587000000134	9.66909398597126	38.3730700000001	11.20823606216389	39.26432799999975	13.029964154641238	39.03369999999995	15.54925430272558	38.34376999999995	18.824666686961336	38.35388899999998	23.40394623762587	38.35580600000003	28.06203009107316	38.3413800000003	34.68768253399054
38.74269099999992	7.5609849351711045	38.39123700000005	8.722641548718668	38.43760599999996	9.672255979488263	38.410065999999915	11.211366011402452	39.29833099999996	13.03312428475278	39.07775599999968	15.553931657009443	38.379349000000275	18.82959657472638	38.39361999999983	23.4098753526833	38.394542999999885	28.069198299807404	38.38023000000021	34.697674817941135
38.774687000000085	7.562790494745208	38.42923300000007	8.725146693301983	38.46960600000011	9.674849172356996	38.448255000000245	11.214596891267117	39.33595199999991	13.03662066021746	39.118271999999706	15.558233175217325	38.418345000000045	18.834999927920197	38.43337900000006	23.415808646221613	38.43554200000017	28.076785087372226	38.42023199999994	34.70796339818798
38.80968400000006	7.564765207576274	38.468231999999944	8.72771796227286	38.51826000000028	9.678791960039344	38.48594899999989	11.217785892959135	39.375860999999986	13.040329675087357	39.15303199999971	15.561923588212334	38.4589060000003	18.84062013022036	38.47537800000009	23.422076218225797	38.474289000000226	28.083955146587634	38.45996100000002	34.71818176238553
38.84328400000004	7.566660903073494	38.50851799999987	8.730374079819764	38.554875000000266	9.681759139942098	38.52394499999991	11.221000444566581	39.41605699999991	13.04406536281969	39.19275599999992	15.566141021060854	38.49848400000019	18.846104126340613	38.51315999999997	23.427714481171606	38.5149449999999	28.091478462649746	38.49996199999987	34.72847008543076
38.87748499999998	7.568590315138654	38.54853100000014	8.733012192613401	38.58846900000026	9.68448150623059	38.56385399999999	11.224376840505673	39.45585899999969	13.04776443345164	39.23275199999989	15.57038733170954	38.54248400000006	18.852200842427614	38.55305199999975	23.433667622493765	38.55594000000019	28.099064510022117	38.5399580000003	34.7387571224679
38.91248399999995	7.570564546398485	38.58800600000018	8.73561482905971	38.66110400000025	9.690367648856197	38.60157900000013	11.227568464871169	39.50045799999998	13.051909321927504	39.27233799999976	15.574590113321163	38.578285999999935	18.85716162945822	38.5940499999997	23.439785813808488	38.59936599999992	28.107100409355894	38.58072900000025	34.74924349078065
38.953091000000086	7.572854863862428	38.62855999999988	8.738288599957276	38.670104000000265	9.691096984350526	38.6405749999999	11.23086761884746	39.53597499999978	13.055210158358712	39.312982999999804	15.57890532725046	38.62391400000024	18.863483924040498	38.63367500000004	23.445699110331446	38.634364000000005	28.11357672319751	38.61972900000001	34.75927435497812
39.019213000000036	7.576583705947282	38.66755699999999	8.740859711009236	38.70785100000012	9.694155898451001	38.67857200000026	11.234082255057304	39.587417999999616	13.059991106314087	39.352981	15.583151850235936	38.675666999999976	18.870654909214355	38.6753719999997	23.451921614435257	38.67943400000013	28.121916841628323	38.659729999999854	34.76956267802335
39.056395000000066	7.578680214111289	38.713039999999864	8.743858444281386	38.75452300000006	9.697938070250023	38.71401700000024	11.23708098602177	39.62641199999962	13.063615084009255	39.391979999999876	15.587292311006705	38.709749999999985	18.875377508632397	38.71437100000003	23.457741492065512	38.71505100000013	28.128507700251568	38.70399600000019	34.78094796608927
39.09110400000009	7.580637082059959	38.74826400000006	8.746180788318503	38.78851900000018	9.700693013523939	38.74984799999993	11.240112373500592	39.658040999999685	13.066554582150525	39.432782999999745	15.591624299540506	38.75255100000004	18.88130808920605	38.753873999999996	23.46363658235054	38.755051000000094	28.135909624751932	38.74099299999989	34.79046365538961
39.13610199999994	7.58317375032712	38.788265999999794	8.748818144622923	38.828125999999884	9.703902656959896	38.78553499999998	11.24313157823833	39.699781999999686	13.070433857243462	39.47240800000009	15.595831221719116	38.80343900000025	18.888359218484172	38.79887599999984	23.470352296423044	38.79924699999992	28.144088011132357	38.7797599999999	34.800434591603604
39.181444000000056	7.585729486220632	38.82821900000022	8.751452265328304	38.867735000000266	9.707112462470462	38.82477700000027	11.246451544397406	39.73577899999964	13.073779303340112	39.51782800000001	15.60065338967749	38.85145899999998	18.895012952722738	38.83358700000008	23.475532269561416	38.83485800000017	28.15067775946697	38.81976200000008	34.81072317185057
39.21346799999992	7.58753434780221	38.867882000000236	8.754067261306819	38.909733999999844	9.710515947073345	38.86477300000024	11.249835300742582	39.78047099999958	13.077932834938618	39.552505999999994	15.60433509686509	38.874459000000115	18.898199872495518	38.873243	23.48145019225951	38.87917800000014	28.158879091813375	38.85993400000007	34.82105547637731
39.26808299999993	7.590612059782429	38.908501000000115	8.756745281723962	38.94901800000025	9.71369941546884	38.90564399999994	11.253293084160491	39.816221999999925	13.081255418581774	39.59270199999992	15.60860264119038	38.89867000000004	18.901554590522387	38.91323999999986	23.487419002884767	38.9148909999999	28.165487715055374	38.899001000000226	34.83110357308517
39.276566	7.591090059446151	38.94850100000008	8.759382486445901	38.98864000000003	9.71691027446396	38.95545200000015	11.257506958949005	39.85597999999982	13.084950399994403	39.63301599999977	15.612882713384865	38.938938000000235	18.90713419423587	38.95394499999975	23.49349346938229	38.955461000000014	28.172995116979894	38.93997100000024	34.8416411245255
39.31721399999992	7.59338033599917	38.988113999999996	8.761994171497152	39.02764100000013	9.720070809309997	38.98802300000034	11.260262542705366	39.89597999999978	13.088667872113358	39.672669999999925	15.617092714446565	38.978937000000315	18.912676524844166	38.993555000000015	23.499404527433366	38.99446200000011	28.180212178415886	38.979975000000195	34.8519302191757
39.35223199999996	7.59535319029788	39.02873900000009	8.764672572889417	39.068804	9.723406546749208	39.02497900000026	11.263389107849182	39.93571999999995	13.092361180663561	39.7127459999997	15.621347518565873	39.01860600000009	18.91817313008177	39.03355199999987	23.505373338058625	39.03505700000005	28.187724206543187	39.019606000000294	34.86212337761194
39.39286100000004	7.59764192254867	39.067306000000144	8.767215286124177	39.107652000000144	9.726554682891845	39.06457900000032	11.266739361656294	39.97555399999965	13.096063225273198	39.75293599999986	15.625614425880894	39.05851400000029	18.92370285157272	39.073285999999825	23.511302900810445	39.074147000000266	28.194957737261213	39.0603100000003	34.8725925134144
39.432432999999946	7.5998708687842225	39.108303000000205	8.769918203974196	39.14734499999986	9.729771295533638	39.10529100000031	11.270183693297579	40.01554999999962	13.099780325644943	39.792531000000054	15.629818163007997	39.09851400000025	18.92924532074273	39.113072999999986	23.51724037282957	39.115244000000075	28.202562659540973	39.1033080000002	34.88365166979298
39.472248000000036	7.602113262087197	39.147984999999835	8.772534419761255	39.20488400000022	9.734434099423456	39.145406000000094	11.273577517324632	40.055243999999675	13.103469359102197	39.832128999999895	15.634022218640213	39.13848000000007	18.934783078813926	39.1540729999997	23.523358862607175	39.155203000000256	28.209956997068762	39.13950999999997	34.89296288378469
39.512572999999975	7.604384134512518	39.1927290000001	8.775484365519398	39.23988099999997	9.737270161011766	39.18650400000024	11.277054505480315	40.09591199999977	13.107248913005552	39.872707999999875	15.638330425456221	39.17826700000023	18.94029603433563	39.19373599999972	23.529277829925487	39.19431600000007	28.2171947838933	39.17988999999989	34.90334868625381
39.552572000000055	7.606636407041936	39.228421000000026	8.777837514203618	39.27654699999994	9.740241473815654	39.22508599999992	11.280318634075888	40.13562699999966	13.110939898135653	39.91272200000003	15.64257864713582	39.21914000000015	18.94595946789527	39.23344199999974	23.535203214196493	39.24404200000026	28.22639648633597	39.22017499999993	34.91371005456657
39.59256899999991	7.608888327865009	39.28141900000014	8.78133162892922	39.31703000000016	9.743522105906433	39.26534700000002	11.283724810048824	40.17944999999963	13.11501266765238	39.952706000000035	15.646823683763914	39.25889700000016	18.95146826656508	39.27421800000002	23.54128827612759	39.281829000000016	28.233388899363316	39.25934899999993	34.923785671850524
39.63612400000011	7.611340301716894	39.31941699999993	8.783836801234786	39.350038999999924	9.746197065387776	39.30587999999989	11.28715399786607	40.21604499999967	13.118413689957215	39.992706	15.651070419086132	39.3039389999999	18.95770936397394	39.313854999999876	23.547203363427972	39.31982800000014	28.240420542590577	39.29943000000003	34.93409457102751
39.67312199999992	7.61342292230575	39.357031000000234	8.78631665295744	39.38869599999998	9.74932972341047	39.345270000000255	11.290486485175748	40.266975999999886	13.123147054269502	40.032578999999714	15.655303671023674	39.35492299999987	18.964773795178036	39.35385199999973	23.55317217405323	39.355023000000074	28.24693331091033	39.338980999999876	34.94426715333199
39.716740999999956	7.615877981309545	39.389029000000164	8.788426244702153	39.42864800000007	9.752567324707075	39.387291000000005	11.294041561317858	40.31076999999959	13.127217128618918	40.072576000000026	15.65955008784078	39.39075600000024	18.96973887762232	39.3934519999998	23.559081739789697	39.39482399999997	28.25429841083629	39.38311999999996	34.95561977678881
39.75241200000005	7.617885487193168	39.432681999999886	8.791304232991006	39.467637000000195	9.755726887105787	39.4258420000001	11.297303067240032	40.346767	13.13056257471561	40.112090999999964	15.66374533149721	39.423729000000094	18.97430767352087	39.43316199999981	23.565007720986536	39.43982600000027	28.262625945995484	39.424119000000246	34.96616478707694
39.799410999999964	7.620530232404551	39.46757400000001	8.793604615816172	39.50833899999998	9.759025266360227	39.470422000000326	11.301074640844112	40.38063299999976	13.133709972485104	40.15708700000005	15.668522484061187	39.47349699999995	18.98120361366218	39.47895900000003	23.5718420740682	39.474435000000085	28.269030276121285	39.45967800000017	34.975310620410255
39.8460520000001	7.623154516940511	39.512484000000086	8.79656546734703	39.54809400000022	9.762246903313246	39.505191000000195	11.304016180607213	40.416083999999955	13.137004675087352	40.193084	15.67234422734603	39.51726499999995	18.987268183428014	39.518630999999914	23.577762384469615	39.520254999999906	28.277509180636425	39.50368299999991	34.98662877884641
39.8790570000001	7.625011374989426	39.54826500000013	8.79892445339567	39.58856900000001	9.765526887105773	39.54491000000007	11.307376502096204	40.45591099999956	13.14070606913936	40.237086999999974	15.67701595470562	39.55226700000003	18.992118121075247	39.55320399999982	23.582921763666736	39.59872700000005	28.292030276121277	39.54468200000019	34.99717378913454
39.91602499999999	7.627091006490202	39.588301	8.801563961197662	39.62756799999988	9.768687259877238	39.59290499999997	11.311436992789936	40.496226999999635	13.144452909288066	40.273081999999704	15.680837485653676	39.587942999999996	18.99706144932798	39.59320200000002	23.5888907235235	39.62373600000001	28.296658144367015	39.58062700000028	35.00641890230329
39.95285600000011	7.629162738135602	39.62829500000021	8.804200696021837	39.668231000000105	9.771982478677906	39.62792500000023	11.314399767747657	40.53596099999959	13.14814566021743	40.31194099999993	15.684963082850855	39.622558000000026	19.001857763585985	39.63346700000011	23.59489952817954	39.63872600000013	28.29943201557355	39.61962600000015	35.01644950929914
40.003725999999915	7.632023844101621	39.66819899999996	8.806831493376428	39.71778200000017	9.775997956797845	39.66954200000009	11.317920664532755	40.57595999999967	13.151863039399593	40.35739399999966	15.68978875436585	39.663552999999865	19.00753810167658	39.674539000000095	23.601028762622157	39.67753399999992	28.306613362723773	39.66028899999992	35.02690809983406
40.03769800000009	7.6339343454737705	39.713171999999986	8.809796475936274	39.75441200000023	9.778966352259761	39.73545899999999	11.323497398881308	40.61582499999986	13.15556796505017	40.39238599999999	15.693503798425763	39.698341000000255	19.0123583871138	39.713886999999886	23.606900722031167	39.71497099999988	28.31354100891177	39.69928699999991	35.036938449628295
40.07282299999997	7.635909519394732	39.7562260000002	8.812634937996283	39.78841300000022	9.781721700720054	39.761495000000195	11.325700106157129	40.65540499999997	13.15924640371189	40.43801799999983	15.698348474081335	39.73805200000015	19.017860811944047	39.753307999999834	23.612783575336636	39.78390799999988	28.326297670643825	39.741287000000284	35.0477409187642
40.112824000000046	7.638158675429079	39.79165900000021	8.814970959827189	39.8284349999999	9.784964974626025	39.78648300000032	11.32781415015037	40.69596399999955	13.163015827503672	40.47288600000002	15.702050353261736	39.77881100000013	19.023508449466558	39.79334299999982	23.61875805675732	39.81844600000022	28.33268886235373	39.78001200000017	35.057701052509024
40.152818000000025	7.640407217015429	39.832661000000144	8.817674130223718	39.88372400000026	9.789445444642261	39.824928	11.33106668822141	40.7354949999999	13.16668971226207	40.512968999999885	15.706305900559737	39.81831000000011	19.028981499210218	39.8334890000001	23.62474910286988	39.8674460000002	28.34175621986668	39.82001300000002	35.06798937555425
40.19253000000003	7.642639686729172	39.86726999999996	8.819955821349371	39.92239800000016	9.792579480298654	39.86457500000006	11.334420918339859	40.779501999999866	13.17077958215054	40.55247999999983	15.710500719542637	39.85830800000031	19.0345236912568	39.873443999999836	23.630711645773886	39.891443999999865	28.346197004470614	39.85928700000022	35.078090713002865
40.23252700000012	7.6448879605337074	39.91299700000013	8.82297049221578	39.95802400000002	9.7954665143343	39.90521200000012	11.337858904803486	40.816175999999814	13.174187946462805	40.592081999999664	15.714705199848385	39.90417100000013	19.040878547845388	39.91380600000002	23.63673492588136	39.919210999999905	28.351335235410666	39.90396099999998	35.08958093934025
40.27218300000004	7.647116851971104	39.948994000000084	8.825343684297176	40.00538000000006	9.7993041156309	39.945206000000326	11.341242491943943	40.85990599999968	13.178252072856845	40.63274599999977	15.719022430976967	39.93899099999999	19.045703267257863	39.95300700000007	23.642584948266084	39.954033999999865	28.357779165832568	39.939988000000085	35.09884714304398
40.33860699999991	7.650849781392717	40.021253000000115	8.830107530486025	40.041999999999916	9.802271700720029	39.98494699999992	11.344604674685025	40.90869299999986	13.182786180663552	40.67271899999969	15.723266299752837	39.97828900000013	19.051148466093967	39.99366699999973	23.648652699347963	39.99404800000002	28.365183681006542	39.97995700000001	35.10912723563656
40.37361400000009	7.652816884651456	40.029252999999926	8.83063494877472	40.080539000000044	9.805394796344025	40.024229000000105	11.347928024938847	40.95538099999976	13.187125214120792	40.7128359999997	15.727525456775876	40.01883500000031	19.056766589968177	40.03366499999993	23.65462165920473	40.03933400000005	28.373563769829644	40.01966600000014	35.11934045580119
40.409511000000066	7.654833829200976	40.06714100000022	8.833132799885941	40.11722000000009	9.808367324707078	40.06422599999996	11.351311865886382	40.99604499999987	13.190904396276936	40.75252999999975	15.731739704572888	40.06458100000009	19.063105234834435	40.078531999999996	23.661317227030437	40.08728299999984	28.38243664177631	40.05936100000008	35.129550075142745
40.443508000000065	7.65674386115473	40.10908799999993	8.8358982460102	40.153902000000016	9.811339934107394	40.109881000000314	11.355174387037003	41.05727399999978	13.19659482378622	40.80336899999975	15.737137198999047	40.10857399999986	19.069200980989315	40.11436999999978	23.6666653840219	40.13568200000009	28.39139278537369	40.099584999999934	35.13989575415505
40.480506000000105	7.658822323379743	40.148086999999805	8.838469335508773	40.1885299999999	9.81414609294045	40.144620999999916	11.358113473331386	41.08105399999977	13.19880486096094	40.83422500000006	15.740413130626642	40.14320500000031	19.073999512235048	40.15856299999996	23.67326036984494	40.17435599999999	28.398549336076854	40.143822999999884	35.151273840574795
40.51201900000001	7.660592509444767	40.18778099999986	8.841086240999399	40.22853900000018	9.817388313361866	40.19056099999989	11.362000106157105	41.096052999999756	13.200198820068747	40.8728229999997	15.74451101787578	40.191135999999915	19.080640914479694	40.194085000000086	23.678561369695725	40.206333000000086	28.40446661957058	40.17981400000008	35.16053078501929
40.556016	7.66306374512291	40.22741199999996	8.843698989790203	40.267929000000095	9.820580371708697	40.22452700000031	11.364873710218053	41.13588299999992	13.203900492931215	40.91252200000008	15.74872579651474	40.23195600000008	19.086297004267717	40.233799999999974	23.684488097049837	40.2443330000001	28.411498447845936	40.21959000000015	35.17076123769421
40.5919879999999	7.665084043794051	40.26840900000002	8.846401791289578	40.30849399999988	9.823867648856169	40.270472000000154	11.368760766055603	41.17587799999956	13.207617500366126	40.952524999999696	15.752972850342072	40.26956700000028	19.09150844946658	40.27305200000001	23.690345730238917	40.28397900000027	28.41883486531451	40.25959000000012	35.18104930353782
40.632012999999915	7.6673317752858114	40.30998000000022	8.849142431257793	40.347213999999894	9.82700541222732	40.3104229999999	11.37214071529416	41.21556299999975	13.211305697392167	40.992641999999705	15.757232007365111	40.30456499999991	19.096357832866833	40.3136599999998	23.696405721284997	40.32297500000004	28.426051001509876	40.29958799999986	35.191336854978076
40.67300799999998	7.6696337671803745	40.348580000000084	8.851687199781903	40.39621100000022	9.830975995695741	40.34553499999993	11.375111273669797	41.259383999999955	13.215378281035308	41.03252100000009	15.761465896313023	40.338316000000304	19.10103442979082	40.35369199999968	23.70237975501129	40.36670099999992	28.434142415277435	40.34130700000014	35.202067050451404
40.7126310000001	7.671858513444055	40.387578000000076	8.85425820407684	40.44136100000014	9.834634828758945	40.38652900000034	11.378579463179138	41.29507599999988	13.218695381407048	41.07266200000004	15.76572760137725	40.378103999999894	19.106547523874173	40.393311999999696	23.708292305376908	40.403256000000056	28.440906849030235	40.3809110000002	35.212253264443184
40.752340000000004	7.674087888647804	40.427367000000004	8.856881353178725	40.48899200000005	9.83849471530675	40.42527800000016	11.381857720370324	41.34607099999994	13.223434693674712	41.113108999999895	15.77002179396668	40.418102999999974	19.11208985448247	40.433678999999756	23.714316331641655	40.43622899999991	28.447008440443977	40.41949400000021	35.222176875554304
40.79233700000009	7.676333231945119	40.46768300000008	8.859539242374685	40.535717000000204	9.842281182081479	40.46501800000033	11.385219818509086	41.38061499999958	13.226645102596612	41.15270499999997	15.774225637262155	40.4628230000003	19.118286335014595	40.47431499999993	23.720380501168616	40.47393800000009	28.45398641971862	40.45910700000013	35.23236540436086
40.83255699999995	7.67859089166206	40.51244100000008	8.86248997300056	40.571707999999944	9.845197794723273	40.505255000000034	11.388623964025136	41.42003199999999	13.230308392559476	41.192345999999816	15.778434258134844	40.50477000000001	19.12409858387142	40.51330400000006	23.726198886484262	40.51859800000011	28.462250668423287	40.499107000000095	35.24265347020447
40.903158000000076	7.682553433706849	40.54843899999992	8.864863186201813	40.60956100000021	9.848265298775157	40.544278000000304	11.391925402265429	41.46203699999978	13.234212202968378	41.232344999999896	15.78268088728869	40.54177200000004	19.129225644977147	40.55329499999971	23.73216680172074	40.55493400000023	28.468974576639447	40.54010700000026	35.253198737694234
40.926737	7.683876688039357	40.59221199999979	8.86774897270374	40.64559199999985	9.85118515290803	40.586023000000296	11.395457128153755	41.49578999999994	13.237349098879173	41.27293299999974	15.78699004962013	40.58362799999986	19.135025284716626	40.594028999999864	23.738245595930582	40.59913199999983	28.477153333116057	40.57977400000027	35.26340115538971
40.96640400000001	7.6861026472774	40.63283999999999	8.87042741817384	40.68360100000018	9.854265298775156	40.62477399999989	11.398735554549658	41.53917599999977	13.241381255012985	41.312523000000056	15.791193255905332	40.632372999999916	19.141779476208942	40.6323239999997	23.743960414614335	40.635155999999824	28.48381950632109	40.619774000000234	35.27368922123332
40.994208999999955	7.687662841925888	40.66761100000008	8.872719732068328	40.7221770000001	9.857391392778391	40.66932300000008	11.4025045054803	41.575876999999764	13.244792128618933	41.352190000000064	15.795404637155997	40.68213800000012	19.148675000665115	40.67324000000008	23.750066368949568	40.67880100000002	28.491895931191593	40.65937699999995	35.28387517802337
41.03627899999992	7.690023295481144	40.70760899999982	8.875356638570988	40.75975900000003	9.860436935728142	40.7044820000001	11.405479040167274	41.61965399999963	13.248860623042713	41.39775499999996	15.800242199529912	40.71642500000007	19.153425866675917	40.71325099999967	23.7560372688152	40.714473	28.498496967461016	40.70338500000025	35.2951941080646
41.07189399999993	7.692021405772481	40.748136999999815	8.878028482878292	40.796757999999954	9.863435233945317	40.744210000000294	11.408840123077612	41.65566099999978	13.252206998507411	41.432504999999765	15.803931550841071	40.75004600000011	19.15808445057505	40.75837999999976	23.762771935282903	40.75544799999989	28.506079313871062	40.74438000000009	35.30573808954604
41.117893000000095	7.69460186401207	40.787732000000005	8.880638815495459	40.83434699999998	9.866481344156014	40.790084000000206	11.412721172146977	41.69938499999989	13.256270567280655	41.47710999999981	15.808667191567267	40.78392800000029	19.162779199085534	40.79279499999984	23.767907735909688	40.79428700000017	28.51326639751286	40.809142000000065	35.32239498255015
41.17662799999994	7.697896419974886	40.82872900000007	8.883341573181886	40.86791600000015	9.869201684512593	40.82478500000025	11.415656958949011	41.73604899999964	13.25967800222487	41.51185200000009	15.812355693531412	40.822584000000006	19.168135441291398	40.83304099999987	23.77391370516801	40.83491200000026	28.520783977083568	40.842421000000286	35.33095439613045
41.209634999999935	7.699747664260993	40.867976000000226	8.885928958064055	40.90791500000023	9.872443094561222	40.872575000000325	11.41970010615714	41.77504799999997	13.263302444604083	41.579491999999846	15.81953692296126	40.85857900000019	19.173122970735793	40.87313499999982	23.77989699124471	40.87391000000025	28.5280004833752	40.88223100000005	35.34119359366126
41.24363500000004	7.701654467691963	40.90956799999981	8.888670935742702	40.95762500000001	9.876471457608206	40.90748900000017	11.422653913263726	41.81579299999976	13.267089154641237	41.61448999999993	15.823252604031447	40.89842799999997	19.17864451708466	40.91358199999968	23.785932956026063	40.91551000000027	28.53569848485559	40.916571000000204	35.35002589818804
41.2798029999999	7.703682708601315	40.94837799999982	8.891229505727186	41.00724100000025	9.880492203151174	40.944484999999986	11.42578386250229	41.855511999999635	13.27078051151855	41.659200000000055	15.827999392437874	40.938206000000264	19.184156225550822	40.958474000000024	23.792632254638264	40.95523400000002	28.543049336076862	40.954849000000195	35.3598710627971
41.36157400000002	7.708267726194232	41.03130900000019	8.896696767713223	41.10262999999986	9.888222267980964	41.030771000000186	11.433083862502306	41.93920299999991	13.27855848549627	41.75632599999972	15.838311102810488	41.021451999999954	19.195690935263958	41.036267999999836	23.804241566681213	41.038468000000194	28.55845163067349	41.03879300000017	35.381461597776514
41.387748999999985	7.709735232196872	41.05792099999985	8.898451172886123	41.130633000000216	9.890491554852956	41.05877700000019	11.435453236444777	41.965737999999874	13.281024563563182	41.782330999999886	15.841072011611864	41.04652800000031	19.199165509186688	41.066817999999785	23.808800587722843	41.066475999999966	28.563634458208604	41.04679399999986	35.3835194681468
41.4507430000001	7.713266678727013	41.11692500000004	8.902341027578075	41.19856299999992	9.89599641708956	41.12623900000017	11.441160681453235	42.02442299999984	13.286478559845706	41.84896200000003	15.848146117143253	41.10359100000005	19.20707225714287	41.13320999999996	23.81870836268183	41.131206999999904	28.575612807579432	41.12397199999987	35.40336977678878
41.459742000000006	7.713771125972942	41.145921000000044	8.904252594676167	41.22953800000005	9.898506546749214	41.15687500000013	11.443752559625821	42.03342399999974	13.287315084009267	41.87496299999975	15.85090660127105	41.13059000000021	19.21081328527092	41.15921099999969	23.82258852982102	41.16285300000027	28.581468840147966	41.153628000000026	35.41099734880528
41.54799400000002	7.718717685363581	41.210646000000224	8.908519598415303	41.29222699999991	9.903586692616301	41.23629699999992	11.450471848965904	42.1061279999999	13.294071961332701	41.935227999999825	15.8573048388759	41.200206999999864	19.220459537176097	41.23041699999976	23.83321470501876	41.23651800000016	28.59510040935594	41.22103599999991	35.428334797364926
41.55599200000006	7.719165932873639	41.238329999999905	8.91034466757293	41.32195600000023	9.905995849828646	41.26530600000024	11.452926079084374	42.13289999999961	13.296560065421893	41.96198499999991	15.860145586301325	41.226130999999896	19.224051611445187	41.25841999999966	23.83739363353688	41.266149999999925	28.60058375502577	41.24703700000009	35.43502229736497
41.62759499999993	7.723178599577317	41.30119600000012	8.914489107519657	41.373547000000144	9.910176643993953	41.32988999999998	11.458390038475216	42.19772699999976	13.302584879548302	42.023655999999846	15.866693096652735	41.28182800000013	19.23176908407928	41.3228839999997	23.84701369024484	41.326164999999946	28.611689417498017	41.307924000000185	35.45068253399051
41.65162400000008	7.724525068017015	41.327860999999984	8.916246995346306	41.40055200000006	9.912365055663315	41.35770400000001	11.460743168762868	42.22272699999985	13.304908299622658	42.03200199999992	15.867579177977724	41.30682800000022	19.23523312731055	41.35088700000006	23.851192618763026	41.36706800000002	28.619258440443996	41.331930000000284	35.456856916706585
41.7042449999999	7.727473469579978	41.38485999999989	8.920004645902772	41.47237600000017	9.918185477057165	41.43126800000027	11.466966857426172	42.26894299999958	13.30920346690888	42.10759400000006	15.875604658389673	41.36505299999999	19.24330088399612	41.41396799999984	23.860606288364544	41.42810099999997	28.630552481894764	41.389262000000144	35.47160280148021
41.7271639999999	7.728757546032103	41.4126490000001	8.921836629812013	41.501380000000154	9.920535882243549	41.497969999999896	11.472610004634262	42.27796799999987	13.310042221555747	42.135275999999976	15.878543611569407	41.38905199999999	19.246626226936403	41.44197200000008	23.86478536611417	41.467899000000216	28.637917026676455	41.414498000000094	35.47809354222094
41.78113499999995	7.731781136613895	41.42864799999984	8.922891359962001	41.5610700000002	9.925372997316487	41.50556000000006	11.47325213661397	42.34906799999999	13.316650028247206	42.20098000000007	15.885519299009697	41.43647499999997	19.25319723982264	41.50430000000006	23.87408666442785	41.52955699999984	28.64932672319748	41.47657200000003	35.49405907720035
41.80382200000008	7.733052024208979	41.455764000000045	8.92467897474926	41.58875799999987	9.92761675744612	41.58634600000005	11.480086823585205	42.377448999999615	13.319287667652377	42.70220699999982	15.938733759143442	41.45849799999996	19.25624878478592	41.53107799999998	23.878082784409933	41.55881899999986	28.65474160106573	41.502578000000085	35.50074786320859
41.81482099999994	7.733668149548419	41.511126000000104	8.928328695931322	41.62703499999998	9.930718621303503	41.61234300000024	11.482286231368638	42.44475999999986	13.32554333679738	42.73520899999994	15.942237528121055	41.49124800000027	19.260786681418914	41.56407599999966	23.883007124060683	41.61935200000016	28.665943118460305	41.56526299999996	35.51687054839374
41.88444699999991	7.737568049697929	41.53773800000022	8.930083081483629	41.66304799999989	9.933637016765408	41.66508500000009	11.486748329507375	42.470760999999584	13.327959786611482	42.76120899999978	15.94499790608048	41.517243000000235	19.26438859357077	41.60007899999982	23.88837990424277	41.646360000000186	28.67094089788296	41.59144900000001	35.523605630698285
41.90844500000003	7.7389121076690675	41.552507000000105	8.931056721517933	41.72168199999987	9.938388556473672	41.691088000000036	11.488948244905	42.503377999999884	13.330991106314112	42.776206999999886	15.94659021948956	41.575746999999865	19.272495008978787	41.64930800000002	23.895726419688252	41.70074900000009	28.68100547967421	41.64489800000001	35.537352801480175
41.92104999999992	7.739618052227163	41.58849600000008	8.933429279717291	41.746443	9.940395120493132	41.7176629999999	11.491196552857613	42.526378999999906	13.333128745719318	42.80106599999999	15.949229459323949	41.599748999999974	19.275820767604266	41.67555599999969	23.899643446997562	41.729537000000164	28.68633264473714	41.670194000000265	35.54385897431975
41.987480000000005	7.743338192522043	41.62749000000008	8.935999939095826	41.75941899999998	9.941446660201397	41.744284000000334	11.493448752519239	42.5390169999996	13.334303281035275	42.81506300000001	15.950715498181577	41.65545999999995	19.28354018010253	41.738230999999814	23.90899652862719	41.745534000000134	28.689292859392943	41.69219000000021	35.549516381727145
42.01047700000004	7.744625936270218	41.66707900000006	8.9386098213775	41.79645000000028	9.944447551611468	41.761281000000054	11.494886738982837	42.57465899999988	13.3376157345669	42.83781399999998	15.953130935064472	41.681462999999894	19.287143200748222	41.762232999999924	23.91257838208191	41.7715360000002	28.69410448041442	41.70018900000014	35.5515737376942
42.03207199999997	7.745835122568639	41.736248999999816	8.943169809076066	41.85012800000004	9.948797470574172	41.787882999999965	11.497137331199411	42.642251999999644	13.343897611890299	42.85281299999997	15.95472335464192	41.72986300000002	19.29384958844396	41.774679000000106	23.9144357168081	41.826832000000195	28.70433690084373	41.7399519999999	35.56180084674764
42.07162399999993	7.748049662535312	41.77289300000007	8.945585538549281	41.87412799999993	9.950742365225704	41.847447999999986	11.502176671300935	42.69499199999973	13.348799098879153	42.87581799999998	15.957165758294114	41.7558640000002	19.297452331966223	41.799680999999964	23.91816680172078	41.852859999999964	28.70915333311608	41.76470300000028	35.568166844690126
42.11261800000011	7.75034476817142	41.80845199999999	8.947929738459166	41.89812800000027	9.95268725987727	41.87044700000024	11.504122441182513	42.72064799999998	13.351183485496277	42.925565000000006	15.962447316845978	41.80622500000027	19.30443043921301	41.813678999999865	23.920255743669728	41.897065999999995	28.71733356997767	41.81370000000015	35.580768953743586
42.152925000000096	7.7526012406752525	41.89892399999985	8.953894028444484	41.92450000000008	9.954824374950189	41.885569999999916	11.505401882806852	42.74964499999987	13.353878373972103	42.94824100000005	15.964854791100151	41.84122400000024	19.30927996117504	41.87140700000009	23.928870577276683	41.921945999999934	28.72193756701689	41.82170099999985	35.58282682411388
42.19674000000009	7.755053907929442	41.92292500000008	8.95547627226331	41.938496000000214	9.955958572681155	41.89456800000016	11.506163134921932	42.8319419999998	13.361526794046446	42.96123899999975	15.966234767743074	41.87607100000014	19.314108421754213	41.88040799999999	23.93021380963005	41.93593499999997	28.724526205062787	41.89638300000024	35.60203515744731
42.23169800000005	7.757010638192928	41.93694900000014	8.95640079120493	41.97208099999989	9.958680209634128	41.92356500000005	11.50861634981194	42.85494199999994	13.36366434051486	42.99826699999994	15.970165970630875	41.90962600000012	19.318757860579208	41.96049099999982	23.942164712480345	41.9609089999999	28.729147596624582	41.922383999999965	35.608722657447245
42.2846770000001	7.759975833237378	41.971890999999914	8.958704308432258	42.01374100000021	9.962056222600118	41.9601590000002	11.511712288898247	42.866939999999886	13.364779396276937	43.05553999999984	15.976246552433604	41.947625000000244	19.32402306772901	41.98749199999975	23.94619411107756	41.99490800000012	28.735439047401826	41.941381999999976	35.613608974319675
42.31667700000003	7.761766711120316	42.00952900000016	8.961185555103555	42.054359000000204	9.965347794723295	42.04156000000012	11.518599006326328	42.89963499999976	13.367817965050161	43.07854300000008	15.978688743749055	41.97862400000031	19.328318342774054	42.01150000000007	23.949776859921062	42.019714999999906	28.7400295359288	41.99660700000004	35.62781293522504
42.35184499999991	7.763734766537534	42.06127399999991	8.964596788444327	42.09205800000018	9.968402819034475	42.06516899999997	11.52059638365288	42.935633999999936	13.371163597020438	43.090512999999646	15.979959579294185	42.05518600000005	19.338926905888883	42.04951200000005	23.95544944610223	42.03459500000008	28.74278305184297	42.03361399999994	35.637331196541886
42.39249300000006	7.766009336237597	42.08528000000001	8.966179356992917	42.129761000000144	9.971458167494765	42.07816700000012	11.521696045243417	42.97522899999967	13.374843429734167	43.135201999999936	15.984704138164583	42.0781850000003	19.34211368709995	42.141925999999785	23.969240522061	42.12280800000008	28.75910670099175	42.07031899999993	35.646771782961636
42.43249100000003	7.768247372109145	42.108973000000105	8.967741290678141	42.16659900000013	9.974443418710322	42.122787000000244	11.525471002942243	43.0148549999999	13.378526143488834	43.179875999999695	15.98944710450918	42.09808000000021	19.344870372703372	42.15092800000002	23.970583903645874	42.14558500000021	28.763321541850395	42.10914899999989	35.65675892287932
42.472252000000026	7.770471989266518	42.15297100000021	8.970641806254363	42.204267999999956	9.977496011903177	42.168415000000095	11.529331239828863	43.055471999999554	13.382300957615197	43.25059999999985	15.996955757232415	42.169762999999875	19.35480289314118	42.22177099999999	23.98115590782435	42.16573500000004	28.76705026131743	42.14514899999995	35.66601818213859
42.51691299999993	7.772970573713604	42.18757900000014	8.972923295669233	42.248953000000256	9.981117162632536	42.21441499999992	11.5332229487967	43.13477699999976	13.389671310775068	43.27423399999998	15.999464940797562	42.17876299999989	19.356049948704438	42.24577199999976	23.984737612047564	42.20676300000014	28.774642415277476	42.18040400000018	35.675085826171575
42.5520939999999	7.7749386562238545	42.22717799999987	8.975533808817282	42.28495100000009	9.984034342535278	42.24606900000026	11.535900952180825	43.15777799999978	13.391808950180273	43.28722999999991	16.000844705103745	42.2393390000002	19.36444346401555	42.25977499999999	23.986827300153852	42.295398000000205	28.791044154729747	42.22117400000025	35.6855719372827
42.59196300000008	7.777168846847063	42.26720300000011	8.978172403597897	42.32063900000003	9.986926400882114	42.285729000000174	11.539256282130054	43.175452999999834	13.393451608172843	43.32322900000008	16.00466666072538	42.296346000000085	19.37234245251491	42.29599999999982	23.992233209719565	42.32140500000014	28.795856700991763	42.26018699999986	35.695606145101536
42.63196300000004	7.7794062100338595	42.307787999999846	8.980847913734696	42.357438999999886	9.989908572681129	42.33232100000032	11.543198075700287	43.21544899999981	13.397168708544587	43.357226999999966	16.00827617341249	42.32020800000009	19.375648812498284	42.33399999999983	23.997904005123235	42.38458300000002	28.80754767064385	42.30073700000003	35.70603567185055
42.671550000000025	7.781620320142752	42.347125000000005	8.983441149390474	42.408402000000024	9.994038475436408	42.36931700000014	11.54632802493885	43.25601199999983	13.400938504083623	43.39192099999991	16.011959579294214	42.3382059999999	19.378142646501306	42.37066099999993	24.003374979604672	42.40858500000013	28.811989195440315	42.34071900000026	35.7163191080646
42.711704000000054	7.783865988781421	42.45134299999995	8.9903115640628	42.444402999999966	9.99695589845099	42.407918000000336	11.549593760979477	43.29564199999959	13.40462158958546	43.43192399999998	16.01620663312159	42.37798100000009	19.383653939282265	42.40805899999987	24.00895593767062	42.423603000000185	28.81476824799399	42.41833900000029	35.736283099834154
42.75170200000002	7.786102779665082	42.476585000000114	8.99197560308026	42.48318199999994	10.000098443021491	42.44750900000008	11.552943253365243	43.33463999999958	13.40824593902784	43.47174499999983	16.020434364303227	42.41798199999994	19.389196547013988	42.44405599999982	24.01432782246393	42.4521450000002	28.82004989122123	42.42633999999998	35.73834097020445
42.82652800000005	7.790286834071008	42.489925000000085	8.992855021247856	42.517295000000104	10.002862867656836	42.48550900000009	11.556158143382163	43.38823299999967	13.413226701109632	43.51644699999997	16.02518030336259	42.50044500000013	19.40062276289319	42.4830579999998	24.020148147788504	42.50171399999999	28.829222541110163	42.45933700000023	35.74682785292056
42.834526000000096	7.790734027944433	42.53666399999997	8.995936213557531	42.555295000000115	10.005942284188441	42.52439499999991	11.559447991097883	43.43307899999991	13.417394544975824	43.55208599999969	16.028964038366276	43.00870299999997	19.471047870278507	42.53231800000003	24.027499289409192	42.53973799999994	28.83625881054021	42.49869399999989	35.756950538105656
42.89738299999999	7.794248356069875	42.57249999999999	8.998298641791965	42.59135000000015	10.008864083215997	42.56410400000004	11.562807466563207	43.466861999999765	13.42053422899068	43.596763999999894	16.033707429384453	43.02242699999988	19.472949491450727	42.6023110000001	24.037944446848392	42.59800300000006	28.84704063881558	42.54048499999999	35.76769925209746
42.93337500000007	7.796260499072346	42.63927699999999	9.002700799958344	42.628028000000086	10.011836368467208	42.60110200000008	11.565937585006527	43.503165999999965	13.423908206685866	43.64034999999967	16.03833488452829	43.04485199999999	19.476056738229182	42.62885099999994	24.04190504974346	42.6229800000001	28.85166258552173	42.58748000000014	35.77978644345552
42.96659	7.798117286604086	42.66500800000017	9.004397070359047	42.66701899999998	10.014996092940457	42.6396749999999	11.569200952180793	43.54854099999966	13.428125214120783	43.70501299999978	16.04520005068182	43.06282800000008	19.4785475238742	42.641847999999754	24.043844611002942	42.63601199999994	28.854074132523923	42.62920200000008	35.79051741053369
43.00069600000006	7.800023777032313	42.67800599999987	9.005253940125199	42.7079090000002	10.018309707203034	42.6763490000003	11.572303659456631	43.582104999999956	13.43124454497583	43.72835299999997	16.047678020742353	43.08782700000029	19.48201142854376	42.67684999999983	24.049068010495567	42.67456600000014	28.86120847745364	42.667201000000205	35.800290815883514
43.03477799999996	7.801928819253021	42.71634500000005	9.007781368714223	42.74751000000015	10.021518864415349	42.73916899999995	11.577618380268785	43.614779	13.434281162076203	43.75734999999986	16.050756585345805	43.100662000000284	19.48378986833869	42.71314799999982	24.054484813957735	42.71502999999984	28.86869626427816	42.71076200000016	35.811494776788855
43.07677899999999	7.804276354814219	42.7586060000001	9.010567346256439	42.82908499999985	10.028129480298631	42.76517700000022	11.579818718678283	43.65477699999974	13.437998448321533	43.79204499999969	16.054440097395897	43.12454400000024	19.48709899955664	42.752860000000055	24.060411093617525	42.753611999999976	28.875835790555016	42.750950999999986	35.82183145374354
43.11737500000004	7.806545209376209	42.791996000000154	9.012768518407423	42.852769999999964	10.030048848207878	42.82226600000013	11.584648583314484	43.695460999999796	13.441779489213733	43.831717000000026	16.05865200948851	43.15554199999997	19.491394136039904	42.79286000000002	24.066380351937173	42.83098599999994	28.890153703212302	42.79795100000001	35.833919931109804
43.168380999999954	7.80939565374325	42.8278899999998	9.015134760747397	42.86677000000009	10.031183370087952	42.84621100000004	11.58667438703698	43.735149999999976	13.445468057986982	43.87171699999999	16.06289874481073	43.179543000000194	19.494719756103674	42.83749499999976	24.073041298064577	42.855990999999904	28.89478083126559	42.82967099999996	35.842078367323786
43.204377999999906	7.811407187348443	42.867880000000014	9.017771022444638	42.936469000000216	10.036831587267866	42.86420799999996	11.588196975869462	43.77514699999983	13.449185251295521	43.94980899999973	16.071189646180272	43.19254200000023	19.496520920022206	42.87401	24.078490484753168	42.87398600000006	28.89811077205022	42.85842700000012	35.849474457858804
43.241170999999895	7.813463082514649	42.90807000000018	9.020420467171874	42.96825100000024	10.039407114010169	42.90420300000005	11.591580647612279	43.81479799999988	13.452870288470246	43.95880799999986	16.072145055459405	43.215259999999944	19.499668765387277	42.92071699999997	24.085460638461562	42.91481500000009	28.905666101435866	42.89938699999993	35.86000943728263
43.272169000000076	7.815195075245203	42.9469160000001	9.02298130992521	43.00631999999996	10.042492122113874	42.94494299999997	11.595027348119885	43.855347999999594	13.456638875830814	43.99180699999988	16.075648505931856	43.23688900000025	19.502665717029274	42.95701400000007	24.09087729269229	42.98484899999994	28.918625760947315	42.939388000000235	35.87029776032797
43.31223399999999	7.817433554937418	42.99258799999984	9.025992140863686	43.05316500000026	10.046288313361874	42.984946000000036	11.598411696681652	43.91013299999986	13.461730418581768	44.032354999999825	16.079953421527986	43.270680000000084	19.50734785642235	43.012013000000024	24.099084873650348	43.011535000000094	28.923563954877764	42.979251000000204	35.88055058954607
43.35186799999997	7.819647815451045	43.027585000000045	9.028299243453635	43.099023000000216	10.050004520817298	43.02414900000031	11.60172836334834	43.94580099999985	13.465045288470243	44.07203799999979	16.084166501472776	43.3036790000001	19.511920254925887	43.050568999999996	24.10483864174466	43.04624100000001	28.929986234670494	43.05703600000015	35.90055701958721
43.391685999999936	7.82187221749966	43.067112999999836	9.030905041180898	43.12489200000027	10.052100874139832	43.06398300000001	11.605098414109737	44.00247999999965	13.470312853525986	44.11677699999973	16.08891636876229	43.33732700000019	19.516582579991717	43.09629899999982	24.11166299631858	43.08021599999984	28.936273244292963	43.08066000000008	35.906633151274434
43.43661799999995	7.824382143955326	43.10714299999995	9.033543930699981	43.17502400000012	10.056163434917778	43.10406499999999	11.608489446258634	44.0841989999999	13.47790755612824	44.15177199999971	16.092631731327316	43.39197100000001	19.52415414712485	43.13392900000008	24.117278576082832	43.126620999999886	28.944860401953964	43.09963300000027	35.91151303810575
43.471373000000085	7.826323458009451	43.14753700000006	9.036206814634086	43.21098800000027	10.05907785955312	43.144062000000304	11.611873287206208	44.107200999999804	13.480045288470238	44.20442000000003	16.098221284358456	43.425173000000086	19.52875467365943	43.17265499999985	24.12305771352497	43.166251999999986	28.952194043700835	43.17889500000001	35.931899354978114
43.51236999999992	7.8286132989007875	43.187118000000055	9.03881610193665	43.248683000000256	10.062132559715195	43.18477900000016	11.615318041859327	44.11881999999969	13.481125121183982	44.24723199999971	16.102766565173795	43.459945999999945	19.533572880670633	43.20765699999993	24.128281113017593	43.197251999999935	28.957930535188616	43.18689399999994	35.93395671094518
43.55140400000005	7.830793365314223	43.22675499999991	9.041429079510909	43.2872510000002	10.065258005420215	43.22396200000003	11.618633016478604	44.15281899999991	13.484284879548316	44.281668999999965	16.106422685781105	43.53095100000019	19.54341145625609	43.253651999999875	24.135145013927897	43.2340549999999	28.964740860873285	43.21989600000006	35.94244487966949
43.597066999999925	7.833343500246463	43.26766999999995	9.044126304826529	43.32563600000003	10.068368621303508	43.26796000000013	11.622355351503995	44.187377999999626	13.487496682522266	44.34538100000009	16.113186885802353	44.0554360000001	19.616085004821965	43.2909209999998	24.140706721135764	43.2738260000001	28.972100409355928	43.25889899999993	35.95247651547192
43.632057999999915	7.835297518468572	43.30818299999987	9.046797027797634	43.36441100000002	10.0715108417249	43.303611000000274	11.625371510556459	44.2211699999998	13.49063720296838	44.379231999999774	16.11678079173713	44.06843400000025	19.617886030178784	43.325922999999875	24.145930120628393	43.31782599999997	28.980242526306313	43.33687599999985	35.97253232822911
43.684672999999975	7.838235528419734	43.34775400000012	9.049405650297938	43.40119300000015	10.07449155485295	43.34459000000015	11.628838431030221	44.2551739999999	13.493797426016716	44.392227999999704	16.118160556043314	44.09221699999989	19.621181443785495	43.398249999999734	24.15672358429051	43.35868400000027	28.98780322208727	43.362877000000026	35.97921982822915
43.72966900000006	7.840747912090227	43.387312000000065	9.052013414470778	43.440192000000025	10.077651927624414	43.3857109999999	11.632317365040354	44.2947409999997	13.497474656499968	44.43222900000001	16.12240739753395	44.10821299999998	19.623397877206596	43.42325099999971	24.160454519971747	43.44294799999989	29.003396116239678	43.37988200000018	35.98359354222096
43.77363300000002	7.843202511428098	43.42801799999984	9.054696856352766	43.47805300000027	10.080720079974515	43.46193200000016	11.638765842197735	44.33533299999999	13.501247147206316	44.47212199999967	16.126642772839148	44.13223500000004	19.626726407066656	43.48124599999983	24.169109198377974	43.46975100000009	29.0083559607993	43.41935599999988	35.993746319998664
43.817424000000074	7.845647293759965	43.46701400000006	9.057267569440032	43.51760899999999	10.083925590509338	43.485931000000164	11.640796214448159	44.40328899999986	13.507562760589202	44.51187399999981	16.130863178402386	44.190227999999934	19.634762017431058	43.489822000000004	24.170389007361734	43.51074500000004	29.015941823123498	43.471352000000024	36.00711977678882
43.85242399999993	7.847601175679099	43.50811399999998	9.059976982072676	43.59258499999987	10.090001441400739	43.50794399999995	11.642658566393996	44.43828599999961	13.510815269882858	44.551752999999735	16.13509706735025	44.212250999999924	19.63781356239434	43.52245700000003	24.175259175993286	43.518747000000076	29.017422578119803	43.501082000000224	36.01476638172714
43.88642099999993	7.849498969507881	43.54729400000019	9.062559822323614	43.61934199999996	10.092169755825381	43.553762000000006	11.646534877730717	44.4732869999998	13.51406815092377	44.59174899999971	16.139343377998937	44.228251999999884	19.64003068862407	43.55445499999996	24.180034284186082	43.57060799999999	29.02701935828263	43.538704999999936	36.024443079257935
43.931106	7.8519932507981265	43.587294000000156	9.065196717680626	43.63397699999996	10.093355736376434	43.59075800000028	11.64966482696932	44.50804799999969	13.517298727131937	44.63266900000008	16.143687788233606	44.250982999999906	19.643180335291664	43.59245699999974	24.185705378052635	43.60932099999991	29.034183125862185	43.59170200000017	36.03807399489585
43.98410100000001	7.854951181555018	43.64450099999999	9.068967937288292	43.66943100000026	10.096228832000445	43.62443800000028	11.652514234752736	44.542851999999584	13.520533299622635	44.6723979999997	16.14790575192398	44.26498399999991	19.6451203380629	43.633234999999786	24.191790738446613	43.647308000000066	29.041212548512103	43.62741499999993	36.04725943728262
44.00672000000009	7.856213598988138	43.691490999999814	9.072065626375066	43.71145800000022	10.09963458564712	43.6640010000001	11.65586135827218	44.591403999999784	13.525045567280646	44.717107999999826	16.152652540330408	44.28898200000003	19.648445542441465	43.70758399999977	24.20288594811681	43.695904000000155	29.05020514658762	43.67073600000003	36.05840166979294
44.03672000000006	7.857887903886207	43.738275999999814	9.075149799694481	43.747425999999905	10.102549334431536	43.703995000000305	11.659244945412638	44.62649599999986	13.528306905570616	44.784376000000066	16.15979427512181	44.301980000000185	19.650246567798284	43.73216199999979	24.206553758891324	43.73290300000008	29.057051741702335	43.705327000000125	36.06729853193288
44.071738000000096	7.859842173977448	43.762907999999925	9.07677359633367	43.79245600000013	10.106198443021505	43.74356500000022	11.662592661148672	44.67237799999975	13.532571031964657	44.80638299999964	16.162130722727667	44.33769900000016	19.655195854205374	43.75315999999975	24.20968732104622	43.769710999999916	29.063862992627545	43.739006000000245	36.075960826171595
44.11654300000009	7.862342491958435	43.7919260000001	9.07868652733263	43.82743000000028	10.109032640752474	43.78518299999996	11.666113642536128	44.70777399999997	13.535860623042744	44.83145299999978	16.164792364090886	44.381433000000015	19.66125571287239	43.79287299999987	24.215613749937447	43.83758100000023	29.076422208023608	43.78001600000016	36.08650866567774
44.1635060000001	7.864963067068128	43.82725099999993	9.081015228924468	43.86742499999991	10.112273726651958	43.8241780000003	11.6694127119101	44.74620099999993	13.539431905570622	44.87215799999967	16.169113948123147	44.421674000000166	19.666831575419174	43.83308399999987	24.221614496094737	43.862583000000086	29.081048780932534	43.82001600000012	36.09679673152136
44.211504000000104	7.867641218644769	43.86679500000014	9.083622055163554	43.90842299999986	10.115596092940446	43.86374999999998	11.67276059685085	44.78719499999988	13.543241756871733	44.911947000000055	16.173338281916585	44.457890000000134	19.671849727005704	43.90608299999985	24.232508243296646	43.87458000000015	29.08326880313832	43.858826000000136	36.10677872740614
44.25745299999994	7.8702048749535995	43.91279300000019	9.086654341634365	43.948423000000275	10.11883758402638	43.90338900000006	11.676114150150351	44.820432999999866	13.54633079032898	44.95183199999974	16.17757280787472	44.49762899999996	19.677356031564358	43.93172199999981	24.23633438864808	43.914638000000195	29.090681460429224	43.93526500000007	36.126438964031635
44.30213499999991	7.8726976853191015	43.94684600000005	9.088899187185497	43.987490999999864	10.122003548369944	43.9602789999999	11.680927178915141	44.855253999999604	13.549566942745312	44.99169099999972	16.18180457345493	44.53721799999994	19.68284155186365	43.95250099999976	24.239435269113674	43.959616000000096	29.099004554433648	43.94292500000029	36.12840912864074
44.32613100000003	7.874036360046907	43.98706599999991	9.091550573305673	44.028307999999925	10.125311246911277	44.00489400000015	11.684701713602134	44.895510999999715	13.553308299622646	45.031802999999854	16.186063199636067	44.57786100000021	19.688473116225612	43.99350299999969	24.245554057354227	43.99538600000005	29.105623725418095	43.97976599999993	36.13788469448427
44.35774300000003	7.875799844856138	44.02706400000011	9.094187323584435	44.09282400000029	10.130539447883756	44.04975800000011	11.68849731427895	44.94895799999995	13.55827549293122	45.0713139999998	16.19025801861897	44.616859000000204	19.693876746542916	44.03321800000003	24.251480784708402	44.034024000000045	29.112773614389226	44.01976599999989	36.14817276032788
44.393737999999985	7.877807744484302	44.06778099999997	9.096871470665684	44.129635000000235	10.133522511092828	44.085753000000295	11.691542576546308	44.98495799999955	13.561621217838244	45.11104299999988	16.194475982309392	44.65771399999994	19.699537685991405	44.07418999999982	24.25759509600519	44.07404799999995	29.120179980044277	44.06468399999994	36.159725743866986
44.431734000000006	7.879927159454389	44.1073600000002	9.099480597379909	44.167005000000245	10.136550874139829	44.13241599999992	11.695490376884687	45.02098299999989	13.564969266165413	45.15169100000003	16.198791514743846	44.697505999999976	19.70505133432174	44.11298499999975	24.263384530417955	44.11546700000008	29.127844487816326	44.09954000000016	36.16869076444318
44.471980999999914	7.882172017091266	44.18904899999984	9.104865695997056	44.21200899999985	10.140197875760542	44.167205000000195	11.6984336086952	45.05498299999999	13.568129117466539	45.21633799999972	16.205654982203207	44.73769600000014	19.710620130220335	44.15279699999974	24.269325733223504	44.15407300000015	29.13498845524787	44.14254200000005	36.179750949628335
44.511979999999994	7.8844029224212635	44.21471799999995	9.106557845742334	44.26317100000006	10.14434390493398	44.20678799999996	11.701782424262017	45.09514599999966	13.571861738284351	45.253533999999945	16.209604021379363	44.777923999999985	19.7161941914646	44.19248999999991	24.27524917748558	44.20007200000009	29.14350048337517	44.196374000000105	36.19359662864069
44.551844000000074	7.886626180293598	44.228718999999955	9.107480818348755	44.28714100000025	10.14628636846722	44.243785000000116	11.704912458102978	45.13895199999979	13.575932927875442	45.29004299999997	16.21348012287634	44.85388300000022	19.72671920185676	44.23247700000002	24.281216495796297	44.24441999999999	29.151706997068715	44.22936900000013	36.20208299695346
44.59184200000004	7.888856793797094	44.26731399999994	9.11002507364104	44.307168000000274	10.147909302016656	44.281576000000314	11.708109666224821	45.17518899999959	13.579300678804792	45.32462200000009	16.217151319394027	44.86189000000013	19.727828665622855	44.273503999999775	24.28733901482327	44.28341499999988	29.15892294821599	44.27023000000008	36.21259251341435
44.6318389999999	7.891087234311698	44.30857600000013	9.112745141530525	44.354799000000185	10.15176918856446	44.31837399999995	11.711222864194333	45.243941999999606	13.585690362819662	45.35862099999986	16.22076093824951	44.897613999999976	19.732778644838575	44.31250199999977	24.293158743222016	44.3185739999999	29.16542905480371	44.30000400000017	36.220250435225076
44.6715200000001	7.893299937842565	44.34708400000022	9.115283659615343	44.403256000000056	10.155696011903185	44.35736900000029	11.714521933568305	45.30893799999967	13.591730883265765	45.39329599999974	16.224442326931946	44.96867599999996	19.742625118442565	44.37126199999966	24.301927583693573	44.35923099999991	29.172952555913998	44.339002000000164	36.23028078501931
44.712109000000055	7.895563155513093	44.39270199999987	9.11829088072971	44.439838000000236	10.15866051757581	44.395972000000256	11.71778783881365	45.33493999999973	13.5941474260167	45.43717599999991	16.229100995580442	44.99267499999996	19.745950461382844	44.40889100000004	24.307543014226386	44.393187000000125	29.179236049622403	44.37959899999987	36.24072240024557
44.75113299999998	7.897738997834976	44.42728999999986	9.120570983404903	44.47771899999998	10.161730290671413	44.435543999999936	11.7211357237544	45.35893699999997	13.59637763047769	45.47191299999986	16.232788966702635	45.0256730000001	19.750522721324668	44.455891000000065	24.314556892751984	44.437962999999854	29.187521763908066	44.41933300000028	36.25094205045144
44.796798999999965	7.900285036453136	44.46728599999983	9.123207590155832	44.516713999999865	10.16489033929377	44.470540000000256	11.724096468255272	45.39393399999972	13.599630139771346	45.51663299999973	16.237536816792865	45.0596730000002	19.755233820119194	44.49305999999979	24.32010367681402	44.478747999999996	29.195068951176783	44.45833399999992	36.26097317185052
44.830791999999974	7.902180168223476	44.51262100000008	9.126196151991337	44.55746700000009	10.16819285144938	44.51592000000028	11.72793572375443	45.428449	13.602837853526019	45.551388999999745	16.241226805114344	45.09812899999997	19.760562349979217	44.529059999999845	24.325476009301717	44.51474300000018	29.201729757986588	44.50216	36.27224529119211
44.877026000000114	7.904757612372593	44.5913750000002	9.131387749296081	44.59246699999994	10.17102915614953	44.55147500000021	11.730943760979466	45.46506199999976	13.606240548693282	45.621284999999716	16.24864755041639	45.137623000000076	19.766034706914244	44.56706099999974	24.33114695393683	44.558538000000226	29.20983394007394	44.5409709999999	36.2822275442785
44.91109800000004	7.906656955345908	44.6159369999998	9.133006917248983	44.62746900000002	10.173865622924252	44.61922700000014	11.73667574067489	45.497033999999985	13.609211924157988	45.65395199999966	16.25211575298566	45.17811400000028	19.77164520989335	44.60505699999976	24.336817152414675	44.59343100000024	29.216290823863726	44.58497500000021	36.293545445513146
44.9515429999999	7.908911455569763	44.629962000000205	9.133931468449692	44.701214000000164	10.179841716927506	44.64422300000024	11.738790461487081	45.53601299999991	13.612834507801104	45.699415000000045	16.256942486184556	45.217711000000236	19.777131838686472	44.646052000000054	24.342934896035075	44.638430999999855	29.22461798892657	44.618617000000086	36.302198223290894
44.99162999999999	7.911145887616357	44.666882000000214	9.13636529536941	44.72822300000007	10.182030452745973	44.66417000000001	11.74047802493884	45.57504999999992	13.6164624817788	45.733680999999706	16.2605804519983	45.25796500000024	19.782709502535717	44.684052000000065	24.348605691438745	44.71101899999985	29.23805026131739	44.65867500000013	36.31250120683
45.03118399999994	7.913350501406205	44.71258899999998	9.139378374629205	44.75421300000016	10.184136611579046	44.703931999999895	11.743841984329693	45.61431399999992	13.62011155241077	45.770039	16.264440522069464	45.29799800000001	19.788256544242763	44.71838099999968	24.353728658160072	44.73702099999991	29.24286188233887	44.69877200000019	36.32281422123331
45.0711839999999	7.9155798642566015	44.74699399999986	9.141646406998973	44.791021	10.187119431676276	44.74372600000015	11.747208650996381	45.65435699999989	13.623833020812253	45.805026	16.26815503528743	45.33808900000031	19.793811622530185	44.75337599999966	24.358951013032478	44.7549039999999	29.24617109773487	44.74481100000003	36.33465552781763
45.11140399999999	7.917821378146618	44.786428000000114	9.144245958222507	44.82802100000026	10.190117810930754	44.784306000000015	11.750641815124965	45.70393399999966	13.628440548693273	45.849727999999686	16.27290097434674	45.381450000000314	19.79981979767221	44.80437499999971	24.366561668158585	44.79408000000012	29.253420542590575	44.77873499999987	36.34338083645956
45.15140500000007	7.9200505776413905	44.82699400000024	9.146920131746946	44.867017999999916	10.193278021627647	44.82390600000008	11.753992068932078	45.734735	13.631303095161707	45.88533899999993	16.27668173663576	45.42318400000022	19.805602532880734	44.845590999999786	24.372712391931167	44.83307999999988	29.26063741897839	44.81873799999994	36.35366967390814
45.19139999999993	7.922279334467785	44.87182700000017	9.149875591448176	44.90860900000007	10.1966484430215	44.86458300000004	11.75743343949045	45.775117999999566	13.635056162076165	45.92111799999975	16.28048033521308	45.45783900000015	19.810404389607896	44.88559699999996	24.378682545639595	44.87325800000008	29.268072282042823	44.859961999999996	36.36427255456659
45.23195899999996	7.924539410730871	44.9088220000001	9.152314357405801	44.947609000000284	10.19980889683027	44.90417699999989	11.76078318568333	45.81911499999978	13.63914510259663	45.96411599999965	16.28504536334769	45.49708700000019	19.815842660357518	44.924379000000044	24.38447004004343	44.95725799999991	29.28361632349357	44.899758999999904	36.37450840847603
45.27095899999995	7.92671251072036	44.952409000000216	9.155187676944882	44.98660700000028	10.202969188564467	44.943893000000116	11.764143253365244	45.85476999999992	13.642458764306681	46.01361700000007	16.29030080447737	45.537448999999924	19.821435288873488	44.961927999999716	24.390073532059496	44.98390700000027	29.288547670643894	44.94127100000014	36.385185363208606
45.31163199999992	7.92897872328714	44.98739200000023	9.157493807330319	45.027430000000095	10.206277373329444	44.98449900000014	11.767578617155433	45.902394999999615	13.646884879548288	46.07062799999994	16.296353570163735	45.57781800000021	19.827028887321635	45.00093100000004	24.39589400661558	44.99889299999995	29.2913208016579	45.01185200000009	36.40333891259131
45.39182800000003	7.933446752726265	45.03239400000007	9.160460403849374	45.08125999999993	10.21063960995828	45.023501000000124	11.770878278745956	45.9513979999997	13.65143906170443	46.09232900000006	16.298657530244434	45.61752800000022	19.83253117359017	45.04343199999994	24.402236492811657	45.03651600000012	29.298282866794864	45.03786100000025	36.410028470204516
45.414829000000054	7.93472814955941	45.06824500000016	9.162823752531676	45.11972800000012	10.213756951935606	45.064078000000336	11.774311189067463	45.986199999999826	13.654673448321542	46.1109449999999	16.30063396086338	45.65716400000019	19.838023206290732	45.07843999999977	24.407460787692994	45.07951800000001	29.30624030572897	45.07419400000026	36.419373377611926
45.43091699999991	7.935624399305135	45.107843999999886	9.165434173901811	45.158964000000196	10.21693653054177	45.10381800000005	11.777673287206186	46.030783999999585	13.658816942745311	46.15160399999968	16.30495066115001	45.70182199999999	19.84421109599557	45.138446999999815	24.416415719792685	45.115338000000065	29.31286872911906	45.11412900000005	36.429644725348496
45.47092399999997	7.937853084672132	45.148176999999805	9.16809298074541	45.19396300000017	10.219772754204653	45.147813999999926	11.78139545302682	46.07747299999983	13.663156069139387	46.22189799999978	16.312413661468526	45.7372290000003	19.84911715114318	45.174075999999786	24.421732687409456	45.15311500000007	29.319859291665324	45.147124000000076	36.43813109366126
45.511919000000034	7.940136701507113	45.18969099999981	9.170829639867462	45.22861000000012	10.222580452745978	45.18353500000012	11.78441753424511	46.113112	13.666468243860592	46.24606099999983	16.314979008108303	45.791849000000184	19.85668539279482	45.21809600000006	24.428301856190274	45.19388400000025	29.327403518164246	45.21355399999993	36.45521699901102
45.55150400000002	7.94234167201529	45.22728600000005	9.173307952450566	45.26671600000009	10.225668459228958	45.223597000000154	11.787806874346636	46.14911299999994	13.669814061704452	46.27657199999976	16.3182183116437	45.83000799999991	19.861972769821246	45.26270999999997	24.434959668457086	45.233728000000156	29.334776575159047	45.23755500000016	36.4613900957189
45.59550399999989	7.9447924500032086	45.267826000000014	9.175980402575396	45.30771300000015	10.228990744480178	45.26362900000004	11.791193676377082	46.1856829999997	13.673212760589188	46.311819000000014	16.321960428641287	45.86612100000002	19.86697664954968	45.29531399999996	24.439825210913437	45.2747330000002	29.342364473012495	45.258554000000004	36.46679107308511
45.631497999999965	7.9467972062348196	45.30847400000016	9.178659971389164	45.353325999999925	10.232687097802689	45.30360800000017	11.794575994482	46.220374999999876	13.676436924157978	46.351816999999755	16.326206951626716	45.897281999999905	19.871294371594836	45.33428699999968	24.44564120852569	45.31545899999992	29.349900742442497	45.29834299999993	36.47702486938139
45.67113900000004	7.949004994457104	45.36247100000014	9.182219522331543	45.39822600000025	10.236325671546638	45.348315000000184	11.79835831258691	46.25437299999976	13.679596589585476	46.391569999999774	16.330427463358323	45.94120000000021	19.877379725620095	45.37000399999988	24.4509713085108	45.35400800000025	29.357034162131676	45.35534200000029	36.491685106007
45.711708000000044	7.951264364901196	45.403066999999965	9.184895661381166	45.43563700000004	10.239357357121985	45.38398200000029	11.801375825277272	46.29500099999996	13.68337242601672	46.43117799999982	16.33463258067439	45.97719700000016	19.882367532187914	45.40455199999997	24.456126956921494	45.39399400000002	29.36443349595843	45.38921299999993	36.50039678296164
45.7517069999999	7.95349189010785	45.44069800000011	9.187376343227607	45.469606999999996	10.242110193426681	45.42757800000027	11.805064150150368	46.334596999999576	13.687052351667244	46.47186099999999	16.338951829002255	46.0214060000003	19.888493207676365	45.44958099999985	24.46284670024337	45.433554000000186	29.371753999289325	45.42185300000028	36.50879184469012
45.79132000000004	7.955697821099193	45.503277000000026	9.191501626479464	45.50660800000014	10.245108653718427	45.473567	11.808954928492138	46.374596999999994	13.69076982378624	46.51186099999995	16.343198564324474	46.088696000000255	19.897817026437615	45.48417900000004	24.46800981022698	45.4738940000002	29.379218840147953	45.45883099999992	36.51830264715916
45.831316000000015	7.957924981782204	45.528317000000015	9.193152293011078	45.54658500000005	10.248348280946946	45.513964000000215	11.81237261038725	46.41932699999961	13.694926886983232	46.551520999999866	16.34740920239645	46.11306800000011	19.901194052902888	45.52176699999973	24.473619122269916	45.51474599999983	29.386778425640113	45.498473000000104	36.52849863481353
45.87110299999995	7.960140406790856	45.547312999999804	9.194404531694785	45.58659200000011	10.25159033929379	45.5524760000003	11.815630816817036	46.4549549999997	13.698238039399596	46.591120000000046	16.351613364197082	46.16089099999999	19.907820490480812	45.58274299999994	24.482718659652427	45.55410600000005	29.394061919348516	45.53947300000027	36.53904390230329
45.91113799999994	7.962369543269544	45.587052000000085	9.197024172828986	45.62659299999996	10.254831911416954	45.589473	11.81876085065796	46.50880199999983	13.70324240742935	46.63211999999976	16.35596626790233	46.19688900000028	19.91280843561041	45.609363999999914	24.48669135029561	45.59410600000001	29.40146384384888	45.579473000000235	36.5493319681469
45.95110999999997	7.964595074707097	45.627057999999806	9.1996614141963	45.67424000000028	10.258693094561226	45.62412399999994	11.82169240734154	46.546298999999635	13.706727258730446	46.718460999999934	16.365132952263743	46.233698000000004	19.917908754302346	45.632360999999946	24.49012322613504	45.63901200000009	29.409773614389238	45.619318999999905	36.55958042493694
45.99194699999998	7.966868667224475	45.66686300000015	9.202285404706773	45.710239	10.261610355501237	45.66475500000024	11.825129886190975	46.60209299999997	13.711912574715607	46.74225999999999	16.367659653612087	46.268700999999965	19.92275883051129	45.67423000000008	24.496371398049703	45.677810000000136	29.416953111058376	45.65831100000014	36.56960923152136
46.03094400000009	7.9690397245016245	45.719457999999804	9.20575252538038	45.75523599999997	10.265256789861038	45.70275300000003	11.828344607003139	46.646038999999746	13.71599677545908	46.7551269999999	16.369025722196856	46.30221299999994	19.927402311181925	45.71245899999985	24.50207636745722	45.71463099999983	29.423766767609024	45.71540200000027	36.58429313069835
46.075943999999936	7.9715448703578735	45.755456000000095	9.208125552733176	45.7958450000001	10.268547632648731	45.74934200000007	11.832286146766256	46.66864099999975	13.7180973330799	46.79112600000008	16.372847677818488	46.337191000000075	19.932248923347665	45.7524599999997	24.50804577500831	45.75437000000011	29.43112039455208	45.749401000000034	36.59303772946372
46.11075400000004	7.973482657302075	45.79299999999989	9.210600493497274	45.828845999999885	10.271221943831858	45.788146000000324	11.835569057087767	46.70711999999958	13.721673448321518	46.83078899999964	16.377058634395574	46.37706100000014	19.93777337949289	45.79245899999978	24.514014884096515	45.799594999999954	29.43948919544028	45.789404000000104	36.6033265669123
46.1617490000001	7.976321294106837	45.826257999999825	9.21279289604291	45.86684400000013	10.274301198288928	45.823767000000316	11.838582678069153	46.74370799999997	13.725073820068767	46.87137799999982	16.381367902895434	46.417058	19.943315432977695	45.833744000000024	24.520175904839725	45.84359099999983	29.447630572198218	45.82420899999988	36.61227847020442
46.20530400000007	7.9787456624192785	45.8682510000001	9.215561118366457	45.90754700000025	10.277599658580673	45.86990700000024	11.842486231368639	46.778425999999854	13.728300399994406	46.91534599999977	16.386035914361614	46.45692000000008	19.948838780629085	45.872749999999996	24.525996827090133	45.90264400000024	29.4585582183863	45.86218600000029	36.62204621711811
46.239329	7.9806394926952535	45.906255999999985	9.218066446942409	45.950544000000264	10.281084018386185	45.914976000000024	11.846299175531058	46.81442399999969	13.73164593902785	46.95154599999978	16.389879209828223	46.500712999999905	19.95490681443812	45.912589000000025	24.531942059145052	45.94061999999985	29.46558560550688	45.902849999999944	36.63250506485464
46.274310000000014	7.982586463846225	45.9637580000001	9.221857036627735	45.98754400000007	10.284082397640626	45.94912199999999	11.849188008018364	46.85502299999962	13.735419080291782	46.99136899999985	16.394107153346653	46.53741600000012	19.959992445586828	45.95273999999972	24.537933851414817	45.97761900000023	29.472432200621682	45.94357799999989	36.642980373496606
46.31085400000006	7.984620352915567	46.00075899999979	9.22429617906183	46.032162999999855	10.287698199909652	45.98374100000001	11.85211685742615	46.894604999999956	13.739097704827131	47.031136999999944	16.398329257604015	46.58142600000019	19.96609054729115	45.99474400000008	24.54420216957634	46.03018999999995	29.482160364944352	45.98356899999999	36.65326612452544
46.35153199999991	7.986884233232934	46.039355000000114	9.226840464886802	46.073163999999906	10.29102080930998	46.022839000000204	11.855424640844102	46.93460399999958	13.742815084009251	47.071136000000024	16.402575886757862	46.61754599999995	19.97109539695164	46.03418899999997	24.55008860443679	46.05508599999985	29.486767322753366	46.02356800000007	36.663553933167435
46.39149900000007	7.989108451716083	46.07692199999997	9.229316917466075	46.117407000000185	10.29460614156284	46.06807000000026	11.859251290590299	46.974305999999615	13.746504860960927	47.111721999999645	16.40688483675251	46.661403000000064	19.977172298711388	46.07219899999973	24.555760892155007	46.07408299999997	29.490282681746727	46.05826999999999	36.672479344690046
46.431106	7.991312546185296	46.118921	9.232085531071949	46.167413000000124	10.298658491643872	46.10373000000027	11.862268211064073	47.0150349999999	13.750290084009281	47.15093200000001	16.41104769905216	46.69714900000008	19.982125326285175	46.14840800000002	24.567133672337114	46.11506499999996	29.49786632349358	46.10227299999997	36.68379698872296
46.47110100000009	7.993538142591321	46.15168400000016	9.234245298391865	46.22165100000029	10.30305379148181	46.143724999999904	11.865651882806851	47.05403499999966	13.753914619325244	47.19117899999992	16.415320657964983	46.7371720000001	19.987670982374965	46.17442299999993	24.571015928716744	46.152853999999934	29.504859106617186	46.143951000000015	36.69451663892873
46.511126000000104	7.995765318452571	46.19232500000021	9.236924390201153	46.2296510000001	10.303702089698975	46.184294000000136	11.86908411630941	47.09441599999991	13.757667500366159	47.24196600000005	16.42071263163524	46.777720000000045	19.993289383372602	46.19240499999978	24.573699408794322	46.19385199999988	29.51244570913383	46.183574000000135	36.70470773975181
46.55091100000004	7.9979790509308994	46.22731899999985	9.239231226115693	46.30565000000024	10.309860841724918	46.222899000000325	11.872350190759509	47.13751299999967	13.761672797763907	47.279963999999836	16.42474681785456	46.81770200000028	19.99882935843152	46.232404999999744	24.57966866711397	46.233504000000266	29.51978323689112	46.218945000000076	36.71380521917567
46.590911000000006	8.000204657899353	46.26690399999984	9.241840704321309	46.31365000000005	10.310509139942083	46.263508	11.875785808356774	47.17426599999999	13.76508850408364	47.324519999999666	16.429477256329964	46.85770000000002	20.004371550478044	46.273879999999735	24.58585804183416	46.279093999999986	29.528219580340362	46.26663899999994	36.726072194484274
46.63090699999998	8.002429953958286	46.30727600000023	9.244502061664845	46.34726200000023	10.313232964901578	46.3034990000001	11.879169141690117	47.214650999999776	13.768841756871723	47.3603949999997	16.433286047072084	46.89753000000019	20.00989046415411	46.31187899999986	24.59152868800639	46.31409399999984	29.53469626427816	46.31164399999989	36.737647554566564
46.671585999999934	8.00469316064138	46.38089999999988	9.249355418228562	46.38748100000021	10.31649220315117	46.343091000000186	11.882518718678279	47.25464899999997	13.772559043117095	47.39436799999976	16.436892905549637	46.94945400000006	20.01708514338369	46.35649999999987	24.598187544893424	46.35373800000025	29.54203231165055	46.34364300000016	36.74587775003988
46.716278999999986	8.007179585082127	46.40658099999996	9.251048331084204	46.42702700000018	10.319696903313243	46.42829400000028	11.889727094312805	47.294430999999804	13.776256255012989	47.43523099999993	16.441231264186452	46.985279999999875	20.022049255895787	46.39221799999996	24.603517794109973	46.39915599999995	29.55043682682444	46.37826500000028	36.75478258543086
46.78127399999994	8.010795286001754	46.426589999999806	9.252367340824705	46.46659899999986	10.322903710444498	46.45330700000022	11.891843253365254	47.334196999999676	13.77995197992004	47.471070000000054	16.445036232866794	47.02089599999999	20.026984270444785	46.43221700000004	24.60948690319818	46.439218999999866	29.557850409355886	46.43027299999994	36.768159128640654
46.81227199999989	8.012519638494888	46.46660600000018	9.255005228039687	46.50859700000001	10.32630711401015	46.46629100000018	11.89294173052261	47.37922299999991	13.784136552410768	47.5117009999999	16.449349960438706	47.0566130000002	20.03193327972845	46.476318999999876	24.61606830895849	46.47954000000027	29.565311734300444	46.458274000000074	36.77536103193287
46.856269999999995	8.01496706495364	46.518487999999934	9.258425330776854	46.546608000000106	10.329387421951811	46.51606200000015	11.897152475023454	47.41559899999993	13.787517221555753	47.551834999999755	16.45361092232424	47.10101900000018	20.03808625187754	46.555313999999726	24.627856847982493	46.515053999999964	29.571883532968045	46.49995799999988	36.78608222534845
46.8918799999999	8.016947826298297	46.556241999999884	9.260914103924003	46.586607000000186	10.33262883200044	46.59121700000014	11.903510766055602	47.454285999999684	13.791112667652383	47.591425999999956	16.457814234777814	47.13747700000022	20.043137935402555	46.57997999999998	24.631537791125346	46.554051999999956	29.57910003925968	46.5389610000002	36.79611386115101
46.92987799999992	8.019061343126001	46.61324099999979	9.264671521572225	46.626606000000265	10.335870242049069	46.61621500000001	11.905625656072512	47.494282999999996	13.794829860960963	47.63114899999982	16.462031561457913	47.1770919999999	20.048627058306764	46.59173899999996	24.633292603839863	46.59437200000002	29.586561179156064	46.57895899999994	36.80640141259127
46.964876000000004	8.02100792732887	46.657951999999796	9.267618904103681	46.67027099999996	10.33940873475569	46.62921300000016	11.90672531766305	47.53472299999976	13.798588225273209	47.671156999999766	16.466279146127192	47.221317	20.05475495078288	46.631738999999925	24.639261862159515	46.633372000000236	29.593778055543964	46.61877700000014	36.81664266773535
46.99858500000005	8.022882756857546	46.681925999999976	9.269199287825456	46.73626999999988	10.34475711401014	46.668854999999894	11.910079124769625	47.57429899999988	13.802266292187717	47.711749000000054	16.470588733132214	47.2567939999999	20.059670705251477	46.678633999999875	24.64626007138201	46.67307299999993	29.601124650658633	46.65877099999989	36.82692919036903
47.03528499999993	8.024923872689095	46.710554999999886	9.271086532324928	46.77088700000013	10.347562381433175	46.70652199999995	11.913265842197717	47.61398599999984	13.805954675087342	47.75116799999978	16.47477378462385	47.29699900000014	20.065241579576025	46.71448199999986	24.651609720688082	46.71470099999988	29.60882783348616	46.69938499999989	36.83737517802336
47.07128200000011	8.026925822446996	46.75717000000009	9.274159426452488	46.80788600000005	10.350560679650348	46.74351700000034	11.91639570683396	47.654671999999664	13.809735901853125	47.79137199999968	16.479042178296204	47.336689000000206	20.070741094609982	46.75244500000008	24.65727499452784	46.75370000000021	29.61604452482597	46.73907000000008	36.8475822253485
47.110907	8.029129463771888	46.79822900000022	9.276866064507528	46.851888000000145	10.3541264819194	46.78409099999999	11.919828363348314	47.69867199999999	13.81382512118401	47.83136999999988	16.48328870128168	47.381402999999864	20.076936743771633	46.79164899999978	24.663125464606885	46.79338999999982	29.623389084411393	46.780071000000135	36.85812775003988
47.15089899999998	8.031353433161838	46.83010500000023	9.278967352396421	46.897535999999945	10.357825671546612	46.823753000000124	11.9231838625023	47.73439299999973	13.81714491672302	47.88416999999981	16.488894391907007	47.41689399999996	20.08185443810447	46.836409	24.669805064666612	46.838998000000174	29.631828758726776	46.81974799999989	36.86833273975175
47.1908719999999	8.033576264412488	46.866342999999915	9.281356185942279	46.92353899999989	10.359932883864275	46.863900000000285	11.92658039380519	47.77416699999958	13.820841385124492	47.92266500000005	16.49298134381275	47.45765100000017	20.08750179850356	46.8724400000001	24.675182023329512	46.872997999999825	29.63812039455203	46.85825999999997	36.87823808954601
47.2564890000001	8.037224939801042	46.911342000000104	9.284322549981749	46.946535999999924	10.361796498126838	46.902896000000055	11.929879547781482	47.81399399999964	13.824542779176543	48.02280799999971	16.503613364197047	47.497241999999915	20.092987595926278	46.913004	24.681235448191458	46.913642999999865	29.645641675084974	46.89926199999991	36.888783871438996
47.30774700000006	8.040075023117044	46.946944999999914	9.286669523002713	46.98686499999985	10.365064650476913	46.943788999999924	11.933339192451523	47.85956299999998	13.828777816351295	48.046808000000055	16.506161405390415	47.536993000000166	20.098495563225743	46.95233499999995	24.68710487066571	46.959233999999924	29.654078203582394	46.939366000000064	36.89909868625385
47.330691000000115	8.041350728984277	46.98751000000016	9.289343593834294	47.02687199999991	10.368306708823757	46.98341299999993	11.936691476715483	47.894570999999814	13.832031347949794	48.05980700000009	16.50754148820176	47.57699099999991	20.104037755272266	46.99233099999992	24.69307353205953	46.99389400000018	29.660491971162013	47.01336399999991	36.918131093661216
47.350118000000066	8.042430866192706	47.02660399999991	9.291920694932017	47.10546599999998	10.374675752583892	47.0234089999999	11.940075233060657	47.93918699999995	13.836177816351292	48.091425999999956	16.510898426305577	47.616999000000305	20.10958133293617	47.037264999999934	24.699779098392913	47.038754000000154	29.668793229489175	47.037366999999904	36.924304704772325
47.3911149999999	8.044710229593203	47.0666020000001	9.29455738780713	47.13146600000027	10.37678272178975	47.06312200000002	11.943435046935456	47.973917999999685	13.839405604455358	48.129019999999855	16.514889720498154	47.656762999999955	20.115091101538034	47.072263999999905	24.705002050191148	47.07574900000009	29.67563908441144	47.06216600000016	36.930683048393796
47.43074299999989	8.046913400136331	47.10752900000011	9.297255320447832	47.14746500000001	10.378079237186812	47.10296300000027	11.94680568991348	48.02891899999986	13.844517221555746	48.17716500000006	16.520001197300385	47.69696000000022	20.12066086736875	47.1122620000001	24.710971010047913	47.11343399999987	29.68261262253131	47.10316300000022	36.94122754427858
47.470739000000094	8.049136952034077	47.14712399999985	9.29986544637653	47.18690599999991	10.381275428434778	47.143551000000116	11.950239530861015	48.06651799999963	13.848011552410743	48.26256599999988	16.52906808338169	47.73692200000005	20.126198071193027	47.15266100000008	24.716999811719305	47.15286700000024	29.689909624751955	47.13982100000021	36.95065604222097
47.51073599999995	8.051360481516328	47.18671299999983	9.302475176329835	47.22602800000004	10.384445768791352	47.18354700000009	11.95362328720619	48.102154999999584	13.851323541258322	48.286564	16.53161591223827	47.78071499999987	20.132266105002063	47.196660000000065	24.723565846639463	47.19363299999986	29.69745329610644	47.1784990000001	36.96060408748843
47.55166400000007	8.053635687232417	47.22670799999992	9.30511166958616	47.26702699999987	10.38776821611711	47.222369999999955	11.956907804972676	48.1371509999999	13.854575957615229	48.300126999999975	16.53305587401765	47.81758300000001	20.137374598836086	47.234281999999894	24.729180232551986	47.233905999999934	29.704905738741537	47.22350200000028	36.972178933167484
47.590662000000066	8.055803528250848	47.266246999999794	9.307718102618765	47.30802700000004	10.39109074448017	47.26700800000026	11.960684285514157	48.17380799999955	13.857982742001813	48.33312699999988	16.53655943065847	47.86120000000028	20.143418245780836	47.27648799999997	24.735478695467982	47.274147000000085	29.71235225983705	47.263191000000006	36.9823870092991
47.630660000000034	8.058026882046947	47.306797999999844	9.310391246805944	47.346860000000106	10.394237665063644	47.303629	11.963782508864389	48.21448499999997	13.861763132336424	48.37192099999993	16.540678126910734	47.897349000000304	20.148427113731515	47.31148699999994	24.740701647266217	47.35153700000001	29.72667313326413	47.33720200000016	37.001422760327955
47.67022599999996	8.060226147381176	47.34679399999982	9.313027804644667	47.40258700000004	10.398753629407235	47.34475599999996	11.967261950488751	48.25448299999971	13.865480418581754	48.40571099999988	16.544265556574175	47.94112700000005	20.1544930691146	47.35779599999978	24.747612406854312	47.377058000000034	29.73139574614348	47.37018900000021	37.009907071027556
47.71097600000007	8.06249114745803	47.3869430000002	9.31567444788763	47.44133899999997	10.401893985971249	47.424359000000095	11.973996552857628	48.29915299999993	13.869631905570621	48.44070899999997	16.54798123764436	48.01125600000023	20.164210264625225	47.391799999999876	24.752686873351866	47.39426000000003	29.734578943774864	47.38301000000001	37.013204653332025
47.75108	8.064720164609149	47.43062900000018	9.318554251542137	47.48733600000014	10.405621457608216	47.449363000000176	11.976111950488768	48.37421399999994	13.876607834938653	48.47429299999976	16.551546796620876	48.03533100000004	20.167546138256903	47.43680499999982	24.75940303511876	47.43378699999994	29.741893340518	47.41901200000029	37.02246442699465
47.790322999999944	8.06690125361698	47.46720600000003	9.320965425859068	47.53433500000028	10.409430128596883	47.46335700000009	11.977295876038678	48.381840999999895	13.87731666393493	48.51582699999972	16.5559563942427	48.056830999999875	20.170525215435763	47.471692000000075	24.764609272993738	47.48294900000019	29.75099067582523	47.458010000000286	37.03249477678889
47.84538599999996	8.06996148241186	47.51213699999994	9.323927299594631	47.56903199999988	10.412241879002035	47.502910000000156	11.980642153534452	48.41461599999957	13.880362667652372	48.550820999999814	16.559671650639356	48.09648700000025	20.176020019370966	47.52765899999986	24.772961310003108	47.51594699999987	29.757096893441748	47.50218900000027	37.04385768831152
47.88002899999992	8.071886759738645	47.559050999999954	9.327019893111135	47.60503199999994	10.415159220979351	47.54362500000025	11.984086738982853	48.45453499999985	13.884072611890318	48.591383999999834	16.563978158761238	48.137435000000096	20.18169384506029	47.56211899999971	24.778103826045466	47.559529999999995	29.76516184532926	47.53819000000021	37.053117204772406
47.913994	8.073774303737592	47.59474400000022	9.329372792515137	47.64402999999993	10.418319512713548	47.60226700000021	11.989047991097909	48.49932399999989	13.888235158358722	48.635123999999905	16.568621963836094	48.17743500000006	20.1872363142303	47.5991439999998	24.78362912077761	47.59615399999984	29.771939047401773	47.57919300000003	37.06366324386701
47.95099200000004	8.075830341159495	47.62938700000018	9.331656475114476	47.707678000000215	10.423477373329455	47.64398600000004	11.99257751732463	48.53396399999974	13.891454489213727	48.67638199999965	16.57300225898417	48.216357000000244	20.19262941385621	47.63814400000001	24.789449147639303	47.63866400000006	29.779805442664582	47.61881399999993	37.07385383028674
47.99561300000005	8.078309917821283	47.66638500000022	9.334095400071298	47.73267799999985	10.425503305258111	47.68297900000016	11.995876417493843	48.57405499999959	13.895180418581742	48.71137899999985	16.576717833885986	48.257110999999895	20.198276358570034	47.67214399999966	24.79452301721096	47.67433699999992	29.7864066639821	47.65780700000005	37.08388289407278
48.03048899999999	8.08024790472901	47.71199499999989	9.337102031509971	47.747679999999946	10.426719026489886	47.728638000000046	11.999739277053902	48.61385999999993	13.898879768024154	48.756316999999854	16.58148882868374	48.30081599999994	20.204332198946926	47.72055199999977	24.80174701362942	47.71995400000014	29.794848003730472	47.70635100000027	37.096368490780655
48.07548799999995	8.082748324801802	47.7458979999999	9.339336931982787	47.78706199999988	10.429910436538503	47.77427200000011	12.003600021554753	48.65448699999979	13.902655511518564	48.79607299999998	16.585709658920507	48.33689000000004	20.20933067476792	47.7600010000001	24.80763404541577	47.752985999999964	29.800960512982847	47.750007000000096	37.10759688584234
48.11043900000004	8.08469035387184	47.78689700000018	9.342039603482188	47.82606399999986	10.433071052421807	47.798277000000326	12.005630901419408	48.69448399999965	13.9063727048271	48.831067000000075	16.58942491531716	48.382662999999866	20.21567306080087	47.79659300000003	24.81309472292658	47.81019000000015	29.811546005210857	47.79300599999988	37.118656299422526
48.15543699999989	8.087190557725458	47.82653499999992	9.34465255689941	47.881710999999996	10.437580533783246	47.82794100000001	12.008140546089432	48.73422599999958	13.910066199250886	48.870704999999816	16.59363321768469	48.417447000000266	20.220492791991173	47.83332500000006	24.81857629284152	47.850187000000005	29.818947374566868	47.83078699999987	37.12837363481347
48.191434999999956	8.089190634027322	47.86610200000018	9.34726082959507	47.927708000000166	10.441308005420211	47.86255200000005	12.011068718678267	48.77390699999978	13.913754024529716	48.91039000000001	16.597846509966267	48.46255800000017	20.226743450159375	47.905921000000035	24.829409899765857	47.88806599999998	29.8259568120206	47.85878600000024	37.13557502370246
48.23105600000008	8.09139194100895	47.907167999999956	9.349967916590261	47.96470899999986	10.444306465711922	47.90295700000024	12.014487077392328	48.81390399999964	13.917471217838253	48.98969399999987	16.60626608741609	48.508576000000176	20.23311978381602	47.93158999999969	24.833240522060983	47.924892	29.832771393811868	47.89778500000011	37.14560563069831
48.27105400000005	8.093614124041263	47.94668200000001	9.352572694760859	48.014446000000135	10.448337016765429	47.94216499999993	12.017804167070814	48.85421299999962	13.921217407429328	49.01424199999974	16.60887230888332	48.54455400000006	20.238104957710974	47.95216299999993	24.836310660846276	47.964604000000236	29.840120024455878	47.94422500000019	37.15755007514277
48.3106150000001	8.095811959981102	47.9871340000002	9.355239305883323	48.0504420000002	10.451254034593635	47.983078000000205	12.021265503788264	48.8942119999997	13.924934786611493	49.03123800000003	16.610676746721765	48.59000300000025	20.2444024497437	47.9921589999999	24.842279322240095	48.003799999999956	29.84737317027374	47.98323100000016	37.16758248255017
48.35032000000001	8.098017727789593	48.02614500000004	9.35781092538972	48.08744000000024	10.454252251773541	48.02250300000014	12.024600952180814	48.93503299999975	13.928728559845698	49.070862000000034	16.614883562731958	48.624976999999944	20.249248507662458	48.06643299999996	24.853363339550953	48.043505000000096	29.854720505580946	48.04493000000002	37.183451566912275
48.39131500000008	8.100295088913368	48.06669100000022	9.360483732300452	48.12387600000011	10.457204926003676	48.063067000000046	12.028032762671499	48.97375499999998	13.932327258730478	49.11095999999998	16.61914070255571	48.65861500000028	20.25390944711103	48.091433999999936	24.85709427523219	48.118120999999974	29.868528055543912	48.07944300000008	37.19232836732382
48.4309639999999	8.102497608372353	48.10668800000008	9.3631203485764	48.159376000000066	10.460081749342407	48.10265699999991	12.031382170454904	49.01878099999976	13.936511831221164	49.15047000000004	16.623335415370242	48.69737200000009	20.25927968405156	48.11243299999978	24.860227986618526	48.144769	29.873459217646065	48.114446000000044	37.201331196541915
48.4709620000001	8.104719447126685	48.14623499999993	9.365727300349592	48.19518999999991	10.462984018386155	48.14329100000032	12.034819903111455	49.054553999999825	13.939836459473959	49.191093999999794	16.627648399763466	48.73737100000017	20.264822014659856	48.15239699999984	24.866191872605704	48.19475800000009	29.882709587742305	48.20327499999985	37.224178161562435
48.51095800000007	8.106941107065765	48.186812000000145	9.368402149722924	48.2301080000002	10.465813678029615	48.18324100000018	12.038199767747653	49.09433399999989	13.943533485496268	49.23081999999977	16.631866044948723	48.77702399999998	20.2703164029098	48.19138900000007	24.872010705615736	48.20278499999995	29.884194968941394	48.22627800000009	37.23009457102752
48.555515000000014	8.109416037841767	48.22583700000018	9.370974690405742	48.266533999999865	10.468765541886963	48.222236000000066	12.041498837121585	49.13433299999997	13.947250864678432	49.27082599999994	16.636113417281262	48.816557999999986	20.275794302313983	48.23707299999978	24.878828195542567	48.232522000000245	29.889697744663135	48.238274000000274	37.23317996197407
48.604511	8.112137438245842	48.266504999999825	9.373655537839161	48.30699000000004	10.472043985971254	48.2638179999999	12.045016772823772	49.19047099999989	13.952468150923778	49.31139200000007	16.640420243908306	48.85712999999987	20.281416028793114	48.27277499999991	24.884156057055794	48.325151000000005	29.90683856627671	48.27410599999985	37.242396011356675
48.638218999999935	8.114009634463248	48.339325000000144	9.378455854427438	48.34674900000027	10.475265947073382	48.347541999999976	12.052100021554743	49.22446699999955	13.95562763047765	49.351252999999815	16.644652221825254	48.897136000000046	20.286959329333527	48.3117729999999	24.88997578545454	48.33416100000022	29.908505849770457	48.30910300000005	37.25139729736496
48.67357399999992	8.115973257226075	48.364972999999964	9.380146578142144	48.386747000000014	10.478507276084706	48.3734300000001	12.054290207679964	49.27421499999991	13.960251050552033	49.39531799999986	16.649330531624603	48.93692800000008	20.292472977663863	48.352270999999746	24.89601936104025	48.364730000000236	29.91416258552176	48.340102000000115	37.25937029119214
48.71087299999999	8.118044794350974	48.386972000000014	9.381596758595265	48.426559	10.4817335321625	48.387424999999894	12.05547421783223	49.30895499999997	13.963479675087354	49.43168199999991	16.65319123870604	48.97670700000026	20.29798482469174	48.391785999999684	24.901916242102768	48.40213399999993	29.921084125121997	48.38260300000002	37.270301618352605
48.75031600000011	8.120235344477258	48.4259669999999	9.38416732005183	48.46655499999997	10.484974699099288	48.43312199999991	12.059340292282318	49.34295499999962	13.966639526388438	49.47091799999998	16.65735686138361	49.020872000000054	20.304104403464052	48.43678799999998	24.90863195617534	48.43808600000011	29.927736974862963	48.42360000000008	37.28084611423739
48.79033000000004	8.122457541607256	48.46724199999994	9.386888179423385	48.507556999999906	10.488297389536884	48.47270000000026	12.062688684837337	49.378655999999864	13.969957463191434	49.511259999999766	16.661639906292816	49.056869000000006	20.309092210031874	48.47209399999974	24.913900722031148	48.472807999999986	29.934162215425488	48.46260200000006	37.29087749283821
48.83032800000001	8.124678785424715	48.506627999999864	9.389484515080241	48.546196000000236	10.491428588888613	48.52066100000002	12.066746299050514	49.41333999999961	13.973180883265758	49.550844999999754	16.66584258173607	49.09669900000017	20.31461112370794	48.512095000000045	24.919870129582304	48.51480500000025	29.941933681006585	48.50319300000001	37.30131756485466
48.87101699999994	8.126938337105866	48.5469099999998	9.392139914982984	48.598197000000255	10.495642608337562	48.55690300000015	12.06981245810298	49.453603999999814	13.976922890700724	49.59085199999981	16.670090060236976	49.13715899999988	20.32021733127337	48.56738399999995	24.92812098766317	48.55355000000009	29.949103370125727	48.54319600000008	37.31160640230324
48.91095199999995	8.12915595307101	48.59340499999985	9.39520487706964	48.63470300000017	10.4986009551771	48.593267000000196	12.07288893864444	49.49420399999963	13.98069612490145	49.630638999999974	16.674314181693624	49.200894999999946	20.32904870164888	48.61411300000009	24.93509442446367	48.5932600000001	29.95645163067347	48.57819000000018	37.32060691670655
48.950947999999926	8.131376892823374	48.63018500000021	9.39762942362194	48.67138100000011	10.50157324042831	48.63192900000013	12.076159835429543	49.53888199999983	13.984848355384738	49.67121799999995	16.67862238850963	49.233893999999964	20.333621100152417	48.65411300000005	24.94106368278332	48.633048000000144	29.963814324973995	48.62390499999992	37.33236488995752
48.990669000000025	8.133582499466792	48.66580200000021	9.399977304687676	48.706705000000056	10.504435801206265	48.670930000000226	12.079459412417707	49.57384499999989	13.988097704827123	49.71121700000003	16.682869017663478	49.279763	20.339976788111407	48.69186300000001	24.946697170322487	48.672687000000224	29.971149447105766	48.67290400000002	37.34496751341433
49.03053	8.135795817573328	48.70684499999993	9.402682868663105	48.746842000000015	10.50768839439913	48.72055799999998	12.083658058779786	49.614076999999725	13.991836738284357	49.750853000000006	16.687077107694265	49.322697999999946	20.345925935956764	48.73421999999982	24.9530181671886	48.713295000000016	29.978663880858505	48.705475000000206	37.3533448282292
49.07057000000009	8.138019012256704	48.74608000000012	9.405269248572823	48.786531000000195	10.510904682891852	48.75789699999996	12.086817026630882	49.65368899999976	13.995518150923765	49.79114899999968	16.691355268857833	49.377625999999964	20.353536854621034	48.771220000000085	24.958539731134316	48.793611000000055	29.993526205062803	48.739034000000174	37.36197625827034
49.11459599999989	8.140463455018047	48.78600200000005	9.40790091538641	48.826530000000275	10.51414609294048	48.794486000000234	12.089912542705356	49.693685999999616	13.999235344232304	49.84391800000003	16.69695766826333	49.40062500000022	20.356723635832097	48.807856999999785	24.9640071240607	48.81917900000008	29.998257515203445	48.77878800000008	37.372201052509
49.150564999999915	8.142460495695442	48.82707099999993	9.410608192385983	48.86618300000009	10.517359464091195	48.831098999999995	12.093010089236639	49.7390349999996	14.003449935310368	49.8721059999998	16.699950342644875	49.416247999999996	20.358888385728143	48.845856999999796	24.969677919464374	48.8331790000002	30.000848188778598	48.81953599999997	37.38268150518387
49.19014799999991	8.14465813236639	48.866820999999845	9.413228520345173	48.90767099999994	10.520721538645477	48.8727429999999	12.0965332702857	49.7740389999999	14.006703095161697	49.911103999999796	16.704090697247274	49.49686500000007	20.37005881665513	48.893021999999746	24.976716421180527	48.87717900000007	30.00899030572898	48.857534000000214	37.39245465333208
49.23014699999999	8.146878804380245	48.906487999999854	9.415843376649754	48.94669400000021	10.523883856311626	48.90736000000015	12.099461950488767	49.82501699999966	14.011440827503684	49.95478800000001	16.708728556892694	49.52064900000005	20.37335436882362	48.94508399999995	24.984485709346504	48.939526000000114	30.020527500399602	48.90353700000014	37.40428670065717
49.27514599999995	8.149376994640896	48.94621200000006	9.418461990130192	48.98633599999994	10.527096336052285	48.943354	12.102507128153729	49.85464699999966	14.014194544975801	50.029689999999846	16.716680781120303	49.53666199999998	20.375573157794097	48.96828800000003	24.987948476097745	48.97706199999993	30.027473466350717	48.93854099999999	37.41328978707688
49.31075200000009	8.151353663494604	48.986252999999806	9.42110150003413	49.02633800000012	10.530337989212754	48.98220600000013	12.105794099388934	49.89861999999994	14.018281255013001	50.038512999999966	16.717617504764014	49.6094149999999	20.38565393928224	48.99539899999991	24.991994290155333	49.01275799999985	30.03407894377483	48.97874899999988	37.423631350862856
49.35042999999996	8.153556333497935	49.02628699999991	9.423740548223423	49.0663370000002	10.53357939926138	49.02280000000019	12.109228447950699	49.93418799999972	14.02158683122116	50.07630900000004	16.721630244969987	49.632176999999956	20.388807881363444	49.031934999999976	24.997446610704515	49.04839399999992	30.040673318312223	49.01775099999986	37.43366272946368
49.390276000000085	8.155768270569784	49.06734500000016	9.426447098388735	49.106753000000026	10.53685460185456	49.062797000000046	12.112612288898234	49.97400599999992	14.025287388841996	50.110511999999744	16.725261522175604	49.65718599999991	20.39227317165026	49.07593700000007	25.004013093319063	49.08539800000017	30.047520838667563	49.058508000000074	37.44414549695344
49.43059599999992	8.158006460329974	49.105999999999995	9.428995242138875	49.146752000000106	10.54009601190319	49.13103000000001	12.118384962333087	50.014002999999775	14.029004582150534	50.15116699999999	16.729577797788753	49.69699700000001	20.397789452653463	49.13448699999981	25.012750595184418	49.125058999999965	30.054860031857753	49.09851000000026	37.4544340772004
49.47071499999993	8.160233432812772	49.146119000000226	9.431639892741519	49.187147000000095	10.54336951271356	49.16725300000007	12.121449513940536	50.053751999999804	14.032698727131947	50.19116600000007	16.733824426942597	49.736025000000154	20.403197239822667	49.192115999999714	25.021350654876986	49.162135000000035	30.06172087567716	49.13837199999989	37.46468664921677
49.51133200000004	8.162487988610085	49.18690300000003	9.434328379976765	49.22983999999997	10.54682923718681	49.227652000000035	12.126559412417691	50.09442799999988	14.036479024529726	50.2311679999998	16.738071374601557	49.776858000000175	20.40885513091315	49.201114999999845	25.02269358876747	49.202134000000115	30.06912261512943	49.17816100000027	37.47492044551316
49.55033000000003	8.164652620731989	49.2261390000001	9.436914822573076	49.27083500000026	10.550151360363493	49.253197	12.128720579930379	50.13342499999999	14.04010328103531	50.271164999999655	16.742317791418614	49.81651899999997	20.414350627656923	49.23293100000001	25.027441536834946	49.23607799999991	30.075403888260407	49.22317100000009	37.48649709160365
49.591327999999976	8.16692820574029	49.286816000000044	9.440914658400095	49.30583299999989	10.552987502989073	49.26755200000025	12.129935046935476	50.20489099999986	14.046745102596638	50.31116299999985	16.74656431440409	49.85628100000031	20.41986011913542	49.275736999999936	25.033829538625714	49.273739000000205	30.082372985225675	49.2628880000002	37.496712369381456
49.644878999999946	8.169900450857499	49.32736499999987	9.443587653495694	49.34649799999988	10.556282883864274	49.305717000000186	12.133163896343254	50.22889999999961	14.048976422299216	50.36816199999976	16.752615806069862	49.89690700000028	20.425489327947943	49.311733000000004	25.03920127418758	49.3137099999999	30.089769543330725	49.298481000000265	37.50586694757078
49.67987700000003	8.171842891835942	49.36736300000007	9.446224326353851	49.38649699999996	10.5595242939129	49.343980999999985	12.13640112138554	50.266635999999835	14.052483485496264	50.40216899999996	16.756226274272453	49.937253000000055	20.431079739476246	49.35190999999986	25.04519694647528	49.35290799999984	30.097023059244854	49.33848200000011	37.516155270616004
49.71477499999992	8.173779739152543	49.41358800000012	9.44927148347869	49.42613200000005	10.56273620639265	49.38370900000018	12.139762204295877	50.31349199999977	14.056838132336406	50.436159999999745	16.75983504378087	49.97706599999992	20.436596297602875	49.39591100000007	25.051763279858385	49.39293399999997	30.10442979499617	49.378224000000046	37.52637697843492
49.75037700000007	8.175755614084373	49.450587999999925	9.45171052734807	49.47013199999992	10.566301846587129	49.42270700000017	12.143061527476924	50.35848999999962	14.061020102596615	50.475160999999844	16.763975716888428	50.016709999999875	20.44208943879727	49.431904999999915	25.057134716957304	49.44190900000012	30.113492526306338	49.41822499999989	37.53666530148014
49.79037500000004	8.177975409166871	49.49658599999998	9.454742720033492	49.50613299999986	10.56921926960171	49.46271200000001	12.146446045243408	50.39317899999969	14.064243987354986	50.51115699999991	16.767797354004905	50.05642100000023	20.44759186362758	49.47627999999986	25.06375686290566	49.47469200000023	30.11955895857875	49.45822399999997	37.54695311012214
49.830371000000014	8.180195037064733	49.52258599999982	9.456456642453151	49.5462849999999	10.57247307835374	49.50269800000024	12.149828955564917	50.42773599999964	14.067455604455354	50.555697999999666	16.772526199954555	50.096849999999904	20.4531937757794	49.54006799999979	25.073276039148002	49.51269200000024	30.126590786854102	49.50080200000002	37.557904241809396
49.87004000000002	8.182396462501316	49.58250699999985	9.460406639974062	49.586283000000094	10.575714407365101	49.543693000000076	12.153297229676578	50.460646	14.070514154641259	50.59128099999998	16.776303989528852	50.13648899999998	20.458686224165167	49.575127000000066	25.07850794483376	49.55269200000021	30.133992711354466	49.538804000000255	37.56767841876419
49.91003999999998	8.184616201396505	49.6071330000002	9.462029987881223	49.62627999999995	10.578955655339158	49.5826890000003	12.156596383652907	50.504141999999774	14.074556533823396	50.63027899999997	16.78044434413125	50.17648899999995	20.464228693335176	49.614126999999826	25.084327971695387	49.593323000000055	30.141511401213805	49.578641999999945	37.57792481794107
49.950037000000066	8.18683571856154	49.63013299999989	9.463546149658864	49.66690900000003	10.58224811887239	49.662683000000015	12.163364065547977	50.538144999999986	14.07771666393494	50.675976999999875	16.785296026900113	50.22208300000011	20.47054627681864	49.65412699999979	25.090297230015036	49.648381999999856	30.15169996524041	49.61864199999991	37.58821288378468
49.989960999999994	8.189051130018042	49.66846999999984	9.466073327495259	49.70791199999985	10.585570890347253	49.689682000000175	12.165648244905013	50.57414199999994	14.081062110031588	50.710929999999735	16.789006930393036	50.25664600000027	20.475335385866746	49.691437999999835	25.095865204944158	49.69429600000012	30.160196264278213	49.65764100000024	37.598243490780646
50.0356240000001	8.191584936002126	49.70647100000019	9.468578355983507	49.74690899999996	10.588731101044182	49.745674000000236	12.17038530074258	50.613912999999684	14.084758299622644	50.75052400000004	16.79321056135177	50.296965999999884	20.480922194790068	49.73043699999971	25.101685082574345	49.76904800000011	30.174028980784502	49.69773200000009	37.60855496197402
50.07025900000008	8.193506759247931	49.746287000000166	9.471203029179257	49.78653299999996	10.591942122113874	49.77267000000029	12.172669226292502	50.65368599999965	14.088454675087325	50.79035699999986	16.797439566554	50.33651400000008	20.486402034058486	49.76686699999982	25.107121584588985	49.79487999999992	30.178809143626808	49.738458000000264	37.619029756212754
50.11125799999991	8.1957816551284	49.786292	9.473840161047498	49.82553000000007	10.595102332810804	49.78466800000024	12.173684285514156	50.6938269999996	14.092185251295499	50.831032999999934	16.801758071703176	50.38127900000018	20.492604749868395	49.80436299999974	25.112717167337816	49.830903000000035	30.185475131783747	49.818149000000176	37.63952641259133
50.15025300000002	8.197945303467831	49.825965000000224	9.476455407242351	49.866457999999966	10.598419026489887	49.82333400000016	12.176955520708734	50.73396099999991	14.095915176946084	50.87068999999974	16.805968391269985	50.416997000000265	20.49755389771377	49.84236299999975	25.11838796274149	49.855887000000166	30.190098373826704	49.840149999999994	37.64518510600692
50.189955000000054	8.200148127750412	49.8665739999999	9.47913235438637	49.90645900000027	10.601660598613089	49.86300100000017	12.180311442874554	50.77395899999965	14.099632463191414	50.910947999999735	16.810242518035036	50.456780999999864	20.503066437550213	49.88136200000008	25.124207840371742	49.87368000000015	30.193390934892577	49.86815400000023	37.6523877809041
50.230953	8.202422804339413	49.910572999999886	9.482032770239117	49.94645799999989	10.604902008661682	49.90240900000026	12.183645453026848	50.813690999999835	14.103325028247193	50.95085199999994	16.814479061192507	50.4964930000001	20.508569000942238	49.91389200000003	25.129062339700194	49.91342200000008	30.20074511697991	49.90995299999986	37.66313855250894
50.270946000000095	8.204641667440828	49.962890000000016	9.48548150865712	49.986053000000084	10.608110679650352	49.943635000000086	12.187133270285717	50.854285999999775	14.107097797763917	50.990544999999656	16.8186932028211	50.53654400000005	20.514118536760435	49.95263799999975	25.134844461771486	49.952459999999974	30.20796902519602	49.95367600000009	37.67438418008102
50.31051400000001	8.206836899340349	49.99989500000015	9.487920879301079	50.02605600000015	10.611352413848088	49.9819080000002	12.190371256749348	50.89903099999992	14.111256255013	51.03078699999969	16.82296563089202	50.57689900000014	20.51971019534435	49.991285999999945	25.140611959159962	50.00434499999983	30.21757024651354	49.98867599999994	37.68338623769415
50.350232000000005	8.209040401855226	50.03491999999983	9.490229728127986	50.066049999999905	10.614593418710303	50.02332000000024	12.193874810048843	50.93394499999977	14.114501050552018	51.07079399999975	16.827213109392932	50.61689800000022	20.525252525952645	50.03268200000002	25.146789544594984	50.03404300000011	30.223065805358893	50.01767599999994	37.69084508543077
50.4036880000001	8.212005989820057	50.08045500000003	9.493231396171332	50.10985699999992	10.618143418710305	50.06277100000034	12.197212458102996	50.973933999999645	14.118217500366136	51.116254000000026	16.832039524086664	50.656670000000304	20.530763403048404	50.072683999999754	25.152759101377516	50.08300499999996	30.232126131043543	50.05776199999991	37.701155270615956
50.43527700000004	8.213758415054059	50.1264520000002	9.496263519000447	50.146560000000136	10.621117729893466	50.13824599999998	12.203597821893151	51.0137679999998	14.121919544975814	51.15102999999999	16.8357316357758	50.69645799999989	20.53627649713176	50.11124900000004	25.158514212554994	50.12908800000014	30.240653703212338	50.10176700000011	37.71247342905222
50.48531600000001	8.216534303484066	50.16250299999979	9.498640001199746	50.185545000000275	10.624276968143073	50.16412500000024	12.205787246597065	51.05379099999982	14.125639154641243	51.190689999999904	16.839942273847775	50.76025600000003	20.545116458334494	50.15097900000001	25.164443178380985	50.16812000000027	30.247876501139825	50.13746600000013	37.72165527061601
50.52605799999992	8.218794386601072	50.20924600000012	9.501721299886201	50.226532000000134	10.627598443021505	50.183116000000155	12.2073939301842	51.09390799999983	14.12936750036615	51.23052299999972	16.844171279050006	50.79608300000018	20.55008070940837	50.191567999999734	25.170500334029356	50.19808499999999	30.25342146783111	50.183320000000094	37.73344899489584
50.57106399999998	8.221290945749729	50.247247000000016	9.504226325715061	50.26665400000002	10.630849820655207	50.223109999999906	12.210777517324619	51.13353499999994	14.133050307057612	51.270358999999644	16.848400602757394	50.83185000000003	20.555036646778447	50.2579539999997	25.180407213599562	50.23293199999989	30.259869839407703	50.22332099999994	37.74373731794106
50.605060000000094	8.223176719267194	50.283916999999974	9.506643611864126	50.307360000000244	10.63414852405879	50.273347000000285	12.215027686529387	51.17341699999997	14.136756812633823	51.31515899999977	16.853156946318297	50.866741000000275	20.559871204073758	50.295922999999675	25.186073382828035	50.273689000000104	30.26741184532928	50.257390000000214	37.75249992082179
50.64076	8.22515697549817	50.323510999999826	9.509253647895374	50.346360000000004	10.637308977867525	50.31234500000028	12.218327009710436	51.21841399999994	14.14093868995724	51.35615699999971	16.857509637686803	50.92137600000024	20.567441524151345	50.33077599999979	25.191274546833423	50.31371799999988	30.274819136224874	50.303370000000086	37.764326052509006
50.67875499999991	8.227264490318095	50.36251000000016	9.511824461354887	50.3863580000002	10.640550306878886	50.34733899999992	12.221287585006515	51.253991999999926	14.144245195533447	51.390844000000016	16.86119230038988	50.96617500000002	20.573648951060004	50.36662999999999	25.196625091528272	50.35420000000022	30.282310253915536	50.34337000000005	37.774614118352616
50.71175500000004	8.229094905109823	50.400163999999904	9.514306612269513	50.43058000000019	10.6441339373489	50.382164999999986	12.224233947104658	51.29488299999957	14.148045474343823	51.446566000000075	16.867108215030505	50.99017300000014	20.57697415543857	50.40572999999995	25.20246004153573	50.39320600000019	30.289528240592066	50.42434200000025	37.79544025003991
50.76334900000006	8.231956608209632	50.43870899999979	9.516847497718704	50.46658699999989	10.647051846587125	50.42215800000031	12.227617449642757	51.33387499999981	14.151669266165406	51.48231199999964	16.870903310051162	51.01691200000005	20.580679157516983	50.441155999999864	25.207746715166518	50.43278499999997	30.29685225983703	50.43234100000018	37.79749760600697
50.7993469999999	8.23395321821491	50.47870799999987	9.519484230635019	50.50558600000022	10.650212219358629	50.462156999999934	12.23100145979501	51.373597999999674	14.155360994789929	51.51906599999984	16.87480542280201	51.06707000000006	20.587629136732726	50.481031999999686	25.213697468785355	50.47351299999991	30.304388899363296	50.462340999999924	37.80521365538962
50.833982000000105	8.2358741928949	50.516820999999936	9.521996638320307	50.54619700000012	10.653503224220856	50.50251299999991	12.234415672992977	51.41334599999982	14.159055046834553	51.55206599999974	16.878308979442828	51.10069500000009	20.592288274878776	50.516967999999906	25.219060250459762	50.513514000000214	30.311791008911833	50.49988200000007	37.81486926238554
50.86997999999994	8.237870725658038	50.5545239999999	9.524482018661757	50.58619799999997	10.656744796344022	50.5437850000003	12.237907381960861	51.45394499999975	14.162828188098487	51.59081399999968	16.88242279194946	51.13625600000023	20.597215668532666	50.55197499999986	25.22428439610966	50.55212900000015	30.318936641776368	50.53888099999995	37.8248998693814
50.9108369999999	8.240136702530565	50.58852400000001	9.526723297249571	50.63019699999995	10.660310355501231	50.582780000000184	12.241206451334794	51.49364099999957	14.166517407429325	51.63057200000003	16.886643834523017	51.17628500000001	20.6027621559928	50.59096599999975	25.230103079888185	50.593758999999864	30.326640194700076	50.57842299999993	37.8350701368711
50.96246300000007	8.24299986917747	50.62587700000017	9.529185605314257	50.70279800000026	10.666193742859441	50.62209699999994	12.24453276267149	51.538328999999976	14.170670567280663	51.67056999999977	16.890890357508447	51.21679300000005	20.60837501452128	50.63296700000001	25.236370950355315	50.636381000000256	30.334527315351515	50.61743299999989	37.84510357308508
50.999459000000115	8.245051610412634	50.665874999999915	9.53182227149362	50.72579600000017	10.668057438159273	50.66209299999991	12.247916519016666	51.573509999999715	14.173940176946067	51.73782899999969	16.89803113678437	51.256879000000026	20.613929400000007	50.671965	25.242190678754064	50.673143999999866	30.34133023911162	50.657420999999886	37.85538855250895
51.03327899999999	8.24692718011956	50.70554500000003	9.53443731576232	50.745796000000155	10.66967818370222	50.70189900000014	12.251284200911778	51.6186459999999	14.178134972485118	51.784200000000055	16.902954270875075	51.29663100000016	20.619437505861185	50.73796399999992	25.252039805750023	50.7187899999999	30.349776945255226	50.699249000000236	37.866146782961714
51.06992700000001	8.248959545352623	50.7743039999998	9.538969904959888	50.78637000000026	10.67296619018521	50.743495000000166	12.254803321047143	51.6548329999996	14.181498076574307	51.79284199999984	16.903871778041417	51.33710800000017	20.625046068976054	50.773961999999756	25.25741183977477	50.75281499999983	30.356073207283337	50.7382520000001	37.87617841876415
51.10992400000009	8.251177589067549	50.81813799999986	9.541859439384005	50.82636700000012	10.676207438159267	50.783292000000074	12.25817024152091	51.69370499999968	14.185110715979521	51.83059800000001	16.90788027151208	51.37610600000016	20.63044969929336	50.829425999999785	25.265688813360804	50.80613900000026	30.365940712834863	50.77800699999989	37.88640347020443
51.14992200000006	8.25339564161217	50.82613400000014	9.542386535162036	50.86707299999989	10.679506141562815	50.8222880000003	12.26146939549724	51.73383399999966	14.188840176946062	51.87064899999996	16.91213242142183	51.41690400000016	20.636102740723317	50.85383499999989	25.26933140401893	50.857892999999876	30.375517692849595	50.81737599999997	37.89652924180938
51.19462700000008	8.25587466168505	50.86646399999995	9.545045085930322	50.907072999999855	10.682747632648713	50.8618620000002	12.264817449642749	51.77884199999971	14.19302307657432	51.915617999999995	16.91690670743946	51.46041500000001	20.64213170012471	50.876942999999756	25.272779844550175	50.89393999999993	30.382188122161224	50.85837300000003	37.907073737694176
51.24062099999992	8.258425100431833	50.90632399999981	9.54767265417217	50.94607500000029	10.685908248532053	50.90146099999993	12.268167618847462	51.8144299999999	14.196330511518575	51.950612999999976	16.920622070004484	51.49641500000007	20.647119922377733	50.91166599999997	25.27796160846604	50.93188999999984	30.389210698030936	50.89837299999999	37.91736180353779
51.270635000000084	8.260089390696262	50.945965000000115	9.550285785794877	50.98674800000026	10.689204277705471	50.96783200000027	12.27378276267152	51.85318199999983	14.199931998507417	51.990346000000045	16.924840458368436	51.536159000000225	20.65262691974508	50.95524099999966	25.284464369247967	50.967505000000074	30.395801186557996	50.938008999999965	37.927556247982224
51.31063199999994	8.26230720308599	50.98626399999989	9.552942292569066	51.02674999999999	10.692445930865903	51.00480199999993	12.276910512248477	51.893179999999575	14.203649284752746	52.03004899999996	16.929055661680884	51.57679700000017	20.65825779129835	50.99667599999975	25.290647774709853	51.0060910000002	30.402941453027303	50.978168000000096	37.93788520888761
51.350566999999955	8.264521532395047	51.02625000000012	9.555578166254207	51.06675099999984	10.695687502989067	51.04179900000008	12.280040546089438	51.93378199999961	14.207422704827097	52.06998900000008	16.93329602690013	51.61579500000016	20.663661421615657	51.0366439999998	25.296612257622858	51.043908999999985	30.40993960254614	51.0212489999999	37.94896571300278
51.390272000000095	8.266723064049675	51.06686300000024	9.558255371569494	51.10635000000002	10.698896498126846	51.07763000000023	12.2830719335683	51.973403999999846	14.211105046834554	52.11069700000007	16.937617929437558	51.660425999999916	20.669845570153797	51.08140000000003	25.30329126075675	51.08090900000025	30.416786382709027	51.058432000000266	37.95852924180946
51.43026899999995	8.268940741643933	51.106493	9.560867777463153	51.146348000000216	10.702137827138205	51.1255970000002	12.287130055395707	52.01340199999959	14.214822333079884	52.15042799999992	16.94183610546472	51.69606500000009	20.67478377162257	51.11591599999974	25.30844213376074	51.11753399999998	30.423563769829627	51.098507000000154	37.96883659777651
51.47026699999992	8.271158430124222	51.1454940000001	9.563438719592813	51.186349000000064	10.705379399261371	51.1725120000001	12.291099175531063	52.0538889999998	14.21858506542191	52.19005100000004	16.94604281530654	51.74089499999991	20.68099549394484	51.15156900000011	25.31376268293256	51.152657999999974	30.430063399733402	51.138152999999875	37.979033614237345
51.51091199999996	8.273411946120566	51.185914999999795	9.566103267836587	51.235333999999966	10.709349010282432	51.197525999999925	12.293215419185872	52.092887999999675	14.222209507801082	52.247441999999864	16.952135924978464	51.79856800000016	20.688986764555935	51.191379999999754	25.3197037365066	51.19266199999993	30.437466064426214	51.18186300000025	37.99027589818806
51.549909999999954	8.275574103299475	51.225913999999875	9.568739997736465	51.26801999999998	10.711997794723276	51.222487	12.295327178915151	52.1336739999997	14.226000028247181	52.281441000000086	16.95574554383399	51.83556799999997	20.694113548538173	51.23300900000004	25.325916092871363	51.23210800000015	30.444765472272294	51.217833000000155	37.99952744139791
51.58990799999992	8.277791659986091	51.271657000000005	9.571755371339595	51.3056059999999	10.715043661822136	51.266505999999936	12.29905129059027	52.173413999999866	14.229693336797382	52.3678289999998	16.964917218109363	51.87020900000016	20.698913465401162	51.27140499999996	25.33164598393239	51.280107000000044	30.453647596624606	51.2578309999999	38.00981499283817
51.62946600000009	8.27998477947906	51.306338000000096	9.574041538977376	51.36160300000029	10.719581506230593	51.30163300000004	12.302023118001447	52.213436	14.23341285352602	52.39134399999966	16.9674137676369	51.90493100000003	20.703724605764176	51.31107500000007	25.33756599587092	51.32489100000021	30.461934791295253	51.298835000000054	38.020361289134506
51.674459999999954	8.282479222610057	51.34990099999982	9.576913206911033	51.39768499999991	10.722505493264599	51.343628999999964	12.305576079084352	52.26801299999988	14.23848506542192	52.41293399999995	16.969705943027098	51.93992900000012	20.708573989164492	51.351728000000094	25.34363270233265	51.36150799999996	30.468710698030957	51.33782999999994	38.03039086732378
51.73681099999999	8.285935838500746	51.39189899999997	9.579681710069124	51.43445299999985	10.725485071870754	51.381456999999955	12.308776417493826	52.30558599999995	14.241976979920066	52.44793299999992	16.973421730265652	51.976504000000205	20.713641884411835	51.39117899999974	25.34952003258181	51.3975089999999	30.475372615129395	51.37885600000027	38.04094282205637
51.77183500000001	8.287877454120771	51.42750899999987	9.582029116909272	51.47304299999996	10.728612300395884	51.439412000000175	12.313679547781494	52.338584999999966	14.245043801481405	52.49238500000001	16.978141127229247	52.016208000000006	20.719143339309966	51.431834999999865	25.355587186737925	51.44112300000006	30.483443303508402	51.41783399999986	38.05096802781758
51.80487100000005	8.289708831706006	51.47151199999985	9.584929789133069	51.50904300000002	10.731529642373198	51.48455899999999	12.317499090928685	52.40381699999989	14.251106255012997	52.542003999999906	16.98340909622807	52.05679800000007	20.72476755990025	51.48163799999975	25.36301936104025	51.488278000000264	30.492169247253813	51.45783299999994	38.06125583645958
51.839746000000105	8.291642124476269	51.506204000000025	9.587216681293649	51.54561999999987	10.73449374285941	51.538352999999915	12.322050190759475	52.42854699999998	14.253404582150552	52.5796949999999	16.987410688753812	52.096375999999964	20.730251556020505	51.53032200000007	25.37028454534115	51.53391099999999	30.5006135477719	51.49883099999988	38.07180058954599
51.874780999999984	8.2935842546428	51.55037800000014	9.590128625525256	51.586619000000155	10.737816190185203	51.564358000000084	12.324250275361859	52.45331499999975	14.255706440886591	52.59369399999969	16.988896939948184	52.136597000000165	20.735824647332713	51.567055999999866	25.375766413718974	51.57958800000006	30.509065990406995	51.56682899999987	38.08928978707685
51.909805000000006	8.295525742945397	51.59144200000014	9.592835558824923	51.62561800000003	10.740976562956668	51.58195700000033	12.325739192451557	52.4942189999997	14.259507927875433	52.6442619999998	16.99426566274255	52.18038699999988	20.74189226545655	51.604813999999806	25.3814010951098	51.61458700000003	30.5155424892967	51.58984700000019	38.09521005456664
51.94983400000001	8.297744634742303	51.626503000000184	9.595146775072044	51.66524000000027	10.744187421951825	51.622407000000294	12.329161358272197	52.533216999999695	14.263132277317812	52.68035899999995	16.99809802286572	52.21653900000001	20.746901549092428	51.64381999999978	25.38722201736021	51.65395600000011	30.52282764843809	51.620828000000074	38.103178418764145
51.989859000000024	8.299963263349426	51.67650200000003	9.598442702032488	51.70523800000001	10.747428750963149	51.66240599999992	12.33254536842445	52.57379899999978	14.26690383865611	52.71836600000006	17.002133164600522	52.26105200000029	20.75306934734659	51.68409900000006	25.393232911256682	51.69164600000022	30.529802111798585	51.66183200000023	38.11372471506048
52.065896000000066	8.304177962319432	51.70557100000019	9.600358926282084	51.75479300000006	10.751444553232197	51.71918400000004	12.337348921723951	52.613382	14.27058255612825	52.75194099999999	17.005697768061605	52.296730000000025	20.758012952722744	51.71409799999992	25.397709705764946	51.730641000000105	30.53701806294586	51.70283100000006	38.1242697253485
52.090895000000046	8.305563614159576	51.75114499999995	9.603363157596334	51.80179300000009	10.755253305258131	51.77218100000027	12.34183259346678	52.65337999999974	14.274299842373578	52.79039499999999	17.009780367063623	52.33634600000005	20.763502214188733	51.752102999999806	25.40338124732589	51.76846800000021	30.544017877897772	51.741831000000275	38.134300589546086
52.109895999999935	8.306616796504319	51.791148999999905	9.606000215204759	51.84779299999991	10.758981020006901	51.806176999999934	12.344708735598733	52.69344299999966	14.278023169511117	52.83039299999973	17.01402689004905	52.38114799999994	20.769710056782593	51.828865999999834	25.41483670173568	51.80704999999989	30.551157404174543	51.77795500000002	38.143591741809395
52.194590999999946	8.311311137548923	51.82568900000001	9.608277086663788	51.883400000000165	10.761866514334312	51.842939000000115	12.347818887883012	52.73315999999977	14.281714340514846	52.87000399999988	17.01823232587028	52.415825999999925	20.774515100429532	51.85286899999983	25.418418704421846	51.847049999999854	30.558559328674903	51.831486999999925	38.15736026032789
52.21959100000004	8.31269676379265	51.871257000000014	9.611280922039192	51.91940000000022	10.764783856311627	51.88292700000011	12.351201967409237	52.773793999999725	14.285490734566885	52.91059300000006	17.02254159437014	52.45612800000026	20.78009941524183	51.87250499999982	25.421349013330964	51.884606000000076	30.565508995588345	51.864598000000115	38.16587646403164
52.23259000000007	8.313417227858523	51.914863000000196	9.61415542253831	51.95839699999988	10.767944067008518	51.922645999999986	12.35456228889823	52.81290899999976	14.289125957615216	52.95018499999969	17.026745012992034	52.50118300000031	20.786342313953213	51.91124799999989	25.427130687707933	51.931399000000056	30.574167951916984	51.89734200000021	38.17429827473126
52.270172	8.315500170674781	51.98394600000006	9.618709362488191	51.994972999999845	10.770908086457464	51.95934100000022	12.357666772823798	52.8535509999997	14.292903095161678	52.995848000000024	17.031592979867533	52.536129000000074	20.791184492143564	51.95124399999986	25.433099349101752	52.01142800000025	30.588977167313026	51.942123000000265	38.185816021644854
52.310167999999976	8.317716868534749	52.00983599999995	9.620416026922523	52.06997300000012	10.776985882243547	51.99834499999997	12.36096660361904	52.893548999999894	14.296620381407049	53.03050499999972	17.035272457519056	52.5759579999999	20.796703267257854	51.991955999999846	25.43917486021949	52.0374310000002	30.593788973382594	51.977804000000106	38.19499323357897
52.362194000000045	8.320600246111582	52.02883600000018	9.621668503687973	52.09606399999984	10.77910022584158	52.035339999999906	12.364096468255244	52.93287499999997	14.300275214120811	53.075210999999854	17.04001882125195	52.61604699999998	20.802258068421782	52.03172799999993	25.445110093766736	52.04942800000026	30.596008995588377	52.04550500000005	38.21240604222093
52.39452000000006	8.322391779772897	52.06711500000006	9.624191848772984	52.11005400000022	10.780233937348903	52.070966000000226	12.367110512248502	52.97287299999971	14.30399250036614	53.11020699999972	17.04373428998535	52.656049000000166	20.807800814715282	52.0777250000001	25.45197429313999	52.085769000000255	30.60273382904508	52.07850499999995	38.22089369654189
52.43451899999991	8.32460852230229	52.106113999999934	9.62676265602723	52.14777600000025	10.783290825517463	52.10853300000008	12.370288769439693	53.013472999999976	14.307765734566908	53.15585699999974	17.048580876671835	52.72733300000027	20.81767804902318	52.11235899999974	25.45714277545601	52.12346800000023	30.609709957838557	52.11168799999996	38.229428418764115
52.469515	8.326547967109953	52.145785999999816	9.629377827214393	52.18649600000026	10.786428588888615	52.15222900000026	12.37398555454969	53.053084999999555	14.311447147206275	53.190472999999656	17.052256001419675	52.751334999999926	20.8210038076486	52.15599699999984	25.46365493781985	52.16146600000002	30.616741416017646	52.143430999999964	38.23759277061597
52.51046300000007	8.328817228680439	52.185366999999815	9.631986999589122	52.22606600000017	10.789635233945333	52.1872229999999	12.376946129845768	53.09408399999984	14.31525746319143	53.23572699999977	17.05706054542648	52.775900999999976	20.82440771508937	52.23486099999991	25.47542392752289	52.19433200000003	30.622823207283375	52.17842300000029	38.24659277061605
52.55006400000002	8.331011803898782	52.22636299999999	9.634689448395338	52.26565800000026	10.792843661822165	52.2272210000001	12.3803300553957	53.13377499999979	14.318946217838267	53.27072300000009	17.060776014159927	52.81690100000014	20.83008874598866	52.24286099999972	25.476617779186792	52.23191600000018	30.62977805554395	52.22099299999991	38.257541844690024
52.58970599999998	8.333208613880998	52.26501200000007	9.637237183287523	52.30664000000024	10.79616473151422	52.26187000000027	12.383261442874563	53.173449999999775	14.322633485496258	53.31039800000008	17.064988244757654	52.86061100000006	20.836145279174183	52.272887999999966	25.481098752175935	52.27391699999998	30.637550261317415	52.257654	38.26697111423738
52.62970300000006	8.33542505897266	52.30581700000016	9.639927041190255	52.38163900000018	10.802242446263001	52.30186499999991	12.386645114617341	53.213448999999855	14.326350864678421	53.34999599999992	17.069192300389872	52.8964390000001	20.84110966880977	52.31726600000002	25.487721345818684	52.312699000000066	30.644726797216766	52.298999000000094	38.277605116295014
52.6706999999999	8.337696880322047	52.345813000000135	9.64256356985867	52.405639000000065	10.804187340914531	52.34186200000022	12.390028955564915	53.294092999999975	14.333845660217467	53.39053799999965	17.07349657897568	52.936437000000296	20.846651860856355	52.362850999999864	25.494524061831193	52.352302000000236	30.652055257616503	52.338998000000174	38.28789292493701
52.70944200000008	8.339843706250576	52.39142000000015	9.645569974446037	52.42534800000021	10.805784504609843	52.381750999999895	12.393403659456595	53.318093999999746	14.336076236425622	53.475132999999914	17.08247789334029	52.98824700000023	20.853830744048807	52.40245199999981	25.500433776799103	52.39330000000018	30.659641860133146	52.37770899999987	38.29784945785874
52.75019199999997	8.342101764643097	52.4270039999999	9.647915664725561	52.470018999999866	10.80940452081727	52.42273900000009	12.396871341351705	53.33309099999997	14.337470009659846	53.500904999999875	17.085214064908392	53.02395000000024	20.858777813468237	52.44004399999994	25.50604368576793	52.432912000000215	30.666971985965866	52.41770799999995	38.30813726650074
52.79031699999996	8.344325152740286	52.51272200000017	9.653566178091532	52.525552999999945	10.813904844966384	52.4940660000002	12.402905774515844	53.37378499999977	14.341251979920049	53.514820999999756	17.086691504126982	53.072869999999966	20.86555625326313	52.48010999999997	25.51202279336382	52.51762199999985	30.68264741157646	52.45734799999991	38.31833273975175
52.82980199999997	8.346513041333901	52.53771900000015	9.655213975230613	52.57255200000009	10.817713515955052	52.520070999999916	12.405105859118189	53.41278299999976	14.344876329362428	53.5508219999997	17.090513672085358	53.10897800000021	20.870559440182934	52.51411199999984	25.51709696139842	52.54462199999989	30.687643710614218	52.49935099999993	38.3291359804925
52.86979999999994	8.348729319256421	52.55174899999997	9.656138829950653	52.608552000000145	10.820630857932365	52.54206199999999	12.406966349811935	53.4534749999998	14.34865811374905	53.59088699999984	17.09476730835249	53.14398600000004	20.87541020920051	52.55172999999968	25.522710750385116	52.570074000000204	30.69235355517386	52.53714600000012	38.33885691670654
52.90979500000003	8.350945394602224	52.589147999999796	9.658604164294534	52.664196000000175	10.825140096181963	52.58105800000021	12.410265503788263	53.493606	14.352387760589217	53.62993899999992	17.098913396047585	53.17796200000021	20.880117982513543	52.59129699999994	25.5286153914835	52.60807100000011	30.699384828304858	52.57809300000008	38.349388552509
52.94933500000002	8.353136223412056	52.62475699999982	9.66095150212936	52.68819600000006	10.827084990833495	52.62274000000025	12.413791899727354	53.53359599999976	14.356104303340123	53.68958999999995	17.105246446265234	53.216543	20.88546383258972	52.63229599999977	25.534733732029657	52.643645000000106	30.70596772985926	52.618069000000105	38.35967044551312
53.00960800000007	8.356475756927564	52.71046000000001	9.666601025657942	52.70619500000021	10.828543580784883	52.661739000000125	12.417091307510761	53.57332499999984	14.359796589585484	53.72540499999968	17.109048866904338	53.2565410000002	20.891006024636305	52.71061899999995	25.54642198751394	52.68124399999988	30.712925353841456	52.6570700000002	38.369701566912326
53.056084000000055	8.359050787649789	52.73508599999991	9.668224366258748	52.752578000000085	10.832302332810805	52.70187900000019	12.420487246597062	53.612708999999995	14.363456812633824	53.76340399999981	17.113083159292078	53.32711300000028	20.900784602992978	52.73862199999985	25.55060091603206	52.71725500000002	30.719589121421052	52.71268800000007	38.38400660806455
53.102830999999924	8.361640785067824	52.74911099999986	9.66914889121348	52.78855999999996	10.835218216117116	52.747386000000006	12.424337246597045	53.663704999999936	14.368196217838282	53.79901299999983	17.116863709244306	53.35174099999995	20.90419710126091	52.75162	25.552540626523054	52.751846000000114	30.725990120680876	52.79107299999987	38.40416735909331
53.12670899999989	8.362963716824396	52.7850820000001	9.671520091670756	52.82556000000022	10.838216595371595	52.78207800000018	12.42727227197777	53.69832699999961	14.371413875830815	53.88461699999971	17.125952147507377	53.37673300000006	20.907660035998347	52.799107999999705	25.5596273300001	52.79246499999999	30.733506589962865	52.81407300000001	38.41008299695343
53.149771999999984	8.36424148262914	52.825849999999946	9.674207509229223	52.86713099999997	10.841585396019873	52.82176299999992	12.43062971698621	53.73348199999964	14.374681069139367	53.90841399999999	17.128478636518977	53.416373999999905	20.91315276150754	52.837105000000065	25.565297677709452	52.836459000000104	30.741647596624617	52.82509800000025	38.41291864510164
53.20291599999996	8.367185790282512	52.87149400000021	9.67721635151867	52.90612999999985	10.844745768791338	52.86175800000001	12.434013388729026	53.77318499999956	14.378370939027835	54.44128999999975	17.18505321980805	53.45598400000017	20.918641191603186	52.870846999999685	25.57033304556494	52.91204800000014	30.755635198401087	52.867101000000275	38.42372188584238
53.23596700000007	8.369016865659212	52.906095999999934	9.679497307555092	52.94612899999993	10.847987178839965	52.900754000000234	12.437312542705357	53.81357199999957	14.382124377689546	54.468035999999756	17.187892799381252	53.49598300000025	20.924183522211482	52.92472999999973	25.578374084215895	52.93805500000008	30.760447744663104	52.91172600000027	38.435199509299174
53.27220699999998	8.371024589373306	52.944757999999865	9.682045897796982	52.98670399999992	10.851275266360224	52.94736600000033	12.441256028322961	53.85356999999976	14.385841663934919	54.48104299999977	17.189273731539657	53.535639000000174	20.929678326146625	52.962626999999884	25.584029508779416	52.954045999999835	30.763406849030197	52.94575299999997	38.44395130971062
53.31006900000011	8.373122143018652	52.98530199999982	9.684718548962081	53.02570199999991	10.854435558094421	52.99112300000024	12.444957974177438	53.893241999999645	14.389528652782491	54.50474299999996	17.191789922218096	53.581263000000035	20.936000066481924	53.00762399999985	25.590744476694645	52.99313800000027	30.77064074984449	52.97869600000013	38.45242430353782
53.350042999999914	8.375336668188135	53.02546099999995	9.687365820927322	53.066699999999855	10.85775792438291	53.03821199999993	12.448941815124957	53.93295699999999	14.393219637912635	54.55873900000006	17.19752259022957	53.61595500000021	20.940807049993104	53.04213600000003	25.59589475277287	53.032134999999926	30.777857071087947	53.01767000000018	38.46244848049257
53.38986100000011	8.377542517366436	53.066662999999835	9.690081847120322	53.10650399999986	10.86098353216249	53.0742180000002	12.451988008018382	53.97295499999973	14.396936924157963	54.583394999999655	17.200140277882145	53.66166000000021	20.947140013828495	53.08013299999993	25.60156510048215	53.07368499999984	30.78554582016269	53.05766900000026	38.47273628913456
53.43009099999995	8.37977115664993	53.105662000000166	9.692652651985863	53.19018499999993	10.867764812551474	53.112212	12.455202390421071	54.013798999999835	14.400732834938644	54.59639299999981	17.201520254525118	53.69765899999993	20.95212809751974	53.112842	25.6064463122416	53.11335400000007	30.79288649373786	53.097669000000224	38.48302435497817
53.46981400000004	8.381971676093935	53.146210999999994	9.695325632400225	53.21611900000016	10.869866433297034	53.1519830000002	12.458567111233272	54.05350099999987	14.404422611890318	54.60439099999985	17.2023693892528	53.74061800000027	20.958080570846654	53.15765899999997	25.613134418494393	53.15334500000017	30.80028675280524	53.13837100000001	38.4934929763773
53.54280999999992	8.386015321124303	53.18482400000016	9.697870992076517	53.233106000000134	10.871243013523937	53.18398100000013	12.461274217832251	54.09249899999986	14.408046961332698	54.679947000000084	17.21039104760297	53.78345300000001	20.964015862519055	53.191655999999966	25.618207840371724	53.19265600000017	30.80756117915609	53.180377000000135	38.504296988723006
53.566409999999905	8.387322629741535	53.230925999999954	9.700910024731735	53.27070000000003	10.874289528921011	53.22097699999995	12.464404167070814	54.14595599999984	14.413015084009276	54.70594899999969	17.213151637899138	53.818424999999934	20.96886164331439	53.2372849999997	25.625017122568373	53.23220100000026	30.814878906765284	53.244016999999985	38.52066530148017
53.58954300000005	8.388604058028708	53.26656100000014	9.703259075212294	53.3054259999999	10.877103629407223	53.27793500000007	12.469222948796713	54.18095699999958	14.416267965050142	54.71910899999966	17.214548813820144	53.85616600000003	20.974091101538043	53.27128300000004	25.630090693677214	53.279199999999946	30.82357598300505	53.28001799999993	38.52992481794106
53.62965400000007	8.39082593881968	53.33421299999986	9.707718678323445	53.345428000000084	10.880345282567692	53.32593100000031	12.473283524092842	54.21617799999967	14.419541292187699	54.72662300000002	17.21534656305046	53.89614900000015	20.979631215158676	53.319908999999825	25.63734722255347	53.31203400000004	30.829651852731196	53.31504399999994	38.53893356279703
53.66933100000006	8.393023746615192	53.37990999999988	9.71073101313555	53.38642600000003	10.883667648856182	53.374115000000074	12.477360004634276	54.25290499999983	14.422954582150538	54.75662199999988	17.21853150837373	53.93614699999989	20.9851734072052	53.36554799999976	25.644157997064728	53.35662200000024	30.837902777971795	53.35058600000002	38.5480750237024
53.714017999999896	8.395499032539826	53.38796500000012	9.711261996710594	53.425107000000025	10.886802251773524	53.40012000000024	12.47956008923666	54.29290499999979	14.426672054269494	54.779619999999795	17.22097316884723	53.97590200000013	20.99068192875158	53.410421999999926	25.650854609510656	53.392619000000195	30.84456395487778	53.38758800000005	38.55759199901105
53.7499499999999	8.397489335495033	53.4294739999998	9.713998259505665	53.46566400000029	10.890088880622816	53.426110000000335	12.481758904803502	54.33472499999971	14.430558671369859	54.79143099999965	17.222227123619483	54.01645899999994	20.99630157680476	53.45044800000005	25.656827747848233	53.44190200000003	30.853683681006544	53.41758600000003	38.56530753399047
53.789747000000034	8.39969369374441	53.466486999999915	9.716438147046624	53.50566800000024	10.89333069585782	53.461107000000084	12.484719733906697	54.373541999999816	14.434166199250908	54.860275	17.229536179782595	54.056278999999904	21.001819104863507	53.485957999999755	25.662126956921462	53.487607000000025	30.86214130498878	53.46222900000021	38.57678978707693
53.83033999999998	8.40194210993268	53.511004000000185	9.71937269627182	53.54621700000007	10.896616676408858	53.51025500000014	12.488877771131744	54.45363699999962	14.441609972485091	54.88327299999992	17.2319778402561	54.09610500000008	21.007337464292657	53.52395699999988	25.667797603093696	53.5332870000002	30.870594302768232	53.521224000000075	38.591963398188014
53.87394599999993	8.404357377549431	53.54596699999979	9.721677448201524	53.585223999999926	10.89977769747854	53.556250999999975	12.492769141690106	54.461637999999766	14.4423535598457	54.91489199999978	17.235334778359917	54.135551000000305	21.012803170264696	53.58313999999973	25.676629568471974	53.57938400000012	30.87912446561056	53.56584000000021	38.60343870683002
53.910127999999986	8.406361413041047	53.58569700000021	9.72429643947117	53.62545300000011	10.903037746100921	53.601910000000316	12.496632001250202	54.511883999999554	14.44702326244791	54.94957199999999	17.239016697884303	54.179423999999926	21.018882289012048	53.59114099999988	25.677823569367384	53.6193830000002	30.88652620506283	53.59886499999993	38.61193279119209
53.950127000000066	8.408576833267588	53.62973399999987	9.727199346976219	53.66498899999988	10.906241635890204	53.638572000000295	12.499733693297578	54.54760199999964	14.450342779176543	54.996132999999645	17.243960003967715	54.231982000000244	21.026164816378035	53.63214199999993	25.683942208376497	53.65776400000004	30.89362853666902	53.64784000000009	38.62452924180941
53.99012199999993	8.410792000749137	53.66473299999984	9.729506471825902	53.70598599999994	10.909563921141425	53.67358599999989	12.502695960641029	54.58238999999958	14.453575864678395	55.04791599999999	17.249457721347518	54.27168299999994	21.031665855590962	53.67178399999966	25.68985804183415	53.69576300000017	30.90066017989628	53.67053699999997	38.6303669475707
54.02933600000006	8.412963881560266	53.71137199999998	9.73258090232039	53.74612699999989	10.912816838483398	53.70938299999989	12.505724471639336	54.61638699999958	14.456735437169101	55.08266999999978	17.253147497332208	54.30440399999998	21.036199733933767	53.71179200000006	25.695828494005525	53.73660999999993	30.908218840147903	53.701548999999886	38.63834328501924
54.06984499999999	8.415207455251043	53.74501699999996	9.734798771725659	53.78612599999997	10.916058248532028	53.756343000000015	12.509697398881311	54.68313699999999	14.462938968767652	55.133898000000045	17.2585862912594	54.33904299999995	21.040999373673266	53.75065300000006	25.701627777694526	53.81954799999994	30.923566360503195	53.73751900000025	38.64759482822921
54.12339100000008	8.418173029372298	53.794803	9.738080651444768	53.82512600000018	10.919218702340796	53.79333900000029	12.512827348119913	54.71501599999965	14.46590170110963	55.177689999999984	17.263235617090164	54.37587500000018	21.04610287928505	53.791631999999936	25.707743133611537	53.82754699999987	30.925046560355145	53.7782000000002	38.658058048393805
54.16141599999992	8.420278960358875	53.827481000000034	9.740234776350452	53.864876000000095	10.922439934107402	53.832994000000326	12.51618225505731	54.75088599999981	14.46923534423232	55.21268699999973	17.266951191991932	54.41570600000023	21.051621931522828	53.83215599999994	25.71379058921518	53.860285000000204	30.931104665462534	53.81719999999996	38.66808891259127
54.19837699999994	8.422325937814364	53.88914399999999	9.744299584478124	53.90578400000004	10.925755007040948	53.871990000000096	12.519481409033602	54.7851469999996	14.472419452038991	55.25817999999981	17.271781110242287	54.45653200000015	21.057278852681193	53.871032000000014	25.71959211137606	53.90110000000004	30.93865740417457	53.85719900000004	38.67837672123327
54.23002900000006	8.424078871298823	53.92645299999981	9.746758983495836	53.94532600000002	10.928959383053911	53.909983999999895	12.522695791436291	54.820734999999786	14.475726886983248	55.29207399999996	17.275379581417585	54.49553100000003	21.062682621560214	53.91684899999973	25.726429449086808	53.96078299999999	30.949701630673452	53.897827000000234	38.688826309710684
54.269632	8.426272116210455	53.96421699999996	9.749248375929353	53.98679500000026	10.93231991789996	53.94871499999999	12.525972525784862	54.854225999999926	14.478839433451663	55.32807299999968	17.27920153703917	54.535615000000234	21.06823672991551	53.950844999999845	25.7315027217327	53.96878300000026	30.951182015573572	53.94085100000029	38.6998921533321
54.309629000000086	8.42848715147524	54.00402000000008	9.751872178615208	54.026294000000235	10.935520809310006	53.982846000000336	12.528860089236668	54.89322399999992	14.48246378289404	55.364630000000034	17.283082734618567	54.57638300000008	21.07388561449357	54.00082900000007	25.73896190692897	54.000516999999945	30.957054332375883	53.977941999999985	38.70943201958717
54.3498239999999	8.430713122114494	54.03902600000015	9.754179764342311	54.06729300000006	10.938843256635764	54.03414500000008	12.53320010615712	54.933223	14.486181162076203	55.39930099999992	17.286763698627475	54.61599000000024	21.079373628904012	54.03494599999976	25.744053236581216	54.036515000000236	30.963715694330048	54.021160000000236	38.720547760327975
54.39256999999998	8.433080332660012	54.07562100000018	9.756592096452035	54.10606200000029	10.941984990833511	54.081114999999954	12.53717387942276	54.97321799999963	14.489898169511115	55.43429799999967	17.290479273529243	54.65630600000031	21.08495988358048	54.070944000000054	25.749425270606032	54.073287000000164	30.97052028352322	54.057158999999956	38.72980676238551
54.42957000000001	8.435129311151602	54.11561800000004	9.759228687383981	54.145280000000184	10.945163110768673	54.11711000000014	12.54021914169012	55.013218999999935	14.493615734566905	55.469972999999754	17.294266830594758	54.69630600000028	21.09050235275049	54.12329799999998	25.7572381343577	54.11815299999989	30.978822652139016	54.10219200000029	38.741389324113996
54.47360499999991	8.437567839942009	54.149230000000216	9.761444380872264	54.19158100000004	10.948915217737868	54.153812000000016	12.543324217832241	55.05321299999969	14.497332649065022	55.50964699999986	17.298478955024116	54.73592099999996	21.095991475654703	54.166311999999834	25.76365717629172	54.169124999999894	30.988254924529834	54.13834900000029	38.75068896403169
54.50960000000009	8.439561111083455	54.18490200000019	9.76379586892682	54.22607999999991	10.951710922762167	54.18981000000031	12.546369733906715	55.09321199999977	14.501050028247187	55.549645000000055	17.30272547800959	54.775760999999875	21.101511774948026	54.20228899999984	25.769026076455873	54.21120199999996	30.996041193959897	54.180475000000115	38.76152384057485
54.550412999999935	8.441821157166537	54.225897999999916	9.7664983134804	54.26550099999986	10.954905493264596	54.22684200000003	12.54950272883055	55.13321099999985	14.50476740742935	55.59042499999987	17.307055024670575	54.81575800000019	21.107053828432896	54.237963000000036	25.774349759488288	54.24120300000004	31.001592822383305	54.217657000000145	38.7710871121798
54.5889830000001	8.44395696825565	54.26685199999997	9.769197989341857	54.33392200000026	10.960450144804337	54.26154399999996	12.552438600234943	55.17220999999972	14.508391849808522	55.63009999999986	17.3112672552683	54.856322999999975	21.112674584979906	54.27096299999994	25.779274397601988	54.28276499999993	31.009283792035394	54.25765700000011	38.78137517802341
54.659533999999894	8.447863656532476	54.30547899999988	9.771744269976706	54.36974199999986	10.963352900071726	54.30154100000027	12.555822441182517	55.213206999999784	14.51220197992005	55.68697299999985	17.31730536971782	54.89589699999988	21.11815802685325	54.31167199999982	25.785349461025337	54.322385999999824	31.016615583301103	54.29865900000004	38.791920959916396
54.68330999999989	8.449180207988906	54.34447699999987	9.774315006767335	54.41597700000011	10.967099658580661	54.34253699999999	12.559290799896537	55.25320699999975	14.515919452039007	55.73876599999994	17.322804148781422	54.93562800000018	21.12366322291814	54.350844999999936	25.79119530492925	54.362384999999904	31.024017322753373	54.337241000000176	38.801844313825896
54.709307999999965	8.450619787158475	54.390776999999844	9.77736708919618	54.44197800000029	10.969206708823787	54.381446000000324	12.562582593466786	55.29320199999984	14.519636459473958	55.78046099999983	17.32723083951291	54.97562599999992	21.12920541496466	54.39082699999972	25.79716187708263	54.39738500000021	31.030494006691256	54.37824099999989	38.812389581315536
54.74930500000005	8.452834505498664	54.428772999999865	9.779871774320547	54.478286000000026	10.972149010282436	54.42244100000016	12.566050867578447	55.33219999999983	14.523260808916337	55.790461999999934	17.32829262951186	55.01529800000026	21.134702435887526	54.44004199999972	25.804506303287674	54.43204800000012	31.036908329415148	54.417241000000104	38.82242044551312
54.78944200000001	8.455056947923833	54.46584000000007	9.782315219988426	54.5099110000001	10.974711814172233	54.46143699999993	12.569350021554738	55.37319699999989	14.527070939027867	55.829867999999806	17.332476300814534	55.05658200000016	21.140422818317887	54.47965199999999	25.81041736133875	54.511793000000125	31.0516649911472	54.457226999999875	38.832704910533636
54.82943900000009	8.457271610595848	54.512433999999985	9.785386682606653	54.54490799999985	10.977547875760543	54.501046000000315	12.572701036783197	55.41339799999969	14.530807091444206	55.86986799999977	17.33672303613675	55.096242000000075	21.145918176499944	54.52434399999993	25.817086813659287	54.53751800000009	31.05642535384149	54.498227999999926	38.84325043522501
54.87370299999998	8.459722508019073	54.564377999999806	9.788810815543066	54.594652000000224	10.981578994074997	54.54304000000002	12.576253828661343	55.45319299999983	14.534505511518567	55.91648699999996	17.341672499986437	55.13624400000026	21.151460922793444	54.57214299999987	25.82421992811981	54.552516000000196	31.05920070543293	54.53722800000014	38.8532812994226
54.91111099999989	8.461793762610341	54.599816000000146	9.79114687784486	54.63030800000024	10.984468459228971	54.581036999999924	12.579468464871152	55.49257499999976	14.538165548693282	55.95111700000007	17.345349111091657	55.17545599999994	21.156894205320768	54.60813999999982	25.829591812913115	54.60151399999995	31.06826769284961	54.5779620000003	38.86375815127449
54.950280999999904	8.463962552369887	54.63603900000021	9.793534687065915	54.66730499999994	10.987466595371572	54.62671300000011	12.583332762671503	55.56408099999999	14.54481108772676	55.989772999999786	17.349453156107025	55.21616600000016	21.162535053318578	54.64527700000008	25.83513382156858	54.665355999999974	31.08008153444843	54.61696200000006	38.87378901547196
54.98967399999992	8.466143663139947	54.67163800000003	9.795881362351887	54.70589800000016	10.990594067008542	54.66070600000012	12.58620865099638	55.58608099999992	14.546855697392182	56.029933999999685	17.353716984538906	55.25528699999995	21.167955726728554	54.68008499999996	25.840328270158324	54.6893570000002	31.084522874196807	54.66191800000024	38.88535177267365
55.02942099999996	8.468344347695947	54.70632300000011	9.798167786993949	54.7465259999999	10.993886449504469	54.71037000000024	12.590410343043766	55.61307799999986	14.549364712262065	56.06958799999984	17.357926985600606	55.296088000000054	21.173609183843713	54.7150859999997	25.84555152041944	54.71635800000013	31.089519358282654	54.70149399999991	38.89553078501925
55.074182000000064	8.470822612299369	54.75134600000024	9.801135689389383	54.78516300000001	10.997017486781626	54.76834400000007	12.595315080776409	55.652508999999554	14.553029303340104	56.10974499999975	17.362190389358958	55.33583399999998	21.179116458334487	54.75047399999994	25.850832523254873	54.759951	31.097586160651247	54.769992999999886	38.91314884057479
55.10934199999997	8.472769278745094	54.787344000000076	9.803508666495887	54.82516100000021	11.000258815792986	54.81472500000018	12.599239023246806	55.69250899999997	14.556746775459102	56.14977299999964	17.36644009739589	55.40370699999994	21.188521058583895	54.795830000000024	25.857601065263545	54.794534999999996	31.103985864574266	54.7929979999999	38.91906576444311
55.14915799999994	8.474973704304858	54.825541999999814	9.80602666688068	54.866751999999906	11.003629237186804	54.8387230000003	12.601269310894871	55.733186999999816	14.560527258730463	56.189356999999745	17.370642666670776	55.43781399999989	21.19324698348343	54.87052700000004	25.868748207481126	54.83253500000001	31.11101769284962	54.81699200000003	38.92523706073944
55.18915199999992	8.477187958622086	54.86605399999985	9.808697205380769	54.905447000000095	11.00676497462604	54.86472499999991	12.6034691416901	55.772915999999896	14.564219544975824	56.23559299999988	17.375551468029744	55.52942600000006	21.20594090062354	54.89629999999988	25.872594349847912	54.87325899999996	31.11855359218344	54.861992999999984	38.936811392015144
55.229648	8.479429979325927	54.9057049999999	9.811310986976718	54.94523500000014	11.009989285809189	54.900722000000314	12.606514573162215	55.81272299999955	14.567919080291777	56.26972499999965	17.37917520728017	55.5624270000003	21.210513576250563	54.911294	25.87483192632905	54.91125800000009	31.1255852354107	54.89761899999985	38.94597445785874
55.26964300000009	8.481644236468656	54.9456389999998	9.813943423794623	54.985235999999986	11.013230857932353	54.94137099999989	12.609953574854227	55.852870999999595	14.57165030705758	56.31573399999979	17.384059908416187	55.57442399999991	21.21217590131633	54.95029599999998	25.88065225165363	54.951996000000236	31.13312372541813	54.93761900000027	38.95626252370246
55.309749999999894	8.483864668313135	54.98466200000007	9.816515807728848	55.029903000000104	11.01685054999071	54.98617599999989	12.613744183991283	55.8928649999998	14.57536722155574	56.362462999999934	17.389021050788003	55.59742499999993	21.215362959650818	54.99191599999995	25.886863264935222	54.991867000000184	31.14050177871198	55.01290800000015	38.975626978434946
55.34886400000005	8.486030100065225	55.031424000000015	9.819598344056695	55.06457899999987	11.019660598613056	55.02193699999998	12.61676964930432	55.932428999999956	14.579044173228617	56.398135999999795	17.392808395516727	55.62043900000026	21.218551819287832	55.03117299999985	25.892721644281572	55.03263900000002	31.148046560355173	55.03690899999992	38.9818000751427
55.38944399999991	8.4882766667297	55.067116999999826	9.821951215342253	55.147515999999996	11.02638158726785	55.06080199999997	12.620057720370308	55.9727399999997	14.582790548693279	56.43313599999965	17.396524288923658	55.655681000000186	21.223435011750063	55.07116799999994	25.89869015644395	55.07344899999998	31.15559837382667	55.057908000000225	38.987201052509036
55.429018999999926	8.490467569925524	55.10511599999995	9.824456097377308	55.17051700000002	11.02824552567952	55.10079900000028	12.62344156131788	56.01305999999977	14.586537760589195	56.46979199999987	17.400415997172964	55.695422000000235	21.22894159343221	55.11096399999997	25.904628971546177	55.11220400000002	31.16276991342697	55.098491000000195	38.99763906691232
55.48480500000005	8.493555884809142	55.14556000000016	9.827122152990137	55.18551500000012	11.029460922762187	55.14181600000029	12.626911696681672	56.05205999999998	14.590162295905198	56.50947599999972	17.404629183286122	55.7354220000002	21.23448406260222	55.18196799999987	25.91522500198938	55.1522030000001	31.170171652879244	55.137059000000136	39.00755881999873
55.521799999999985	8.495603902321635	55.191212999999834	9.830131584167894	55.225132999999914	11.032671457608199	55.18181400000003	12.630295622231564	56.0925229999998	14.593922797763918	56.55012499999975	17.40894482188895	55.77541700000029	21.240025838963604	55.20616799999971	25.91883640327275	55.19246199999998	31.17762150484073	55.17805700000008	39.01810357308513
55.55823600000008	8.497620953092566	55.23596999999995	9.833081951253106	55.26701200000025	11.036065217737885	55.226844000000256	12.634105266901635	56.158518999999615	14.600056255012973	56.590124999999716	17.413191557211167	55.81641600000012	21.245706731301112	55.23142000000007	25.92260479605	55.23225400000001	31.184984939333706	55.21761000000015	39.02827666979297
55.5892409999999	8.499337334342494	55.28004100000021	9.835987097382208	55.30578300000025	11.03920711401017	55.260577999999896	12.636959243212942	56.696816999999555	14.650083950180253	56.62967899999967	17.41739094143454	55.8554180000001	21.251110915865336	55.27675199999976	25.92936975650362	55.27325400000018	31.192571911946615	55.25660999999991	39.038307533990434
55.63324200000011	8.501773125361105	55.31706400000007	9.838427641578209	55.34543600000006	11.042420485160886	55.30055100000027	12.640341053703667	56.71964499999967	14.652205511518552	56.6702479999999	17.421698086566746	55.89541499999996	21.256652969350142	55.311111999999866	25.934497349400214	55.31168600000001	31.19968368100654	55.29660999999987	39.04859559983405
55.668601999999964	8.503730549534916	55.3536959999999	9.840842411142754	55.38545299999987	11.04566335388048	55.34157400000004	12.64381169668165	56.73397399999976	14.653537202968376	56.70984999999973	17.42590256687249	55.93541099999993	21.26219488427324	55.36874099999977	25.943097409092786	55.35168599999997	31.207085605506904	55.34223199999997	39.06032965333202
55.709603000000016	8.506000218714469	55.38929299999995	9.843188953807191	55.42544700000008	11.048904358742732	55.38135600000032	12.647177348119914	56.757976999999755	14.65576796505016	56.76087299999972	17.431319596281135	55.97541200000023	21.267737492005026	55.40573899999981	25.948618674575556	55.39230499999985	31.214602074788893	55.38222600000017	39.07061617596581
55.74959899999999	8.508214230046203	55.42529300000001	9.845562062065204	55.46664800000008	11.052243175598488	55.42135099999996	12.650561019862693	56.77197199999955	14.657068615607761	56.83475199999975	17.439163210252897	56.02041300000019	21.273972908383016	55.44122299999981	25.953914003630917	55.43212900000026	31.22197143082154	55.42022900000029	39.08039061012222
55.78926299999989	8.510409839359072	55.46599399999991	9.848245058667509	55.504991000000246	11.055350387916167	55.46034700000018	12.653860173839023	56.79697299999998	14.659392128618954	56.85975099999996	17.441817313660923	56.055409000000054	21.27882201465984	55.48023199999989	25.959735373575715	55.47186499999998	31.229324502620155	55.461933000000045	39.09111694757072
55.82926100000009	8.512623913361088	55.505644000000075	9.850858773650941	55.55000300000029	11.058998037835131	55.50628200000028	12.657746383652906	56.80997099999968	14.660600121183982	56.871750999999676	17.44309133425756	56.09940899999992	21.28491873074684	55.51123299999972	25.96436169800488	55.513034999999945	31.236942933412152	55.50193300000001	39.10140501341433
55.86906500000009	8.514827224822422	55.545667000000094	9.853497076629576	55.585611999999855	11.061883694237043	55.542013000000225	12.660769310894864	56.83394599999974	14.662828281035289	56.91752399999996	17.44795097965519	56.135591000000204	21.289932171234618	55.556759000000056	25.971155609361443	55.58075199999985	31.249473836446924	55.54093000000012	39.11143510600695
55.90891600000009	8.517033114327175	55.585288999999875	9.856108945778843	55.62537100000009	11.065105655339167	55.58605800000032	12.664495622231591	56.86488999999983	14.665704117466523	56.95988899999975	17.452448803203314	56.18037099999992	21.29613696547041	55.59376299999985	25.976677770232925	55.618401000000176	31.256440712834845	55.576598000000104	39.12060897431971
55.94891299999995	8.519247061826713	55.625707999999804	9.858773352862812	55.66504799999984	11.06832097138453	55.621054000000186	12.667456366732424	56.87289099999998	14.666447704827132	57.0026969999999	17.456993659345173	56.215153999999984	21.300956558098935	55.631804999999986	25.982354833357853	55.65685600000006	31.26355673800137	55.61660299999994	39.13089832617152
55.989737000000105	8.521506761874885	55.66468199999986	9.861342505986	55.709057999999914	11.071887421951796	55.66125800000009	12.670857720370318	56.90189099999998	14.669142872113376	57.04821300000003	17.46182601946834	56.25542500000029	21.306536577497617	55.67051999999967	25.988132329253936	55.69485200000008	31.270587826084274	55.657410000000255	39.141393953743616
56.029674000000114	8.523717340911638	55.71137199999998	9.864420295213316	55.74481400000013	11.0747849908335	55.738802000000305	12.677418126461706	56.93588899999986	14.672302537540876	57.11382000000003	17.468791408575463	56.3122900000003	21.314415890231444	55.71151800000007	25.994250520568727	55.73075199999994	31.27723105332333	55.71141200000011	39.155283357035756
56.06958099999997	8.525926236245834	55.74601800000005	9.866704147942386	55.79749700000002	11.079054277705453	55.76479999999992	12.679617618847463	57.005833999999595	14.678803002224866	57.13781999999992	17.471339449768784	56.39688699999988	21.32613779684078	55.75151800000003	26.000219778888376	55.76753400000007	31.28403749299767	55.750410999999986	39.16531396403161
56.108971999999994	8.528106547855527	55.78468799999996	9.869253261370073	55.83321100000012	11.081948443021505	55.78080200000022	12.680971425954086	57.029835999999705	14.681033671369857	57.15165200000001	17.47280797084322	56.41988700000002	21.329324716613556	55.7912510000001	26.006149192408756	55.80679999999984	31.291303592183414	55.78105800000003	39.17319642287936
56.15405200000009	8.530601721115199	55.825411999999915	9.871937773749087	55.87021000000004	11.084946741238678	55.821433999999954	12.68440898940584	57.05453899999975	14.683329489213728	57.18965299999991	17.4768424755677	56.43388700000014	21.33126458082308	55.83122999999978	26.012115316867742	55.84243100000003	31.29789704148027	55.817057000000204	39.18245542493702
56.18904300000008	8.532538449272797	55.876685999999836	9.8753177385216	55.90489200000002	11.087757276084705	55.86042600000019	12.687707804972696	57.09220499999992	14.686830046834562	57.23020799999995	17.481148134342522	56.469055000000026	21.33613751971734	55.87117399999988	26.018076218225765	55.87978999999996	31.304810253915488	55.86105499999985	39.19377178296162
56.23239100000001	8.534937707606176	55.915886999999884	9.877901855166941	55.94559500000014	11.09105573637645	55.94111900000007	12.694534623923616	57.13209799999959	14.69053757471557	57.26980999999978	17.48535261464827	56.50305400000025	21.340848479950154	55.91093499999988	26.024009810226957	55.91805199999999	31.31189056479632	55.89665500000001	39.20292816156248
56.27338800000007	8.53720681657075	55.94503400000008	9.879823215513335	55.98560399999997	11.09429795679783	55.96594300000015	12.69663479312836	57.17276199999969	14.694316756871714	57.32645400000001	17.491366416538092	56.53571800000009	21.345374460274368	55.98973699999988	26.03576954757959	55.95163300000013	31.31810466546252	55.93752200000017	39.2134392212333
56.31008500000007	8.539237908380933	55.98932099999979	9.882742599482558	56.025184999999965	11.097505493264604	55.98594099999991	12.69832667130093	57.21227799999997	14.697989247578061	57.36145299999998	17.495082203776647	56.575716000000284	21.35091665232095	56.01237199999969	26.039147401631197	55.9923389999999	31.32563723393028	55.977405999999974	39.22369745168593
56.3539310000001	8.54166465571056	56.02461100000005	9.885068904240967	56.06606099999999	11.100817973005288	56.0563030000003	12.704279463179134	57.25227399999994	14.701706347949806	57.395166999999674	17.49866156464295	56.61525800000027	21.35639566021897	56.031970999999885	26.042072188976398	56.03141400000004	31.33286798892661	56.01665200000025	39.23379158748847
56.38967600000001	8.543643016728508	56.06523399999992	9.887746758504342	56.10506200000009	11.103978507851323	56.080327000000125	12.706311950488764	57.292415999999776	14.70543701709477	57.42932199999996	17.502287745766242	56.660257999999885	21.36263093803518	56.07096799999999	26.047891768143707	56.07633900000019	31.34118127538111	56.09509200000002	39.25396648460775
56.43894900000009	8.546370076430936	56.10522999999989	9.890383281105716	56.144734999999855	11.107193499747577	56.104301000000305	12.708340207679981	57.33241399999997	14.709154303340142	57.47286499999973	17.506910635669605	56.69571399999995	21.367543782707493	56.12155499999972	26.055440939909072	56.113458000000264	31.348050076269356	56.120750000000044	39.26056576444314
56.47394299999996	8.548306831452086	56.14510200000018	9.89301162963401	56.1905569999999	11.110906789861033	56.14105900000004	12.711450021554747	57.39563399999997	14.715029768024158	57.516483999999764	17.511541594370108	56.735899000000245	21.37311188579746	56.1715549999999	26.062902512808666	56.152688000000126	31.355309513723068	56.137744999999995	39.26493690641844
56.50893999999994	8.550243735794687	56.184739000000036	9.895624487008227	56.22536600000012	11.113727616441277	56.18562599999996	12.715220495328005	57.4326259999998	14.718467686239755	57.551732999999786	17.515283923704434	56.779911000000084	21.379210264625208	56.208376000000044	26.06839736432339	56.192135000000235	31.362609106617242	56.177508000000216	39.275164015472
56.54951099999994	8.552489111619135	56.2257360000001	9.89832699507741	56.2671620000001	11.117114650476932	56.22062499999993	12.718181493635957	57.46662399999968	14.721627351667253	57.59449599999971	17.51982400226903	56.81537100000014	21.384123663544433	56.24695399999973	26.07415441550973	56.23182799999995	31.36995422134702	56.21710699999994	39.28534894345547
56.6005090000001	8.555311531521063	56.265533000000005	9.900950399526602	56.30530899999985	11.120205979488258	56.261271000000306	12.72162024152093	57.500880999999936	14.724811087726756	57.6315639999998	17.52375945189214	56.870140999999876	21.39171268945544	56.28295200000002	26.079526449534548	56.273791000000074	31.377719395292267	56.257688000000144	39.29578644345552
56.6335059999999	8.55713769021958	56.30552999999986	9.903586987872373	56.34530799999993	11.123447389536887	56.301234999999906	12.725001290590269	57.57444899999973	14.731648262447926	57.669398	17.527776226496684	56.91174200000023	21.397476995954033	56.31957999999986	26.08499249937783	56.31288600000016	31.384953851250835	56.298689000000195	39.30633196814689
56.669000000000096	8.559102024605995	56.345157999999856	9.906199251832989	56.4010659999999	11.127965866036075	56.34122800000023	12.728384793128367	57.597009999999955	14.733745009659843	57.70974399999977	17.53205969607942	56.94654700000001	21.402299636940562	56.3663889999998	26.091977874694937	56.3511910000002	31.392042119200504	56.337567000000035	39.31633145374356
56.708996999999954	8.561315547206885	56.39373099999989	9.909401167034027	56.44028900000012	11.131144391157648	56.38085500000034	12.731737331199444	57.61265999999978	14.73519947062637	57.7498599999999	17.536318746934086	56.991547999999966	21.408535053318552	56.41182899999967	26.098758952146042	56.39611700000023	31.400355590703104	56.377570000000105	39.326620291192135
56.7862869999999	8.565592887327089	56.440726999999924	9.912499126899371	56.47728700000016	11.134142608337553	56.42185100000006	12.735205689913464	57.65225199999986	14.738879024529723	57.7894739999997	17.54052450126043	57.027378000000226	21.41349972007763	56.45821699999988	26.105681501019376	56.43111399999998	31.406831719496545	56.41756699999996	39.33690758543078
56.81028399999991	8.566920900023021	56.47638200000006	9.914849491985539	56.515848000000005	11.137267486781624	56.46084500000006	12.738504674685036	57.6922499999996	14.742596310775053	57.82963699999982	17.5447885420291	57.06113899999991	21.418177702618806	56.49224099999992	26.11075895214608	56.478161	31.41553767804577	56.45817699999998	39.34735254427852
56.83328400000005	8.568193730927733	56.51416200000017	9.917339936297974	56.56051800000023	11.14088742195182	56.51774700000033	12.743318718678292	57.732556999999815	14.746342314492544	57.86991999999964	17.549065323003706	57.09513900000002	21.422888801413336	56.55458799999997	26.120063085857474	56.51232600000003	31.421859846809653	56.49817699999994	39.35764061012213
56.86878200000001	8.570158193618177	56.549162000000024	9.919647123962774	56.599467000000004	11.14404374285942	56.55474499999991	12.746448837121573	57.77255499999956	14.750059600737874	57.92528799999991	17.554943654036755	57.13543100000015	21.42847173060831	56.578704000000016	26.123661951698402	56.55632800000012	31.4300023338563	56.5371439999999	39.36766298666533
56.93782400000009	8.573978937950773	56.584814999999935	9.921997357132605	56.63846400000011	11.14720395355635	56.5899330000002	12.749425825277266	57.81255299999975	14.753776886983244	57.96228799999972	17.558871884209786	57.17560300000014	21.434038032395755	56.592675999999756	26.125747013629418	56.60032700000011	31.438144265758595	56.577154000000064	39.37795362452546
56.96282300000007	8.575362353091826	56.63030499999991	9.924996041832712	56.675318999999945	11.150190582405607	56.66492300000027	12.755770156918558	57.85294699999986	14.757530976202585	57.99803100000008	17.56266666072538	57.22032500000023	21.440234790051303	56.63661699999966	26.132304393125	56.675972999999885	31.45214241527743	56.62115300000005	39.389270239751795
56.98837200000003	8.576776196359907	56.66430299999979	9.927237177934018	56.715114000000085	11.153415460849704	56.68962600000032	12.757860089236665	57.891945999999734	14.761155418581756	58.032236999999895	17.566298256436156	57.29001999999991	21.449891849771365	56.67036199999984	26.137340208674946	56.69897200000014	31.456398336817074	56.657754000000295	39.398684077200414
57.02936999999997	8.579044946775063	56.7090639999999	9.930187807144236	56.746118000000024	11.155927940590379	56.70562700000028	12.759213811740892	57.93280499999992	14.764952723414487	58.06923599999982	17.570226380440822	57.31301900000017	21.45307863098243	56.71092899999985	26.143394081231282	56.7128459999999	31.458965694329983	56.71339799999987	39.412995805595365
57.06936700000006	8.581258283340063	56.7490650000002	9.932824658814406	56.78536600000007	11.159108491643867	56.75863900000013	12.763698752519222	57.97240499999998	14.768633020812263	58.12170799999967	17.575797247836494	57.34001799999987	21.45681965911042	56.75169599999981	26.14947780007921	56.752844000000096	31.466367248734166	56.74747699999989	39.42176098049249
57.10871300000008	8.583435575568025	56.78512100000012	9.935201457464363	56.82510400000001	11.162328750963148	56.80438499999991	12.767568972485362	58.01703299999963	14.772780604455352	58.15725900000007	17.579571640022543	57.375620000000254	21.461752733795244	56.79647100000011	26.156159638610816	56.79284400000006	31.47376917323453	56.79044699999986	39.432812935224995
57.148685000000114	8.585647489023456	56.82435099999998	9.937787485034155	56.88067200000023	11.1668318303797	56.84137899999996	12.770698752519207	58.05163699999957	14.775996589585459	58.189258999999765	17.58296902828029	57.415617999999995	21.467294925841763	56.83138299999973	26.161369607272157	56.831564999999955	31.48093442119898	56.82547100000011	39.44182116567773
57.18946600000004	8.587904149340002	56.86934899999983	9.940753737066562	56.928288000000066	11.170690501368341	56.88007400000015	12.773972441182506	58.09260499999982	14.77980402452972	58.23489900000004	17.58781455328297	57.45541000000003	21.472808574172102	56.87113999999974	26.16730260234752	56.87256500000012	31.48852139381189	56.8674460000002	39.45261720477241
57.22911500000009	8.590098149556798	56.90514499999995	9.943113396530999	56.96328500000027	11.173526562956688	56.91888000000017	12.777255520708735	58.132722999999714	14.78353246319142	58.269342999999935	17.591471417068924	57.495694000000185	21.478390394873244	56.91081200000008	26.173222912749	56.911563000000115	31.495737900103528	56.90914500000008	39.463342256212705
57.26911199999995	8.592311387018475	56.9537499999999	9.946317420638781	56.998859000000266	11.176409383053931	56.95871500000021	12.780625656072528	58.17214299999978	14.78719603196466	58.30934099999968	17.595717940054353	57.53568200000018	21.48393120130251	56.95082699999966	26.179194409540465	56.95192099999986	31.503206071828124	56.951145	39.47414472534848
57.308680000000095	8.594500866530137	56.98675100000014	9.948492834658541	57.060483000000204	11.181403224220864	56.99571300000025	12.783755774515848	58.21911599999976	14.791561552410755	58.35914199999979	17.601005231698913	57.575687000000016	21.489474363281147	56.991841999999906	26.185315137790013	56.991919999999936	31.510607811280398	56.98386699999992	39.48256087761184
57.34890799999994	8.596726847414276	57.025363999999854	9.951038189670516	57.0834789999999	11.183266757446123	57.034486000000015	12.787036062163882	58.25612899999987	14.79500142229924	58.40065299999969	17.60541238744792	57.615388000000166	21.494975402494138	57.0308399999999	26.191134866188758	57.03122799999983	31.517881682486895	57.02045399999997	39.491971114237366
57.393640000000005	8.599202030254693	57.07557800000018	9.954348278373608	57.109625999999935	11.1853856391317	57.072482000000036	12.79025061377133	58.29252099999985	14.798383578433068	58.4373529999998	17.60930876710607	57.65538599999991	21.50051759454066	57.07016500000009	26.197003393274297	57.072885999999926	31.525590416757822	57.058132000000114	39.5016619578588
57.428147999999965	8.6011114659218	57.16692900000021	9.960370103116244	57.145624000000225	11.18830281903448	57.109480000000076	12.793380732214649	58.33249499999965	14.802098634195133	58.471183999999994	17.612900549673242	57.69500300000027	21.50600699456842	57.12783899999977	26.205610168382442	57.11166099999991	31.532765657320365	57.09770600000002	39.51184045580116
57.473146999999926	8.603601380140214	57.1909290000001	9.961952174376755	57.18625299999985	11.191595282567675	57.15971500000023	12.797630732214662	58.37208099999998	14.805777630477689	58.540857999999844	17.620297725594234	57.735009999999875	21.511550433670486	57.1618669999998	26.210688216434974	57.15226299999995	31.54027898078447	57.13715600000023	39.52198706073949
57.509140000000116	8.605592951174673	57.207929999999806	9.96307287410018	57.22457399999985	11.194700712065242	57.20470900000009	12.801437331199422	58.412730999999894	14.809555511518575	58.5668569999998	17.623057997385292	57.77501100000018	21.517093041402273	57.198199999999815	26.216110242998177	57.19589300000007	31.548352629933273	57.17694500000016	39.53222085703577
57.552742999999964	8.608005579623873	57.292174999999816	9.968626273725167	57.264488000000256	11.19793523394534	57.259553000000324	12.806077263517547	58.452728999999636	14.813272797763904	58.58950199999981	17.625462180419586	57.82954000000018	21.524648673936568	57.24398599999995	26.22294295453379	57.23189400000001	31.555014547031707	57.216539999999895	39.542404756212655
57.58873799999992	8.609997227651023	57.32118299999979	9.970538470462099	57.30495199999996	11.201214326327811	57.28455000000031	12.808192068932097	58.49203299999999	14.816925585868026	58.62950099999989	17.629708809573433	57.8655389999999	21.529636757627813	57.28198500000008	26.22861360070602	57.30110599999989	31.567822096994675	57.26121499999999	39.553895239751775
57.633375000000115	8.612467027296088	57.33817299999987	9.97165844503398	57.34461400000009	11.204428426814047	57.32093500000019	12.811270326123289	58.53207399999974	14.820646868395883	58.673265999999785	17.634355268857846	57.917699000000084	21.53686413742554	57.31879799999979	26.234107258369015	57.335105999999996	31.57411373282001	57.29723800000011	39.56316041464893
57.66905799999995	8.614441378607408	57.361756000000014	9.973213027741503	57.38424900000018	11.207640339293796	57.358446000000185	12.814443845581833	58.572172999999566	14.824373541258321	58.722875999999815	17.639622282341236	57.99472999999989	21.547537685991397	57.36551099999997	26.24107830746619	57.3758600000001	31.58165518359723	57.36588400000028	39.5808162788465
57.709053999999924	8.61665435209013	57.38441100000023	9.974706437021318	57.42524800000001	11.21096278661955	57.40444100000013	12.818335131537836	58.61744899999985	14.828581347949797	58.75853599999982	17.643408246880995	58.01650800000016	21.55055528333105	57.428304000000026	26.250448998407848	57.41585500000019	31.589056182857057	57.389884000000166	39.58698911835265
57.74863499999992	8.618844345628503	57.425407999999834	9.97740894418464	57.47984499999984	11.215387178839958	57.442437000000155	12.821549683145282	58.65217399999983	14.831808578433066	58.81386199999997	17.649282118841942	58.030317000000196	21.55246868225027	57.454629999999725	26.254377665770882	57.45385299999998	31.596087641036142	57.42903500000011	39.59705881999872
57.789228000000094	8.621090313990692	57.465378999999984	9.980043817780459	57.53357499999993	11.2197413117411	57.476144000000204	12.824401375192664	58.691859999999906	14.835496868395898	58.846915999999965	17.652791408575457	58.07634099999996	21.55884584727726	57.47062199999982	26.2567641752471	57.49168899999995	31.603089121421036	57.47148900000002	39.60797805868182
57.82929100000001	8.623306939698441	57.50498399999992	9.982654564767165	57.57068299999992	11.222748443021487	57.52314100000012	12.828377432722267	58.73732699999982	14.839722426016708	58.91535699999986	17.66005767888015	58.12995000000001	21.566274003020652	57.511621000000105	26.262882515793326	57.528683999999885	31.609934976343304	57.50252099999989	39.615959540163274
57.86879399999998	8.625492563739385	57.54498699999999	9.985291547743126	57.60766300000023	11.225745201530428	57.56213800000023	12.831676671300958	58.77230099999997	14.842972797763935	58.938334999999825	17.662497215985994	58.15222500000027	21.569360465539738	57.5502120000001	26.26864150698867	57.566685000000234	31.616966989666835	57.53634000000011	39.624657842632466
57.92315200000007	8.62850005743206	57.58454700000016	9.98789932829946	57.64274299999988	11.228587989212734	57.600922999999966	12.834957974177414	58.816957	14.847122983637544	58.95036200000004	17.66377410312903	58.175068999999894	21.572525769682684	57.59021099999973	26.27461061607681	57.60340600000018	31.623762141406274	57.57633900000019	39.634945651274464
57.959742000000006	8.630524473116639	57.624532000000045	9.990535124675121	57.68030499999986	11.231631911416946	57.63791500000025	12.83808758500654	58.85761399999956	14.850901515236014	58.995040999999674	17.668517600315525	58.215067999999974	21.578068100290977	57.63082200000008	26.280671054817347	57.64840400000003	31.632088936372938	57.63033799999994	39.64883428296164
57.993758999999955	8.632406519092514	57.67072399999984	9.99358008416069	57.71608800000013	11.234531668305136	57.67791299999999	12.841471510556435	58.89260899999999	14.85415383865613	59.02963899999986	17.6721908140325	58.25541299999986	21.58365837325757	57.670714999999745	26.286624345370946	57.69404200000008	31.640534162131647	57.683194000000185	39.66242893316746
58.02875599999993	8.634342771873225	57.70621499999993	9.995919637679558	57.754085999999916	11.237610922762169	57.715697999999975	12.844668211064048	58.94482799999969	14.859006905570599	59.06963700000006	17.676437337017976	58.29527000000007	21.589181028100334	57.71071499999971	26.292593603690598	57.731757000000016	31.64751325169492	57.715168000000176	39.67065269859956
58.068579	8.636546012823501	57.75020900000004	9.998819705770913	57.7857469999999	11.240176643993934	57.74369800000022	12.847037077392326	58.97582199999988	14.861887388841993	59.109359999999924	17.68065466369808	58.33526900000015	21.594723358708627	57.75026499999967	26.298495707854148	57.76775600000019	31.654174798697174	57.76877300000024	39.68443999283826
58.10828700000002	8.63874287410383	57.7852220000002	10.001127749668498	57.87197900000001	11.247164650476925	57.78669799999989	12.85067497925355	59.012388999999985	14.86528580891635	59.14928499999996	17.684893436391576	58.400396999999884	21.60374760701121	57.79089299999987	26.30455868352945	57.81392300000016	31.662717914907383	57.79671099999996	39.69162569242667
58.14828699999998	8.640955873137418	57.82397999999989	10.00368266254909	57.895930000000135	11.249105574301895	57.82140800000025	12.85361152747693	59.051602	14.868930139771372	59.18928199999982	17.68913985320863	58.436373	21.60873250378274	57.83099099999981	26.31054256653198	57.85191900000018	31.669749002990287	57.83315399999992	39.700998892015136
58.20428100000004	8.64405371091245	57.875941999999895	10.007107978144631	57.91292999999996	11.250483208013389	57.86640299999999	12.85741821106405	59.09259899999961	14.87274026988286	59.228841999999986	17.693339874442323	58.47044099999994	21.613453024774834	57.87005999999974	26.31637289036423	57.88991799999985	31.676780646217466	57.8777970000001	39.7124811451016
58.25226199999997	8.646708207132809	57.91260500000021	10.009524789363192	57.96848099999988	11.254984909796203	57.900934000000234	12.860339615463392	59.13259799999969	14.876457649065024	59.26852699999972	17.697553166723857	58.505439000000024	21.618302408175147	57.9228049999997	26.324244103615978	57.92567199999985	31.683396856432122	57.90953900000022	39.72064523975183
58.30661800000007	8.649715363731165	57.99202900000023	10.014760389613363	58.01006899999993	11.258355088078215	57.94095900000002	12.86372582527725	59.17197199999964	14.880116942745317	59.319964999999684	17.70301425601146	58.538464000000204	21.62287840928367	57.958432999999786	26.329560922001306	57.96467399999983	31.690614102916204	57.942539000000124	39.7291328940728
58.33062599999994	8.651043557056028	58.01607900000022	10.016345756564395	58.04767700000002	11.261402737997185	57.980715000000146	12.86708927705391	59.226002999999764	14.885138411146816	59.372927999999774	17.708637252083243	58.580017000000225	21.62863606481921	58.00423899999987	26.33639661816607	58.00428000000011	31.697943118460294	57.97741500000029	39.738103058681894
58.34862599999997	8.652039366142844	58.049788000000035	10.018567841148535	58.08667400000013	11.264562948694115	58.020402000000104	12.870446891267104	59.272257999999965	14.889437202968395	59.405935999999656	17.712141658071126	58.61502599999994	21.6334869723985	58.07768899999974	26.347357668755514	58.04087299999992	31.704714584041312	58.01724100000001	39.74834637143903
58.41945899999996	8.65595800801321	58.085342999999966	10.020911613341603	58.12349399999994	11.26754674123867	58.076060000000325	12.875155689913486	59.30770999999959	14.892731998507394	59.440102000000024	17.71576900704664	58.66005600000017	21.639726407066675	58.10403099999985	26.351288723821938	58.081874999999854	31.712301926750406	58.057442000000265	39.75868613481357
58.44245799999999	8.657230353536237	58.12497099999996	10.023523876139905	58.159000000000106	11.270424050801083	58.11205700000028	12.878201121385562	59.34283899999991	14.895996775459096	59.47491799999989	17.719465365471088	58.695692000000236	21.64466419285025	58.136031	26.356064130477684	58.12087199999996	31.71951824799395	58.09795299999996	39.76910563069827
58.468456999999944	8.658668657807624	58.165631000000076	10.026204167968052	58.19599599999992	11.273422105906416	58.149663000000146	12.881382678069139	59.376148999999714	14.899092500366141	59.514918999999736	17.72371220696167	58.73466600000029	21.650064497686063	58.17202700000007	26.361435866039553	58.19323799999984	31.732909439703768	58.136923000000024	39.779128778846434
58.509105999999974	8.660917408455212	58.24123200000008	10.031187757251995	58.2411860000002	11.277084180460733	58.182286000000204	12.884142661148669	59.42014599999993	14.903181440886607	59.54959199999985	17.72739338330737	58.77768900000001	21.656025838963565	58.20851599999969	26.366881172710144	58.22024400000009	31.737906849030242	58.17657000000008	39.789326052509
58.54874599999994	8.663110323746006	58.26690900000017	10.032880375350203	58.27801700000009	11.280068864415345	58.22128500000008	12.887442068932078	59.46635799999967	14.907476236425616	59.593323000000055	17.732036232866793	58.81448300000011	21.661124079229616	58.28765799999974	26.3786916487585	58.23523800000021	31.74068146042923	58.21714199999997	39.799761237694156
58.588743999999906	8.665323027664382	58.302907000000005	10.035253349839234	58.313648000000285	11.282956303637402	58.260197999999946	12.890734200911762	59.50210199999992	14.910798169511143	59.62932699999965	17.73585871933028	58.87309300000015	21.669245182180987	58.29666599999973	26.380035925732088	58.274856999999884	31.74801288159867	58.25672399999985	39.80994179324968
58.628468999999996	8.667520613099486	58.328933000000006	10.036968973865685	58.359465999999884	11.286669269601713	58.300193000000036	12.894117872654578	59.536099999999806	14.913957834938639	59.66998799999965	17.7401756319537	58.90584200000012	21.673782940252202	58.32632999999987	26.384462727701962	58.31185400000004	31.754859106617204	58.327334000000064	39.82810280148019
58.67514200000005	8.670102541339261	58.34454699999992	10.037998242806296	58.40647200000012	11.290478507851326	58.34089100000028	12.89756101986272	59.57233999999971	14.917325864678409	59.70969799999966	17.744391578444837	58.94453900000008	21.679144863489	58.374330999999984	26.39162598691702	58.361852	31.764111142146433	58.35134500000004	39.83427847020447
58.70813999999996	8.671927961911669	58.38461399999983	10.040639444192125	58.44317200000023	11.293452575922649	58.380454999999984	12.900908227984523	59.61152799999991	14.920967872113371	59.74960800000008	17.74862875861263	58.976536000000124	21.683578423139828	58.41901800000005	26.398294693080288	58.393931000000066	31.77004730054763	58.37733900000012	39.84096416979296
58.75510600000007	8.674526061387102	58.44161000000008	10.044396598780576	58.48417000000018	11.296774942211137	58.42144899999994	12.904376417493825	59.651523	14.924684879548323	59.78870999999981	17.752780154726835	59.015264000000116	21.688944641790236	58.45311599999968	26.403383187334825	58.463898999999856	31.782994746883638	58.41686900000013	39.85113135086292
58.788103999999976	8.676351455792602	58.47724399999993	10.04674557845495	58.52211699999998	11.299850063767035	58.46646800000008	12.90818513153783	59.691747999999734	14.928423262447927	59.82937899999979	17.75709791669732	59.058903999999984	21.694991475654703	58.49111499999981	26.409053833507055	58.487290999999914	31.787323392331466	58.45787500000006	39.861678161562494
58.831100000000106	8.678729906842888	58.51392099999998	10.049163312276022	58.602350000000115	11.306351927624423	58.544458000000304	12.914783270285735	59.73144699999966	14.932112760589185	59.86896899999965	17.761301122982474	59.09490300000016	21.699979559346012	58.52874299999985	26.414669114808362	58.54129000000012	31.797315805358892	58.49688500000002	39.871711597776475
58.868347000000085	8.680790320318966	58.54991700000005	10.05153615482267	58.62735100000009	11.308377940590384	58.567454	12.916728786360158	59.77244799999971	14.935923262447925	59.90869399999974	17.765518661999366	59.13479499999994	21.70550706384924	58.56536099999994	26.4201336723371	58.569293000000016	31.802497707653473	58.536587000000054	39.88192301752957
58.90834399999994	8.683002842084905	58.5845310000002	10.053817896444507	58.64297799999986	11.309644310120348	58.58345499999996	12.918082508864385	59.81170099999963	14.939571310775055	59.94869699999981	17.769765715826743	59.174805000000106	21.711050918636573	58.60435800000005	26.425953251504403	58.59591	31.807423133264127	58.576594000000114	39.89221288378473
58.956717000000026	8.685678679994652	58.62418899999989	10.056432136598076	58.67898500000001	11.312562219358611	58.629449999999906	12.921973794820389	59.85169799999994	14.943288504083634	59.98852799999986	17.773994508692233	59.220430000000306	21.71737279753365	58.641987999999856	26.431568831268592	58.63190799999984	31.814084495218204	58.61661499999991	39.902506350862865
